Added Component: Designator=BAT1(CONN-TH_XH2.54-2P)
Add component. Clean all parameters for all variants
Add component (AddParameter): Name = "AddInBom"; Value = "yes"; VariantName = "[No Variations]"
Add component (AddParameter): Name = "Channel ID"; Value = ""; VariantName = "[No Variations]"
Add component (AddParameter): Name = "ConvertToPcb"; Value = "yes"; VariantName = "[No Variations]"
Add component (AddParameter): Name = "Datasheet"; Value = ""; VariantName = "[No Variations]"
Add component (AddParameter): Name = "Device"; Value = "XH2.54直插座-2P"; VariantName = "[No Variations]"
Add component (AddParameter): Name = "FootprintName"; Value = "CONN-TH_XH2.54-2P"; VariantName = "[No Variations]"
Add component (AddParameter): Name = "Group ID"; Value = ""; VariantName = "[No Variations]"
Add component (AddParameter): Name = "JLCPCB Part Class"; Value = "扩展库"; VariantName = "[No Variations]"
Add component (AddParameter): Name = "LCSC Part Name"; Value = "XH2.54直插座-2P"; VariantName = "[No Variations]"
Add component (AddParameter): Name = "Manufacturer"; Value = ""; VariantName = "[No Variations]"
Add component (AddParameter): Name = "ManufacturerPart"; Value = "XH2.54直插座-2P"; VariantName = "[No Variations]"
Add component (AddParameter): Name = "ModelId"; Value = "dc9654a6caad4c20aab3bc231ea458cf"; VariantName = "[No Variations]"
Add component (AddParameter): Name = "ModelName"; Value = "CONN-TH_XH2.54-2P"; VariantName = "[No Variations]"
Add component (AddParameter): Name = "ModelTransform"; Value = "296.889,230.315,0,0,0,0,0,26.653,-137.795"; VariantName = "[No Variations]"
Add component (AddParameter): Name = "Reuse Block"; Value = ""; VariantName = "[No Variations]"
Add component (AddParameter): Name = "Supplier"; Value = "LCSC"; VariantName = "[No Variations]"
Add component (AddParameter): Name = "Supplier Footprint"; Value = "XH2.54-2"; VariantName = "[No Variations]"
Add component (AddParameter): Name = "SupplierPart"; Value = "C9900016957"; VariantName = "[No Variations]"
Add component (AddParameter): Name = "Symbol"; Value = "XH2.54直插座-2P"; VariantName = "[No Variations]"
Added Component: Designator=BUZZER1(BUZ-TH_BD12.0-P7.60-D0.6-FD)
Add component. Clean all parameters for all variants
Add component (AddParameter): Name = "AddInBom"; Value = "yes"; VariantName = "[No Variations]"
Add component (AddParameter): Name = "Channel ID"; Value = ""; VariantName = "[No Variations]"
Add component (AddParameter): Name = "ConvertToPcb"; Value = "yes"; VariantName = "[No Variations]"
Add component (AddParameter): Name = "Current Consumption"; Value = "-"; VariantName = "[No Variations]"
Add component (AddParameter): Name = "Datasheet"; Value = "https://atta.szlcsc.com/upload/public/pdf/source/20241025/8A17FE04D767D19A35A06DEF9A82AB1E.pdf"; VariantName = "[No Variations]"
Add component (AddParameter): Name = "Device"; Value = "TMB12A05_C96093"; VariantName = "[No Variations]"
Add component (AddParameter): Name = "Diameter(φD)"; Value = "12mm"; VariantName = "[No Variations]"
Add component (AddParameter): Name = "Driver Circuitry"; Value = "有源(内含驱动线路)"; VariantName = "[No Variations]"
Add component (AddParameter): Name = "FootprintName"; Value = "BUZ-TH_BD12.0-P7.60-D0.6-FD"; VariantName = "[No Variations]"
Add component (AddParameter): Name = "Group ID"; Value = ""; VariantName = "[No Variations]"
Add component (AddParameter): Name = "Height"; Value = "9.8mm"; VariantName = "[No Variations]"
Add component (AddParameter): Name = "JLCPCB Part Class"; Value = "扩展库"; VariantName = "[No Variations]"
Add component (AddParameter): Name = "LCSC Part Name"; Value = "TMB12A05"; VariantName = "[No Variations]"
Add component (AddParameter): Name = "Length"; Value = "-"; VariantName = "[No Variations]"
Add component (AddParameter): Name = "Manufacturer"; Value = "华能"; VariantName = "[No Variations]"
Add component (AddParameter): Name = "ManufacturerPart"; Value = "TMB12A05"; VariantName = "[No Variations]"
Add component (AddParameter): Name = "ModelId"; Value = "16ab50e14c5b4f2c986c135bdba60e37"; VariantName = "[No Variations]"
Add component (AddParameter): Name = "ModelName"; Value = "BUZ-TH_D12.0-H9.5-P7.60"; VariantName = "[No Variations]"
Add component (AddParameter): Name = "ModelTransform"; Value = "472.44,472.176,0,90,0,0,-0.787,0,-177.165"; VariantName = "[No Variations]"
Add component (AddParameter): Name = "Operating Temperature"; Value = "-"; VariantName = "[No Variations]"
Add component (AddParameter): Name = "Reuse Block"; Value = ""; VariantName = "[No Variations]"
Add component (AddParameter): Name = "Sound Pressure Level(SPL)"; Value = "85dB"; VariantName = "[No Variations]"
Add component (AddParameter): Name = "Supplier"; Value = "LCSC"; VariantName = "[No Variations]"
Add component (AddParameter): Name = "Supplier Footprint"; Value = "插件,D=12mm"; VariantName = "[No Variations]"
Add component (AddParameter): Name = "SupplierPart"; Value = "C96093"; VariantName = "[No Variations]"
Add component (AddParameter): Name = "Symbol"; Value = "TMB12A05"; VariantName = "[No Variations]"
Add component (AddParameter): Name = "Technology"; Value = "电磁式"; VariantName = "[No Variations]"
Add component (AddParameter): Name = "Value"; Value = "2.4kHz"; VariantName = "[No Variations]"
Add component (AddParameter): Name = "Voltage - Supply"; Value = "4V~8V"; VariantName = "[No Variations]"
Add component (AddParameter): Name = "Voltage Rating"; Value = "-"; VariantName = "[No Variations]"
Add component (AddParameter): Name = "Width"; Value = "-"; VariantName = "[No Variations]"
Added Component: Designator=C1(C0805)
Add component. Clean all parameters for all variants
Add component (AddParameter): Name = "AddInBom"; Value = "yes"; VariantName = "[No Variations]"
Add component (AddParameter): Name = "Channel ID"; Value = ""; VariantName = "[No Variations]"
Add component (AddParameter): Name = "ConvertToPcb"; Value = "yes"; VariantName = "[No Variations]"
Add component (AddParameter): Name = "Device"; Value = "CAP_0603"; VariantName = "[No Variations]"
Add component (AddParameter): Name = "FootprintName"; Value = "C0805"; VariantName = "[No Variations]"
Add component (AddParameter): Name = "Group ID"; Value = ""; VariantName = "[No Variations]"
Add component (AddParameter): Name = "ModelId"; Value = "ac125912035d415993ca9572d50418b1"; VariantName = "[No Variations]"
Add component (AddParameter): Name = "ModelName"; Value = "C0603_L1.6-W0.8-H0.8"; VariantName = "[No Variations]"
Add component (AddParameter): Name = "ModelTransform"; Value = "62.992,31.496,0,0,0,0,0,0,0"; VariantName = "[No Variations]"
Add component (AddParameter): Name = "Reuse Block"; Value = ""; VariantName = "[No Variations]"
Add component (AddParameter): Name = "Supplier Footprint"; Value = "0603"; VariantName = "[No Variations]"
Add component (AddParameter): Name = "SymbolName"; Value = "CapAcitance"; VariantName = "[No Variations]"
Add component (AddParameter): Name = "Value"; Value = "10uF"; VariantName = "[No Variations]"
Added Component: Designator=C2(C0603)
Add component. Clean all parameters for all variants
Add component (AddParameter): Name = "AddInBom"; Value = "yes"; VariantName = "[No Variations]"
Add component (AddParameter): Name = "Channel ID"; Value = ""; VariantName = "[No Variations]"
Add component (AddParameter): Name = "ConvertToPcb"; Value = "yes"; VariantName = "[No Variations]"
Add component (AddParameter): Name = "Device"; Value = "CAP_0603"; VariantName = "[No Variations]"
Add component (AddParameter): Name = "FootprintName"; Value = "C0603"; VariantName = "[No Variations]"
Add component (AddParameter): Name = "Group ID"; Value = ""; VariantName = "[No Variations]"
Add component (AddParameter): Name = "ModelId"; Value = "ac125912035d415993ca9572d50418b1"; VariantName = "[No Variations]"
Add component (AddParameter): Name = "ModelName"; Value = "C0603_L1.6-W0.8-H0.8"; VariantName = "[No Variations]"
Add component (AddParameter): Name = "ModelTransform"; Value = "62.992,31.496,0,0,0,0,0,0,0"; VariantName = "[No Variations]"
Add component (AddParameter): Name = "Reuse Block"; Value = ""; VariantName = "[No Variations]"
Add component (AddParameter): Name = "Supplier Footprint"; Value = "0603"; VariantName = "[No Variations]"
Add component (AddParameter): Name = "SymbolName"; Value = "CapAcitance"; VariantName = "[No Variations]"
Add component (AddParameter): Name = "Value"; Value = "100nF"; VariantName = "[No Variations]"
Added Component: Designator=C3(C0805)
Add component. Clean all parameters for all variants
Add component (AddParameter): Name = "AddInBom"; Value = "yes"; VariantName = "[No Variations]"
Add component (AddParameter): Name = "Channel ID"; Value = ""; VariantName = "[No Variations]"
Add component (AddParameter): Name = "ConvertToPcb"; Value = "yes"; VariantName = "[No Variations]"
Add component (AddParameter): Name = "Device"; Value = "CAP_0603"; VariantName = "[No Variations]"
Add component (AddParameter): Name = "FootprintName"; Value = "C0805"; VariantName = "[No Variations]"
Add component (AddParameter): Name = "Group ID"; Value = ""; VariantName = "[No Variations]"
Add component (AddParameter): Name = "ModelId"; Value = "ac125912035d415993ca9572d50418b1"; VariantName = "[No Variations]"
Add component (AddParameter): Name = "ModelName"; Value = "C0603_L1.6-W0.8-H0.8"; VariantName = "[No Variations]"
Add component (AddParameter): Name = "ModelTransform"; Value = "62.992,31.496,0,0,0,0,0,0,0"; VariantName = "[No Variations]"
Add component (AddParameter): Name = "Reuse Block"; Value = ""; VariantName = "[No Variations]"
Add component (AddParameter): Name = "Supplier Footprint"; Value = "0603"; VariantName = "[No Variations]"
Add component (AddParameter): Name = "SymbolName"; Value = "CapAcitance"; VariantName = "[No Variations]"
Add component (AddParameter): Name = "Value"; Value = "10uF"; VariantName = "[No Variations]"
Added Component: Designator=C4(C0603)
Add component. Clean all parameters for all variants
Add component (AddParameter): Name = "AddInBom"; Value = "yes"; VariantName = "[No Variations]"
Add component (AddParameter): Name = "Channel ID"; Value = ""; VariantName = "[No Variations]"
Add component (AddParameter): Name = "ConvertToPcb"; Value = "yes"; VariantName = "[No Variations]"
Add component (AddParameter): Name = "Device"; Value = "CAP_0603"; VariantName = "[No Variations]"
Add component (AddParameter): Name = "FootprintName"; Value = "C0603"; VariantName = "[No Variations]"
Add component (AddParameter): Name = "Group ID"; Value = ""; VariantName = "[No Variations]"
Add component (AddParameter): Name = "ModelId"; Value = "ac125912035d415993ca9572d50418b1"; VariantName = "[No Variations]"
Add component (AddParameter): Name = "ModelName"; Value = "C0603_L1.6-W0.8-H0.8"; VariantName = "[No Variations]"
Add component (AddParameter): Name = "ModelTransform"; Value = "62.992,31.496,0,0,0,0,0,0,0"; VariantName = "[No Variations]"
Add component (AddParameter): Name = "Reuse Block"; Value = ""; VariantName = "[No Variations]"
Add component (AddParameter): Name = "Supplier Footprint"; Value = "0603"; VariantName = "[No Variations]"
Add component (AddParameter): Name = "SymbolName"; Value = "CapAcitance"; VariantName = "[No Variations]"
Add component (AddParameter): Name = "Value"; Value = "22pF_NC"; VariantName = "[No Variations]"
Added Component: Designator=C5(C0603)
Add component. Clean all parameters for all variants
Add component (AddParameter): Name = "AddInBom"; Value = "yes"; VariantName = "[No Variations]"
Add component (AddParameter): Name = "Channel ID"; Value = ""; VariantName = "[No Variations]"
Add component (AddParameter): Name = "ConvertToPcb"; Value = "yes"; VariantName = "[No Variations]"
Add component (AddParameter): Name = "Device"; Value = "CAP_0603"; VariantName = "[No Variations]"
Add component (AddParameter): Name = "FootprintName"; Value = "C0603"; VariantName = "[No Variations]"
Add component (AddParameter): Name = "Group ID"; Value = ""; VariantName = "[No Variations]"
Add component (AddParameter): Name = "ModelId"; Value = "ac125912035d415993ca9572d50418b1"; VariantName = "[No Variations]"
Add component (AddParameter): Name = "ModelName"; Value = "C0603_L1.6-W0.8-H0.8"; VariantName = "[No Variations]"
Add component (AddParameter): Name = "ModelTransform"; Value = "62.992,31.496,0,0,0,0,0,0,0"; VariantName = "[No Variations]"
Add component (AddParameter): Name = "Reuse Block"; Value = ""; VariantName = "[No Variations]"
Add component (AddParameter): Name = "Supplier Footprint"; Value = "0603"; VariantName = "[No Variations]"
Add component (AddParameter): Name = "SymbolName"; Value = "CapAcitance"; VariantName = "[No Variations]"
Add component (AddParameter): Name = "Value"; Value = "10nF"; VariantName = "[No Variations]"
Added Component: Designator=C6(C0603)
Add component. Clean all parameters for all variants
Add component (AddParameter): Name = "AddInBom"; Value = "yes"; VariantName = "[No Variations]"
Add component (AddParameter): Name = "Channel ID"; Value = ""; VariantName = "[No Variations]"
Add component (AddParameter): Name = "ConvertToPcb"; Value = "yes"; VariantName = "[No Variations]"
Add component (AddParameter): Name = "Device"; Value = "CAP_0603"; VariantName = "[No Variations]"
Add component (AddParameter): Name = "FootprintName"; Value = "C0603"; VariantName = "[No Variations]"
Add component (AddParameter): Name = "Group ID"; Value = ""; VariantName = "[No Variations]"
Add component (AddParameter): Name = "ModelId"; Value = "ac125912035d415993ca9572d50418b1"; VariantName = "[No Variations]"
Add component (AddParameter): Name = "ModelName"; Value = "C0603_L1.6-W0.8-H0.8"; VariantName = "[No Variations]"
Add component (AddParameter): Name = "ModelTransform"; Value = "62.992,31.496,0,0,0,0,0,0,0"; VariantName = "[No Variations]"
Add component (AddParameter): Name = "Reuse Block"; Value = ""; VariantName = "[No Variations]"
Add component (AddParameter): Name = "Supplier Footprint"; Value = "0603"; VariantName = "[No Variations]"
Add component (AddParameter): Name = "SymbolName"; Value = "CapAcitance"; VariantName = "[No Variations]"
Add component (AddParameter): Name = "Value"; Value = "22pF"; VariantName = "[No Variations]"
Added Component: Designator=C7(C0603)
Add component. Clean all parameters for all variants
Add component (AddParameter): Name = "AddInBom"; Value = "yes"; VariantName = "[No Variations]"
Add component (AddParameter): Name = "Channel ID"; Value = ""; VariantName = "[No Variations]"
Add component (AddParameter): Name = "ConvertToPcb"; Value = "yes"; VariantName = "[No Variations]"
Add component (AddParameter): Name = "Device"; Value = "CAP_0603"; VariantName = "[No Variations]"
Add component (AddParameter): Name = "FootprintName"; Value = "C0603"; VariantName = "[No Variations]"
Add component (AddParameter): Name = "Group ID"; Value = ""; VariantName = "[No Variations]"
Add component (AddParameter): Name = "ModelId"; Value = "ac125912035d415993ca9572d50418b1"; VariantName = "[No Variations]"
Add component (AddParameter): Name = "ModelName"; Value = "C0603_L1.6-W0.8-H0.8"; VariantName = "[No Variations]"
Add component (AddParameter): Name = "ModelTransform"; Value = "62.992,31.496,0,0,0,0,0,0,0"; VariantName = "[No Variations]"
Add component (AddParameter): Name = "Reuse Block"; Value = ""; VariantName = "[No Variations]"
Add component (AddParameter): Name = "Supplier Footprint"; Value = "0603"; VariantName = "[No Variations]"
Add component (AddParameter): Name = "SymbolName"; Value = "CapAcitance"; VariantName = "[No Variations]"
Add component (AddParameter): Name = "Value"; Value = "100nF"; VariantName = "[No Variations]"
Added Component: Designator=C8(C0603)
Add component. Clean all parameters for all variants
Add component (AddParameter): Name = "AddInBom"; Value = "yes"; VariantName = "[No Variations]"
Add component (AddParameter): Name = "Channel ID"; Value = ""; VariantName = "[No Variations]"
Add component (AddParameter): Name = "ConvertToPcb"; Value = "yes"; VariantName = "[No Variations]"
Add component (AddParameter): Name = "Device"; Value = "CAP_0603"; VariantName = "[No Variations]"
Add component (AddParameter): Name = "FootprintName"; Value = "C0603"; VariantName = "[No Variations]"
Add component (AddParameter): Name = "Group ID"; Value = ""; VariantName = "[No Variations]"
Add component (AddParameter): Name = "ModelId"; Value = "ac125912035d415993ca9572d50418b1"; VariantName = "[No Variations]"
Add component (AddParameter): Name = "ModelName"; Value = "C0603_L1.6-W0.8-H0.8"; VariantName = "[No Variations]"
Add component (AddParameter): Name = "ModelTransform"; Value = "62.992,31.496,0,0,0,0,0,0,0"; VariantName = "[No Variations]"
Add component (AddParameter): Name = "Reuse Block"; Value = ""; VariantName = "[No Variations]"
Add component (AddParameter): Name = "Supplier Footprint"; Value = "0603"; VariantName = "[No Variations]"
Add component (AddParameter): Name = "SymbolName"; Value = "CapAcitance"; VariantName = "[No Variations]"
Add component (AddParameter): Name = "Value"; Value = "100nF"; VariantName = "[No Variations]"
Added Component: Designator=C9(C0805)
Add component. Clean all parameters for all variants
Add component (AddParameter): Name = "AddInBom"; Value = "yes"; VariantName = "[No Variations]"
Add component (AddParameter): Name = "Channel ID"; Value = ""; VariantName = "[No Variations]"
Add component (AddParameter): Name = "ConvertToPcb"; Value = "yes"; VariantName = "[No Variations]"
Add component (AddParameter): Name = "Device"; Value = "CAP_0805"; VariantName = "[No Variations]"
Add component (AddParameter): Name = "FootprintName"; Value = "C0805"; VariantName = "[No Variations]"
Add component (AddParameter): Name = "Group ID"; Value = ""; VariantName = "[No Variations]"
Add component (AddParameter): Name = "ModelId"; Value = "1ba041120af144c991958decab20d241"; VariantName = "[No Variations]"
Add component (AddParameter): Name = "ModelName"; Value = "C0805_L2.0-W1.3-H1.3"; VariantName = "[No Variations]"
Add component (AddParameter): Name = "ModelTransform"; Value = "78.74,51.181,0,0,0,0,0,0.0005,0"; VariantName = "[No Variations]"
Add component (AddParameter): Name = "Reuse Block"; Value = ""; VariantName = "[No Variations]"
Add component (AddParameter): Name = "Supplier Footprint"; Value = "0805"; VariantName = "[No Variations]"
Add component (AddParameter): Name = "SymbolName"; Value = "CapAcitance"; VariantName = "[No Variations]"
Add component (AddParameter): Name = "Value"; Value = "22uF"; VariantName = "[No Variations]"
Added Component: Designator=C10(C0603)
Add component. Clean all parameters for all variants
Add component (AddParameter): Name = "AddInBom"; Value = "yes"; VariantName = "[No Variations]"
Add component (AddParameter): Name = "Channel ID"; Value = ""; VariantName = "[No Variations]"
Add component (AddParameter): Name = "ConvertToPcb"; Value = "yes"; VariantName = "[No Variations]"
Add component (AddParameter): Name = "Device"; Value = "CAP_0603"; VariantName = "[No Variations]"
Add component (AddParameter): Name = "FootprintName"; Value = "C0603"; VariantName = "[No Variations]"
Add component (AddParameter): Name = "Group ID"; Value = ""; VariantName = "[No Variations]"
Add component (AddParameter): Name = "ModelId"; Value = "ac125912035d415993ca9572d50418b1"; VariantName = "[No Variations]"
Add component (AddParameter): Name = "ModelName"; Value = "C0603_L1.6-W0.8-H0.8"; VariantName = "[No Variations]"
Add component (AddParameter): Name = "ModelTransform"; Value = "62.992,31.496,0,0,0,0,0,0,0"; VariantName = "[No Variations]"
Add component (AddParameter): Name = "Reuse Block"; Value = ""; VariantName = "[No Variations]"
Add component (AddParameter): Name = "Supplier Footprint"; Value = "0603"; VariantName = "[No Variations]"
Add component (AddParameter): Name = "SymbolName"; Value = "CapAcitance"; VariantName = "[No Variations]"
Add component (AddParameter): Name = "Value"; Value = "100nF"; VariantName = "[No Variations]"
Added Component: Designator=C11(C0603)
Add component. Clean all parameters for all variants
Add component (AddParameter): Name = "AddInBom"; Value = "yes"; VariantName = "[No Variations]"
Add component (AddParameter): Name = "Channel ID"; Value = ""; VariantName = "[No Variations]"
Add component (AddParameter): Name = "ConvertToPcb"; Value = "yes"; VariantName = "[No Variations]"
Add component (AddParameter): Name = "Device"; Value = "CAP_0603"; VariantName = "[No Variations]"
Add component (AddParameter): Name = "FootprintName"; Value = "C0603"; VariantName = "[No Variations]"
Add component (AddParameter): Name = "Group ID"; Value = ""; VariantName = "[No Variations]"
Add component (AddParameter): Name = "ModelId"; Value = "ac125912035d415993ca9572d50418b1"; VariantName = "[No Variations]"
Add component (AddParameter): Name = "ModelName"; Value = "C0603_L1.6-W0.8-H0.8"; VariantName = "[No Variations]"
Add component (AddParameter): Name = "ModelTransform"; Value = "62.992,31.496,0,0,0,0,0,0,0"; VariantName = "[No Variations]"
Add component (AddParameter): Name = "Reuse Block"; Value = ""; VariantName = "[No Variations]"
Add component (AddParameter): Name = "Supplier Footprint"; Value = "0603"; VariantName = "[No Variations]"
Add component (AddParameter): Name = "SymbolName"; Value = "CapAcitance"; VariantName = "[No Variations]"
Add component (AddParameter): Name = "Value"; Value = "100nF"; VariantName = "[No Variations]"
Added Component: Designator=C12(C0603)
Add component. Clean all parameters for all variants
Add component (AddParameter): Name = "AddInBom"; Value = "yes"; VariantName = "[No Variations]"
Add component (AddParameter): Name = "Channel ID"; Value = ""; VariantName = "[No Variations]"
Add component (AddParameter): Name = "ConvertToPcb"; Value = "yes"; VariantName = "[No Variations]"
Add component (AddParameter): Name = "Device"; Value = "CAP_0603"; VariantName = "[No Variations]"
Add component (AddParameter): Name = "FootprintName"; Value = "C0603"; VariantName = "[No Variations]"
Add component (AddParameter): Name = "Group ID"; Value = ""; VariantName = "[No Variations]"
Add component (AddParameter): Name = "ModelId"; Value = "ac125912035d415993ca9572d50418b1"; VariantName = "[No Variations]"
Add component (AddParameter): Name = "ModelName"; Value = "C0603_L1.6-W0.8-H0.8"; VariantName = "[No Variations]"
Add component (AddParameter): Name = "ModelTransform"; Value = "62.992,31.496,0,0,0,0,0,0,0"; VariantName = "[No Variations]"
Add component (AddParameter): Name = "Reuse Block"; Value = ""; VariantName = "[No Variations]"
Add component (AddParameter): Name = "Supplier Footprint"; Value = "0603"; VariantName = "[No Variations]"
Add component (AddParameter): Name = "SymbolName"; Value = "CapAcitance"; VariantName = "[No Variations]"
Add component (AddParameter): Name = "Value"; Value = "100nF"; VariantName = "[No Variations]"
Added Component: Designator=C13(C0603)
Add component. Clean all parameters for all variants
Add component (AddParameter): Name = "AddInBom"; Value = "yes"; VariantName = "[No Variations]"
Add component (AddParameter): Name = "Channel ID"; Value = ""; VariantName = "[No Variations]"
Add component (AddParameter): Name = "ConvertToPcb"; Value = "yes"; VariantName = "[No Variations]"
Add component (AddParameter): Name = "Device"; Value = "CAP_0603"; VariantName = "[No Variations]"
Add component (AddParameter): Name = "FootprintName"; Value = "C0603"; VariantName = "[No Variations]"
Add component (AddParameter): Name = "Group ID"; Value = ""; VariantName = "[No Variations]"
Add component (AddParameter): Name = "ModelId"; Value = "ac125912035d415993ca9572d50418b1"; VariantName = "[No Variations]"
Add component (AddParameter): Name = "ModelName"; Value = "C0603_L1.6-W0.8-H0.8"; VariantName = "[No Variations]"
Add component (AddParameter): Name = "ModelTransform"; Value = "62.992,31.496,0,0,0,0,0,0,0"; VariantName = "[No Variations]"
Add component (AddParameter): Name = "Reuse Block"; Value = ""; VariantName = "[No Variations]"
Add component (AddParameter): Name = "Supplier Footprint"; Value = "0603"; VariantName = "[No Variations]"
Add component (AddParameter): Name = "SymbolName"; Value = "CapAcitance"; VariantName = "[No Variations]"
Add component (AddParameter): Name = "Value"; Value = "22pF"; VariantName = "[No Variations]"
Added Component: Designator=C14(C0603)
Add component. Clean all parameters for all variants
Add component (AddParameter): Name = "AddInBom"; Value = "yes"; VariantName = "[No Variations]"
Add component (AddParameter): Name = "Channel ID"; Value = ""; VariantName = "[No Variations]"
Add component (AddParameter): Name = "ConvertToPcb"; Value = "yes"; VariantName = "[No Variations]"
Add component (AddParameter): Name = "Device"; Value = "CAP_0603"; VariantName = "[No Variations]"
Add component (AddParameter): Name = "FootprintName"; Value = "C0603"; VariantName = "[No Variations]"
Add component (AddParameter): Name = "Group ID"; Value = ""; VariantName = "[No Variations]"
Add component (AddParameter): Name = "ModelId"; Value = "ac125912035d415993ca9572d50418b1"; VariantName = "[No Variations]"
Add component (AddParameter): Name = "ModelName"; Value = "C0603_L1.6-W0.8-H0.8"; VariantName = "[No Variations]"
Add component (AddParameter): Name = "ModelTransform"; Value = "62.992,31.496,0,0,0,0,0,0,0"; VariantName = "[No Variations]"
Add component (AddParameter): Name = "Reuse Block"; Value = ""; VariantName = "[No Variations]"
Add component (AddParameter): Name = "Supplier Footprint"; Value = "0603"; VariantName = "[No Variations]"
Add component (AddParameter): Name = "SymbolName"; Value = "CapAcitance"; VariantName = "[No Variations]"
Add component (AddParameter): Name = "Value"; Value = "100nF"; VariantName = "[No Variations]"
Added Component: Designator=C15(C0603)
Add component. Clean all parameters for all variants
Add component (AddParameter): Name = "AddInBom"; Value = "yes"; VariantName = "[No Variations]"
Add component (AddParameter): Name = "Channel ID"; Value = ""; VariantName = "[No Variations]"
Add component (AddParameter): Name = "ConvertToPcb"; Value = "yes"; VariantName = "[No Variations]"
Add component (AddParameter): Name = "Device"; Value = "CAP_0603"; VariantName = "[No Variations]"
Add component (AddParameter): Name = "FootprintName"; Value = "C0603"; VariantName = "[No Variations]"
Add component (AddParameter): Name = "Group ID"; Value = ""; VariantName = "[No Variations]"
Add component (AddParameter): Name = "ModelId"; Value = "ac125912035d415993ca9572d50418b1"; VariantName = "[No Variations]"
Add component (AddParameter): Name = "ModelName"; Value = "C0603_L1.6-W0.8-H0.8"; VariantName = "[No Variations]"
Add component (AddParameter): Name = "ModelTransform"; Value = "62.992,31.496,0,0,0,0,0,0,0"; VariantName = "[No Variations]"
Add component (AddParameter): Name = "Reuse Block"; Value = ""; VariantName = "[No Variations]"
Add component (AddParameter): Name = "Supplier Footprint"; Value = "0603"; VariantName = "[No Variations]"
Add component (AddParameter): Name = "SymbolName"; Value = "CapAcitance"; VariantName = "[No Variations]"
Add component (AddParameter): Name = "Value"; Value = "22pF"; VariantName = "[No Variations]"
Added Component: Designator=C16(C0603)
Add component. Clean all parameters for all variants
Add component (AddParameter): Name = "AddInBom"; Value = "yes"; VariantName = "[No Variations]"
Add component (AddParameter): Name = "Channel ID"; Value = ""; VariantName = "[No Variations]"
Add component (AddParameter): Name = "ConvertToPcb"; Value = "yes"; VariantName = "[No Variations]"
Add component (AddParameter): Name = "Device"; Value = "CAP_0603"; VariantName = "[No Variations]"
Add component (AddParameter): Name = "FootprintName"; Value = "C0603"; VariantName = "[No Variations]"
Add component (AddParameter): Name = "Group ID"; Value = ""; VariantName = "[No Variations]"
Add component (AddParameter): Name = "ModelId"; Value = "ac125912035d415993ca9572d50418b1"; VariantName = "[No Variations]"
Add component (AddParameter): Name = "ModelName"; Value = "C0603_L1.6-W0.8-H0.8"; VariantName = "[No Variations]"
Add component (AddParameter): Name = "ModelTransform"; Value = "62.992,31.496,0,0,0,0,0,0,0"; VariantName = "[No Variations]"
Add component (AddParameter): Name = "Reuse Block"; Value = ""; VariantName = "[No Variations]"
Add component (AddParameter): Name = "Supplier Footprint"; Value = "0603"; VariantName = "[No Variations]"
Add component (AddParameter): Name = "SymbolName"; Value = "CapAcitance"; VariantName = "[No Variations]"
Add component (AddParameter): Name = "Value"; Value = "100nF"; VariantName = "[No Variations]"
Added Component: Designator=C17(C0603)
Add component. Clean all parameters for all variants
Add component (AddParameter): Name = "AddInBom"; Value = "yes"; VariantName = "[No Variations]"
Add component (AddParameter): Name = "Channel ID"; Value = ""; VariantName = "[No Variations]"
Add component (AddParameter): Name = "ConvertToPcb"; Value = "yes"; VariantName = "[No Variations]"
Add component (AddParameter): Name = "Device"; Value = "CAP_0603"; VariantName = "[No Variations]"
Add component (AddParameter): Name = "FootprintName"; Value = "C0603"; VariantName = "[No Variations]"
Add component (AddParameter): Name = "Group ID"; Value = ""; VariantName = "[No Variations]"
Add component (AddParameter): Name = "ModelId"; Value = "ac125912035d415993ca9572d50418b1"; VariantName = "[No Variations]"
Add component (AddParameter): Name = "ModelName"; Value = "C0603_L1.6-W0.8-H0.8"; VariantName = "[No Variations]"
Add component (AddParameter): Name = "ModelTransform"; Value = "62.992,31.496,0,0,0,0,0,0,0"; VariantName = "[No Variations]"
Add component (AddParameter): Name = "Reuse Block"; Value = ""; VariantName = "[No Variations]"
Add component (AddParameter): Name = "Supplier Footprint"; Value = "0603"; VariantName = "[No Variations]"
Add component (AddParameter): Name = "SymbolName"; Value = "CapAcitance"; VariantName = "[No Variations]"
Add component (AddParameter): Name = "Value"; Value = "100nF"; VariantName = "[No Variations]"
Added Component: Designator=C18(C0603)
Add component. Clean all parameters for all variants
Add component (AddParameter): Name = "AddInBom"; Value = "yes"; VariantName = "[No Variations]"
Add component (AddParameter): Name = "Channel ID"; Value = ""; VariantName = "[No Variations]"
Add component (AddParameter): Name = "ConvertToPcb"; Value = "yes"; VariantName = "[No Variations]"
Add component (AddParameter): Name = "Device"; Value = "CAP_0603"; VariantName = "[No Variations]"
Add component (AddParameter): Name = "FootprintName"; Value = "C0603"; VariantName = "[No Variations]"
Add component (AddParameter): Name = "Group ID"; Value = ""; VariantName = "[No Variations]"
Add component (AddParameter): Name = "ModelId"; Value = "ac125912035d415993ca9572d50418b1"; VariantName = "[No Variations]"
Add component (AddParameter): Name = "ModelName"; Value = "C0603_L1.6-W0.8-H0.8"; VariantName = "[No Variations]"
Add component (AddParameter): Name = "ModelTransform"; Value = "62.992,31.496,0,0,0,0,0,0,0"; VariantName = "[No Variations]"
Add component (AddParameter): Name = "Reuse Block"; Value = ""; VariantName = "[No Variations]"
Add component (AddParameter): Name = "Supplier Footprint"; Value = "0603"; VariantName = "[No Variations]"
Add component (AddParameter): Name = "SymbolName"; Value = "CapAcitance"; VariantName = "[No Variations]"
Add component (AddParameter): Name = "Value"; Value = "1uF"; VariantName = "[No Variations]"
Added Component: Designator=C19(C0603)
Add component. Clean all parameters for all variants
Add component (AddParameter): Name = "AddInBom"; Value = "yes"; VariantName = "[No Variations]"
Add component (AddParameter): Name = "Channel ID"; Value = ""; VariantName = "[No Variations]"
Add component (AddParameter): Name = "ConvertToPcb"; Value = "yes"; VariantName = "[No Variations]"
Add component (AddParameter): Name = "Device"; Value = "CAP_0603"; VariantName = "[No Variations]"
Add component (AddParameter): Name = "FootprintName"; Value = "C0603"; VariantName = "[No Variations]"
Add component (AddParameter): Name = "Group ID"; Value = ""; VariantName = "[No Variations]"
Add component (AddParameter): Name = "ModelId"; Value = "ac125912035d415993ca9572d50418b1"; VariantName = "[No Variations]"
Add component (AddParameter): Name = "ModelName"; Value = "C0603_L1.6-W0.8-H0.8"; VariantName = "[No Variations]"
Add component (AddParameter): Name = "ModelTransform"; Value = "62.992,31.496,0,0,0,0,0,0,0"; VariantName = "[No Variations]"
Add component (AddParameter): Name = "Reuse Block"; Value = ""; VariantName = "[No Variations]"
Add component (AddParameter): Name = "Supplier Footprint"; Value = "0603"; VariantName = "[No Variations]"
Add component (AddParameter): Name = "SymbolName"; Value = "CapAcitance"; VariantName = "[No Variations]"
Add component (AddParameter): Name = "Value"; Value = "10nF"; VariantName = "[No Variations]"
Added Component: Designator=C20(C0805)
Add component. Clean all parameters for all variants
Add component (AddParameter): Name = "AddInBom"; Value = "yes"; VariantName = "[No Variations]"
Add component (AddParameter): Name = "Channel ID"; Value = ""; VariantName = "[No Variations]"
Add component (AddParameter): Name = "ConvertToPcb"; Value = "yes"; VariantName = "[No Variations]"
Add component (AddParameter): Name = "Device"; Value = "CAP_0805"; VariantName = "[No Variations]"
Add component (AddParameter): Name = "FootprintName"; Value = "C0805"; VariantName = "[No Variations]"
Add component (AddParameter): Name = "Group ID"; Value = ""; VariantName = "[No Variations]"
Add component (AddParameter): Name = "ModelId"; Value = "1ba041120af144c991958decab20d241"; VariantName = "[No Variations]"
Add component (AddParameter): Name = "ModelName"; Value = "C0805_L2.0-W1.3-H1.3"; VariantName = "[No Variations]"
Add component (AddParameter): Name = "ModelTransform"; Value = "78.74,51.181,0,0,0,0,0,0.0005,0"; VariantName = "[No Variations]"
Add component (AddParameter): Name = "Reuse Block"; Value = ""; VariantName = "[No Variations]"
Add component (AddParameter): Name = "Supplier Footprint"; Value = "0805"; VariantName = "[No Variations]"
Add component (AddParameter): Name = "SymbolName"; Value = "CapAcitance"; VariantName = "[No Variations]"
Add component (AddParameter): Name = "Value"; Value = "22uF"; VariantName = "[No Variations]"
Added Component: Designator=C21(C0603)
Add component. Clean all parameters for all variants
Add component (AddParameter): Name = "AddInBom"; Value = "yes"; VariantName = "[No Variations]"
Add component (AddParameter): Name = "Channel ID"; Value = ""; VariantName = "[No Variations]"
Add component (AddParameter): Name = "ConvertToPcb"; Value = "yes"; VariantName = "[No Variations]"
Add component (AddParameter): Name = "Device"; Value = "CAP_0805"; VariantName = "[No Variations]"
Add component (AddParameter): Name = "FootprintName"; Value = "C0603"; VariantName = "[No Variations]"
Add component (AddParameter): Name = "Group ID"; Value = ""; VariantName = "[No Variations]"
Add component (AddParameter): Name = "ModelId"; Value = "1ba041120af144c991958decab20d241"; VariantName = "[No Variations]"
Add component (AddParameter): Name = "ModelName"; Value = "C0805_L2.0-W1.3-H1.3"; VariantName = "[No Variations]"
Add component (AddParameter): Name = "ModelTransform"; Value = "78.74,51.181,0,0,0,0,0,0.0005,0"; VariantName = "[No Variations]"
Add component (AddParameter): Name = "Reuse Block"; Value = ""; VariantName = "[No Variations]"
Add component (AddParameter): Name = "Supplier Footprint"; Value = "0805"; VariantName = "[No Variations]"
Add component (AddParameter): Name = "SymbolName"; Value = "CapAcitance"; VariantName = "[No Variations]"
Add component (AddParameter): Name = "Value"; Value = "100nF"; VariantName = "[No Variations]"
Added Component: Designator=C22(C0603)
Add component. Clean all parameters for all variants
Add component (AddParameter): Name = "AddInBom"; Value = "yes"; VariantName = "[No Variations]"
Add component (AddParameter): Name = "Channel ID"; Value = ""; VariantName = "[No Variations]"
Add component (AddParameter): Name = "ConvertToPcb"; Value = "yes"; VariantName = "[No Variations]"
Add component (AddParameter): Name = "Device"; Value = "CAP_0805"; VariantName = "[No Variations]"
Add component (AddParameter): Name = "FootprintName"; Value = "C0603"; VariantName = "[No Variations]"
Add component (AddParameter): Name = "Group ID"; Value = ""; VariantName = "[No Variations]"
Add component (AddParameter): Name = "ModelId"; Value = "1ba041120af144c991958decab20d241"; VariantName = "[No Variations]"
Add component (AddParameter): Name = "ModelName"; Value = "C0805_L2.0-W1.3-H1.3"; VariantName = "[No Variations]"
Add component (AddParameter): Name = "ModelTransform"; Value = "78.74,51.181,0,0,0,0,0,0.0005,0"; VariantName = "[No Variations]"
Add component (AddParameter): Name = "Reuse Block"; Value = ""; VariantName = "[No Variations]"
Add component (AddParameter): Name = "Supplier Footprint"; Value = "0805"; VariantName = "[No Variations]"
Add component (AddParameter): Name = "SymbolName"; Value = "CapAcitance"; VariantName = "[No Variations]"
Add component (AddParameter): Name = "Value"; Value = "100nF"; VariantName = "[No Variations]"
Added Component: Designator=C23(C0603)
Add component. Clean all parameters for all variants
Add component (AddParameter): Name = "AddInBom"; Value = "yes"; VariantName = "[No Variations]"
Add component (AddParameter): Name = "Channel ID"; Value = ""; VariantName = "[No Variations]"
Add component (AddParameter): Name = "ConvertToPcb"; Value = "yes"; VariantName = "[No Variations]"
Add component (AddParameter): Name = "Device"; Value = "CAP_0805"; VariantName = "[No Variations]"
Add component (AddParameter): Name = "FootprintName"; Value = "C0603"; VariantName = "[No Variations]"
Add component (AddParameter): Name = "Group ID"; Value = ""; VariantName = "[No Variations]"
Add component (AddParameter): Name = "ModelId"; Value = "1ba041120af144c991958decab20d241"; VariantName = "[No Variations]"
Add component (AddParameter): Name = "ModelName"; Value = "C0805_L2.0-W1.3-H1.3"; VariantName = "[No Variations]"
Add component (AddParameter): Name = "ModelTransform"; Value = "78.74,51.181,0,0,0,0,0,0.0005,0"; VariantName = "[No Variations]"
Add component (AddParameter): Name = "Reuse Block"; Value = ""; VariantName = "[No Variations]"
Add component (AddParameter): Name = "Supplier Footprint"; Value = "0805"; VariantName = "[No Variations]"
Add component (AddParameter): Name = "SymbolName"; Value = "CapAcitance"; VariantName = "[No Variations]"
Add component (AddParameter): Name = "Value"; Value = "100nF"; VariantName = "[No Variations]"
Added Component: Designator=C24(CAP-TH_BD8.0-P3.50-D0.6-FD-2)
Add component. Clean all parameters for all variants
Add component (AddParameter): Name = "AddInBom"; Value = "yes"; VariantName = "[No Variations]"
Add component (AddParameter): Name = "Channel ID"; Value = ""; VariantName = "[No Variations]"
Add component (AddParameter): Name = "ConvertToPcb"; Value = "yes"; VariantName = "[No Variations]"
Add component (AddParameter): Name = "Datasheet"; Value = "https://atta.szlcsc.com/upload/public/pdf/source/20220426/9FC8A158D93B909CC105160B4A0CB698.pdf"; VariantName = "[No Variations]"
Add component (AddParameter): Name = "Device"; Value = "KNH2220UF35V149EC0049"; VariantName = "[No Variations]"
Add component (AddParameter): Name = "Equivalent Series Resistance(ESR)"; Value = "40mΩ@100kHz"; VariantName = "[No Variations]"
Add component (AddParameter): Name = "FootprintName"; Value = "CAP-TH_BD8.0-P3.50-D0.6-FD-2"; VariantName = "[No Variations]"
Add component (AddParameter): Name = "Group ID"; Value = ""; VariantName = "[No Variations]"
Add component (AddParameter): Name = "JLCPCB Part Class"; Value = "扩展库"; VariantName = "[No Variations]"
Add component (AddParameter): Name = "L"; Value = "9mm"; VariantName = "[No Variations]"
Add component (AddParameter): Name = "LCSC Part Name"; Value = "220uF ±20% 35V"; VariantName = "[No Variations]"
Add component (AddParameter): Name = "Lead Spacing"; Value = "3.5mm"; VariantName = "[No Variations]"
Add component (AddParameter): Name = "Lifetime @ Temp"; Value = "2000hrs@105℃"; VariantName = "[No Variations]"
Add component (AddParameter): Name = "Manufacturer"; Value = "KNSCHA(科尼盛)"; VariantName = "[No Variations]"
Add component (AddParameter): Name = "ManufacturerPart"; Value = "KNH2220UF35V149EC0049"; VariantName = "[No Variations]"
Add component (AddParameter): Name = "ModelId"; Value = "fd7be3432f664311809e69e3b3557c13"; VariantName = "[No Variations]"
Add component (AddParameter): Name = "ModelName"; Value = "CAP-TH_BD8.0-P3.50-D0.6-FD-2"; VariantName = "[No Variations]"
Add component (AddParameter): Name = "ModelTransform"; Value = "314.96,315.3537,0,90,0,0,0,0,-196.85"; VariantName = "[No Variations]"
Add component (AddParameter): Name = "Operating Temperature"; Value = "-55℃~+105℃"; VariantName = "[No Variations]"
Add component (AddParameter): Name = "Rated Voltage"; Value = "35V"; VariantName = "[No Variations]"
Add component (AddParameter): Name = "Reuse Block"; Value = ""; VariantName = "[No Variations]"
Add component (AddParameter): Name = "Ripple Current"; Value = "1.7A@100kHz"; VariantName = "[No Variations]"
Add component (AddParameter): Name = "Supplier"; Value = "LCSC"; VariantName = "[No Variations]"
Add component (AddParameter): Name = "Supplier Footprint"; Value = "插件,D8xL9mm"; VariantName = "[No Variations]"
Add component (AddParameter): Name = "SupplierPart"; Value = "C2981462"; VariantName = "[No Variations]"
Add component (AddParameter): Name = "Symbol"; Value = "KNH2220UF35V149EC0049"; VariantName = "[No Variations]"
Add component (AddParameter): Name = "Tolerance"; Value = "±20%"; VariantName = "[No Variations]"
Add component (AddParameter): Name = "Value"; Value = "220uF"; VariantName = "[No Variations]"
Add component (AddParameter): Name = "φD"; Value = "8mm"; VariantName = "[No Variations]"
Added Component: Designator=C25(C0603)
Add component. Clean all parameters for all variants
Add component (AddParameter): Name = "AddInBom"; Value = "yes"; VariantName = "[No Variations]"
Add component (AddParameter): Name = "Channel ID"; Value = ""; VariantName = "[No Variations]"
Add component (AddParameter): Name = "ConvertToPcb"; Value = "yes"; VariantName = "[No Variations]"
Add component (AddParameter): Name = "Device"; Value = "CAP_0603"; VariantName = "[No Variations]"
Add component (AddParameter): Name = "FootprintName"; Value = "C0603"; VariantName = "[No Variations]"
Add component (AddParameter): Name = "Group ID"; Value = ""; VariantName = "[No Variations]"
Add component (AddParameter): Name = "ModelId"; Value = "ac125912035d415993ca9572d50418b1"; VariantName = "[No Variations]"
Add component (AddParameter): Name = "ModelName"; Value = "C0603_L1.6-W0.8-H0.8"; VariantName = "[No Variations]"
Add component (AddParameter): Name = "ModelTransform"; Value = "62.992,31.496,0,0,0,0,0,0,0"; VariantName = "[No Variations]"
Add component (AddParameter): Name = "Reuse Block"; Value = ""; VariantName = "[No Variations]"
Add component (AddParameter): Name = "Supplier Footprint"; Value = "0603"; VariantName = "[No Variations]"
Add component (AddParameter): Name = "SymbolName"; Value = "CapAcitance"; VariantName = "[No Variations]"
Add component (AddParameter): Name = "Value"; Value = "100nF"; VariantName = "[No Variations]"
Added Component: Designator=C26(C0805)
Add component. Clean all parameters for all variants
Add component (AddParameter): Name = "AddInBom"; Value = "yes"; VariantName = "[No Variations]"
Add component (AddParameter): Name = "Channel ID"; Value = ""; VariantName = "[No Variations]"
Add component (AddParameter): Name = "ConvertToPcb"; Value = "yes"; VariantName = "[No Variations]"
Add component (AddParameter): Name = "Device"; Value = "CAP_0805"; VariantName = "[No Variations]"
Add component (AddParameter): Name = "FootprintName"; Value = "C0805"; VariantName = "[No Variations]"
Add component (AddParameter): Name = "Group ID"; Value = ""; VariantName = "[No Variations]"
Add component (AddParameter): Name = "ModelId"; Value = "1ba041120af144c991958decab20d241"; VariantName = "[No Variations]"
Add component (AddParameter): Name = "ModelName"; Value = "C0805_L2.0-W1.3-H1.3"; VariantName = "[No Variations]"
Add component (AddParameter): Name = "ModelTransform"; Value = "78.74,51.181,0,0,0,0,0,0.0005,0"; VariantName = "[No Variations]"
Add component (AddParameter): Name = "Reuse Block"; Value = ""; VariantName = "[No Variations]"
Add component (AddParameter): Name = "Supplier Footprint"; Value = "0805"; VariantName = "[No Variations]"
Add component (AddParameter): Name = "SymbolName"; Value = "CapAcitance"; VariantName = "[No Variations]"
Add component (AddParameter): Name = "Value"; Value = "22uF"; VariantName = "[No Variations]"
Added Component: Designator=C27(C0603)
Add component. Clean all parameters for all variants
Add component (AddParameter): Name = "AddInBom"; Value = "yes"; VariantName = "[No Variations]"
Add component (AddParameter): Name = "BOM名称"; Value = "无极性贴片电容"; VariantName = "[No Variations]"
Add component (AddParameter): Name = "Channel ID"; Value = ""; VariantName = "[No Variations]"
Add component (AddParameter): Name = "ConvertToPcb"; Value = "yes"; VariantName = "[No Variations]"
Add component (AddParameter): Name = "Design Item ID"; Value = "C"; VariantName = "[No Variations]"
Add component (AddParameter): Name = "Device"; Value = "104"; VariantName = "[No Variations]"
Add component (AddParameter): Name = "Group ID"; Value = ""; VariantName = "[No Variations]"
Add component (AddParameter): Name = "Origin Footprint"; Value = "C0603_M"; VariantName = "[No Variations]"
Add component (AddParameter): Name = "Reuse Block"; Value = ""; VariantName = "[No Variations]"
Add component (AddParameter): Name = "Symbol"; Value = "C"; VariantName = "[No Variations]"
Add component (AddParameter): Name = "联系卖家，免费查找封装"; Value = "唯一出售店铺网址https://shop463601444.taobao.com"; VariantName = "[No Variations]"
Added Component: Designator=C28(C0603)
Add component. Clean all parameters for all variants
Add component (AddParameter): Name = "AddInBom"; Value = "yes"; VariantName = "[No Variations]"
Add component (AddParameter): Name = "BOM名称"; Value = "无极性贴片电容"; VariantName = "[No Variations]"
Add component (AddParameter): Name = "Channel ID"; Value = ""; VariantName = "[No Variations]"
Add component (AddParameter): Name = "ConvertToPcb"; Value = "yes"; VariantName = "[No Variations]"
Add component (AddParameter): Name = "Design Item ID"; Value = "C"; VariantName = "[No Variations]"
Add component (AddParameter): Name = "Device"; Value = "104"; VariantName = "[No Variations]"
Add component (AddParameter): Name = "Group ID"; Value = ""; VariantName = "[No Variations]"
Add component (AddParameter): Name = "Origin Footprint"; Value = "C0603_M"; VariantName = "[No Variations]"
Add component (AddParameter): Name = "Reuse Block"; Value = ""; VariantName = "[No Variations]"
Add component (AddParameter): Name = "Symbol"; Value = "C"; VariantName = "[No Variations]"
Add component (AddParameter): Name = "联系卖家，免费查找封装"; Value = "唯一出售店铺网址https://shop463601444.taobao.com"; VariantName = "[No Variations]"
Added Component: Designator=C29(C0603)
Add component. Clean all parameters for all variants
Add component (AddParameter): Name = "AddInBom"; Value = "yes"; VariantName = "[No Variations]"
Add component (AddParameter): Name = "BOM名称"; Value = "无极性贴片电容"; VariantName = "[No Variations]"
Add component (AddParameter): Name = "Channel ID"; Value = ""; VariantName = "[No Variations]"
Add component (AddParameter): Name = "ConvertToPcb"; Value = "yes"; VariantName = "[No Variations]"
Add component (AddParameter): Name = "Design Item ID"; Value = "C"; VariantName = "[No Variations]"
Add component (AddParameter): Name = "Device"; Value = "104"; VariantName = "[No Variations]"
Add component (AddParameter): Name = "Group ID"; Value = ""; VariantName = "[No Variations]"
Add component (AddParameter): Name = "Origin Footprint"; Value = "C0603_M"; VariantName = "[No Variations]"
Add component (AddParameter): Name = "Reuse Block"; Value = ""; VariantName = "[No Variations]"
Add component (AddParameter): Name = "Symbol"; Value = "C"; VariantName = "[No Variations]"
Add component (AddParameter): Name = "联系卖家，免费查找封装"; Value = "唯一出售店铺网址https://shop463601444.taobao.com"; VariantName = "[No Variations]"
Added Component: Designator=C30(C0603)
Add component. Clean all parameters for all variants
Add component (AddParameter): Name = "AddInBom"; Value = "yes"; VariantName = "[No Variations]"
Add component (AddParameter): Name = "BOM名称"; Value = "无极性贴片电容"; VariantName = "[No Variations]"
Add component (AddParameter): Name = "Channel ID"; Value = ""; VariantName = "[No Variations]"
Add component (AddParameter): Name = "ConvertToPcb"; Value = "yes"; VariantName = "[No Variations]"
Add component (AddParameter): Name = "Design Item ID"; Value = "C"; VariantName = "[No Variations]"
Add component (AddParameter): Name = "Device"; Value = "104"; VariantName = "[No Variations]"
Add component (AddParameter): Name = "Group ID"; Value = ""; VariantName = "[No Variations]"
Add component (AddParameter): Name = "Origin Footprint"; Value = "C0603_M"; VariantName = "[No Variations]"
Add component (AddParameter): Name = "Reuse Block"; Value = ""; VariantName = "[No Variations]"
Add component (AddParameter): Name = "Symbol"; Value = "C"; VariantName = "[No Variations]"
Add component (AddParameter): Name = "联系卖家，免费查找封装"; Value = "唯一出售店铺网址https://shop463601444.taobao.com"; VariantName = "[No Variations]"
Added Component: Designator=C31(C0603)
Add component. Clean all parameters for all variants
Add component (AddParameter): Name = "AddInBom"; Value = "yes"; VariantName = "[No Variations]"
Add component (AddParameter): Name = "BOM名称"; Value = "无极性贴片电容"; VariantName = "[No Variations]"
Add component (AddParameter): Name = "Channel ID"; Value = ""; VariantName = "[No Variations]"
Add component (AddParameter): Name = "ConvertToPcb"; Value = "yes"; VariantName = "[No Variations]"
Add component (AddParameter): Name = "Design Item ID"; Value = "C"; VariantName = "[No Variations]"
Add component (AddParameter): Name = "Device"; Value = "104"; VariantName = "[No Variations]"
Add component (AddParameter): Name = "Group ID"; Value = ""; VariantName = "[No Variations]"
Add component (AddParameter): Name = "Origin Footprint"; Value = "C0603_M"; VariantName = "[No Variations]"
Add component (AddParameter): Name = "Reuse Block"; Value = ""; VariantName = "[No Variations]"
Add component (AddParameter): Name = "Symbol"; Value = "C"; VariantName = "[No Variations]"
Add component (AddParameter): Name = "联系卖家，免费查找封装"; Value = "唯一出售店铺网址https://shop463601444.taobao.com"; VariantName = "[No Variations]"
Added Component: Designator=C32(C0603)
Add component. Clean all parameters for all variants
Add component (AddParameter): Name = "AddInBom"; Value = "yes"; VariantName = "[No Variations]"
Add component (AddParameter): Name = "BOM名称"; Value = "无极性贴片电容"; VariantName = "[No Variations]"
Add component (AddParameter): Name = "Channel ID"; Value = ""; VariantName = "[No Variations]"
Add component (AddParameter): Name = "ConvertToPcb"; Value = "yes"; VariantName = "[No Variations]"
Add component (AddParameter): Name = "Design Item ID"; Value = "C"; VariantName = "[No Variations]"
Add component (AddParameter): Name = "Device"; Value = "104"; VariantName = "[No Variations]"
Add component (AddParameter): Name = "Group ID"; Value = ""; VariantName = "[No Variations]"
Add component (AddParameter): Name = "Origin Footprint"; Value = "C0603_M"; VariantName = "[No Variations]"
Add component (AddParameter): Name = "Reuse Block"; Value = ""; VariantName = "[No Variations]"
Add component (AddParameter): Name = "Symbol"; Value = "C"; VariantName = "[No Variations]"
Add component (AddParameter): Name = "联系卖家，免费查找封装"; Value = "唯一出售店铺网址https://shop463601444.taobao.com"; VariantName = "[No Variations]"
Added Component: Designator=C33(C0603)
Add component. Clean all parameters for all variants
Add component (AddParameter): Name = "AddInBom"; Value = "yes"; VariantName = "[No Variations]"
Add component (AddParameter): Name = "BOM名称"; Value = "无极性贴片电容"; VariantName = "[No Variations]"
Add component (AddParameter): Name = "Channel ID"; Value = ""; VariantName = "[No Variations]"
Add component (AddParameter): Name = "ConvertToPcb"; Value = "yes"; VariantName = "[No Variations]"
Add component (AddParameter): Name = "Design Item ID"; Value = "C"; VariantName = "[No Variations]"
Add component (AddParameter): Name = "Device"; Value = "104"; VariantName = "[No Variations]"
Add component (AddParameter): Name = "Group ID"; Value = ""; VariantName = "[No Variations]"
Add component (AddParameter): Name = "Origin Footprint"; Value = "C0603_M"; VariantName = "[No Variations]"
Add component (AddParameter): Name = "Reuse Block"; Value = ""; VariantName = "[No Variations]"
Add component (AddParameter): Name = "Symbol"; Value = "C"; VariantName = "[No Variations]"
Add component (AddParameter): Name = "联系卖家，免费查找封装"; Value = "唯一出售店铺网址https://shop463601444.taobao.com"; VariantName = "[No Variations]"
Added Component: Designator=C34(C0603)
Add component. Clean all parameters for all variants
Add component (AddParameter): Name = "AddInBom"; Value = "yes"; VariantName = "[No Variations]"
Add component (AddParameter): Name = "BOM名称"; Value = "无极性贴片电容"; VariantName = "[No Variations]"
Add component (AddParameter): Name = "Channel ID"; Value = ""; VariantName = "[No Variations]"
Add component (AddParameter): Name = "ConvertToPcb"; Value = "yes"; VariantName = "[No Variations]"
Add component (AddParameter): Name = "Design Item ID"; Value = "C"; VariantName = "[No Variations]"
Add component (AddParameter): Name = "Device"; Value = "104"; VariantName = "[No Variations]"
Add component (AddParameter): Name = "Group ID"; Value = ""; VariantName = "[No Variations]"
Add component (AddParameter): Name = "Origin Footprint"; Value = "C0603_M"; VariantName = "[No Variations]"
Add component (AddParameter): Name = "Reuse Block"; Value = ""; VariantName = "[No Variations]"
Add component (AddParameter): Name = "Symbol"; Value = "C"; VariantName = "[No Variations]"
Add component (AddParameter): Name = "联系卖家，免费查找封装"; Value = "唯一出售店铺网址https://shop463601444.taobao.com"; VariantName = "[No Variations]"
Added Component: Designator=C35(C0603)
Add component. Clean all parameters for all variants
Add component (AddParameter): Name = "AddInBom"; Value = "yes"; VariantName = "[No Variations]"
Add component (AddParameter): Name = "BOM名称"; Value = "无极性贴片电容"; VariantName = "[No Variations]"
Add component (AddParameter): Name = "Channel ID"; Value = ""; VariantName = "[No Variations]"
Add component (AddParameter): Name = "ConvertToPcb"; Value = "yes"; VariantName = "[No Variations]"
Add component (AddParameter): Name = "Design Item ID"; Value = "C"; VariantName = "[No Variations]"
Add component (AddParameter): Name = "Device"; Value = "104"; VariantName = "[No Variations]"
Add component (AddParameter): Name = "Group ID"; Value = ""; VariantName = "[No Variations]"
Add component (AddParameter): Name = "Origin Footprint"; Value = "C0603_M"; VariantName = "[No Variations]"
Add component (AddParameter): Name = "Reuse Block"; Value = ""; VariantName = "[No Variations]"
Add component (AddParameter): Name = "Symbol"; Value = "C"; VariantName = "[No Variations]"
Add component (AddParameter): Name = "联系卖家，免费查找封装"; Value = "唯一出售店铺网址https://shop463601444.taobao.com"; VariantName = "[No Variations]"
Added Component: Designator=C36(C0603)
Add component. Clean all parameters for all variants
Add component (AddParameter): Name = "AddInBom"; Value = "yes"; VariantName = "[No Variations]"
Add component (AddParameter): Name = "BOM名称"; Value = "无极性贴片电容"; VariantName = "[No Variations]"
Add component (AddParameter): Name = "Channel ID"; Value = ""; VariantName = "[No Variations]"
Add component (AddParameter): Name = "ConvertToPcb"; Value = "yes"; VariantName = "[No Variations]"
Add component (AddParameter): Name = "Design Item ID"; Value = "C"; VariantName = "[No Variations]"
Add component (AddParameter): Name = "Device"; Value = "104"; VariantName = "[No Variations]"
Add component (AddParameter): Name = "Group ID"; Value = ""; VariantName = "[No Variations]"
Add component (AddParameter): Name = "Origin Footprint"; Value = "C0603_M"; VariantName = "[No Variations]"
Add component (AddParameter): Name = "Reuse Block"; Value = ""; VariantName = "[No Variations]"
Add component (AddParameter): Name = "Symbol"; Value = "C"; VariantName = "[No Variations]"
Add component (AddParameter): Name = "联系卖家，免费查找封装"; Value = "唯一出售店铺网址https://shop463601444.taobao.com"; VariantName = "[No Variations]"
Added Component: Designator=C37(C0603)
Add component. Clean all parameters for all variants
Add component (AddParameter): Name = "AddInBom"; Value = "yes"; VariantName = "[No Variations]"
Add component (AddParameter): Name = "BOM名称"; Value = "无极性贴片电容"; VariantName = "[No Variations]"
Add component (AddParameter): Name = "Channel ID"; Value = ""; VariantName = "[No Variations]"
Add component (AddParameter): Name = "ConvertToPcb"; Value = "yes"; VariantName = "[No Variations]"
Add component (AddParameter): Name = "Design Item ID"; Value = "C"; VariantName = "[No Variations]"
Add component (AddParameter): Name = "Device"; Value = "104"; VariantName = "[No Variations]"
Add component (AddParameter): Name = "Group ID"; Value = ""; VariantName = "[No Variations]"
Add component (AddParameter): Name = "Origin Footprint"; Value = "C0603_M"; VariantName = "[No Variations]"
Add component (AddParameter): Name = "Reuse Block"; Value = ""; VariantName = "[No Variations]"
Add component (AddParameter): Name = "Symbol"; Value = "C"; VariantName = "[No Variations]"
Add component (AddParameter): Name = "联系卖家，免费查找封装"; Value = "唯一出售店铺网址https://shop463601444.taobao.com"; VariantName = "[No Variations]"
Added Component: Designator=C38(C0603)
Add component. Clean all parameters for all variants
Add component (AddParameter): Name = "AddInBom"; Value = "yes"; VariantName = "[No Variations]"
Add component (AddParameter): Name = "BOM名称"; Value = "无极性贴片电容"; VariantName = "[No Variations]"
Add component (AddParameter): Name = "Channel ID"; Value = ""; VariantName = "[No Variations]"
Add component (AddParameter): Name = "ConvertToPcb"; Value = "yes"; VariantName = "[No Variations]"
Add component (AddParameter): Name = "Design Item ID"; Value = "C"; VariantName = "[No Variations]"
Add component (AddParameter): Name = "Device"; Value = "104"; VariantName = "[No Variations]"
Add component (AddParameter): Name = "Group ID"; Value = ""; VariantName = "[No Variations]"
Add component (AddParameter): Name = "Origin Footprint"; Value = "C0603_M"; VariantName = "[No Variations]"
Add component (AddParameter): Name = "Reuse Block"; Value = ""; VariantName = "[No Variations]"
Add component (AddParameter): Name = "Symbol"; Value = "C"; VariantName = "[No Variations]"
Add component (AddParameter): Name = "联系卖家，免费查找封装"; Value = "唯一出售店铺网址https://shop463601444.taobao.com"; VariantName = "[No Variations]"
Added Component: Designator=C39(C0603)
Add component. Clean all parameters for all variants
Add component (AddParameter): Name = "AddInBom"; Value = "yes"; VariantName = "[No Variations]"
Add component (AddParameter): Name = "BOM名称"; Value = "无极性贴片电容"; VariantName = "[No Variations]"
Add component (AddParameter): Name = "Channel ID"; Value = ""; VariantName = "[No Variations]"
Add component (AddParameter): Name = "ConvertToPcb"; Value = "yes"; VariantName = "[No Variations]"
Add component (AddParameter): Name = "Design Item ID"; Value = "C"; VariantName = "[No Variations]"
Add component (AddParameter): Name = "Device"; Value = "104"; VariantName = "[No Variations]"
Add component (AddParameter): Name = "Group ID"; Value = ""; VariantName = "[No Variations]"
Add component (AddParameter): Name = "Origin Footprint"; Value = "C0603_M"; VariantName = "[No Variations]"
Add component (AddParameter): Name = "Reuse Block"; Value = ""; VariantName = "[No Variations]"
Add component (AddParameter): Name = "Symbol"; Value = "C"; VariantName = "[No Variations]"
Add component (AddParameter): Name = "联系卖家，免费查找封装"; Value = "唯一出售店铺网址https://shop463601444.taobao.com"; VariantName = "[No Variations]"
Added Component: Designator=C40(C0603)
Add component. Clean all parameters for all variants
Add component (AddParameter): Name = "AddInBom"; Value = "yes"; VariantName = "[No Variations]"
Add component (AddParameter): Name = "Channel ID"; Value = ""; VariantName = "[No Variations]"
Add component (AddParameter): Name = "ConvertToPcb"; Value = "yes"; VariantName = "[No Variations]"
Add component (AddParameter): Name = "Device"; Value = "CAP_0603"; VariantName = "[No Variations]"
Add component (AddParameter): Name = "FootprintName"; Value = "C0603"; VariantName = "[No Variations]"
Add component (AddParameter): Name = "Group ID"; Value = ""; VariantName = "[No Variations]"
Add component (AddParameter): Name = "ModelId"; Value = "ac125912035d415993ca9572d50418b1"; VariantName = "[No Variations]"
Add component (AddParameter): Name = "ModelName"; Value = "C0603_L1.6-W0.8-H0.8"; VariantName = "[No Variations]"
Add component (AddParameter): Name = "ModelTransform"; Value = "62.992,31.496,0,0,0,0,0,0,0"; VariantName = "[No Variations]"
Add component (AddParameter): Name = "Reuse Block"; Value = ""; VariantName = "[No Variations]"
Add component (AddParameter): Name = "Supplier Footprint"; Value = "0603"; VariantName = "[No Variations]"
Add component (AddParameter): Name = "SymbolName"; Value = "CapAcitance"; VariantName = "[No Variations]"
Add component (AddParameter): Name = "Value"; Value = "100nF"; VariantName = "[No Variations]"
Added Component: Designator=C41(C0603)
Add component. Clean all parameters for all variants
Add component (AddParameter): Name = "AddInBom"; Value = "yes"; VariantName = "[No Variations]"
Add component (AddParameter): Name = "Channel ID"; Value = ""; VariantName = "[No Variations]"
Add component (AddParameter): Name = "ConvertToPcb"; Value = "yes"; VariantName = "[No Variations]"
Add component (AddParameter): Name = "Device"; Value = "CAP_0603"; VariantName = "[No Variations]"
Add component (AddParameter): Name = "FootprintName"; Value = "C0603"; VariantName = "[No Variations]"
Add component (AddParameter): Name = "Group ID"; Value = ""; VariantName = "[No Variations]"
Add component (AddParameter): Name = "ModelId"; Value = "ac125912035d415993ca9572d50418b1"; VariantName = "[No Variations]"
Add component (AddParameter): Name = "ModelName"; Value = "C0603_L1.6-W0.8-H0.8"; VariantName = "[No Variations]"
Add component (AddParameter): Name = "ModelTransform"; Value = "62.992,31.496,0,0,0,0,0,0,0"; VariantName = "[No Variations]"
Add component (AddParameter): Name = "Reuse Block"; Value = ""; VariantName = "[No Variations]"
Add component (AddParameter): Name = "Supplier Footprint"; Value = "0603"; VariantName = "[No Variations]"
Add component (AddParameter): Name = "SymbolName"; Value = "CapAcitance"; VariantName = "[No Variations]"
Add component (AddParameter): Name = "Value"; Value = "100nF"; VariantName = "[No Variations]"
Added Component: Designator=C42(C0805)
Add component. Clean all parameters for all variants
Add component (AddParameter): Name = "AddInBom"; Value = "yes"; VariantName = "[No Variations]"
Add component (AddParameter): Name = "Channel ID"; Value = ""; VariantName = "[No Variations]"
Add component (AddParameter): Name = "ConvertToPcb"; Value = "yes"; VariantName = "[No Variations]"
Add component (AddParameter): Name = "Device"; Value = "CAP_0805"; VariantName = "[No Variations]"
Add component (AddParameter): Name = "FootprintName"; Value = "C0805"; VariantName = "[No Variations]"
Add component (AddParameter): Name = "Group ID"; Value = ""; VariantName = "[No Variations]"
Add component (AddParameter): Name = "ModelId"; Value = "1ba041120af144c991958decab20d241"; VariantName = "[No Variations]"
Add component (AddParameter): Name = "ModelName"; Value = "C0805_L2.0-W1.3-H1.3"; VariantName = "[No Variations]"
Add component (AddParameter): Name = "ModelTransform"; Value = "78.74,51.181,0,0,0,0,0,0.0005,0"; VariantName = "[No Variations]"
Add component (AddParameter): Name = "Reuse Block"; Value = ""; VariantName = "[No Variations]"
Add component (AddParameter): Name = "Supplier Footprint"; Value = "0805"; VariantName = "[No Variations]"
Add component (AddParameter): Name = "SymbolName"; Value = "CapAcitance"; VariantName = "[No Variations]"
Add component (AddParameter): Name = "Value"; Value = "22uF"; VariantName = "[No Variations]"
Added Component: Designator=C43(C0805)
Add component. Clean all parameters for all variants
Add component (AddParameter): Name = "AddInBom"; Value = "yes"; VariantName = "[No Variations]"
Add component (AddParameter): Name = "Channel ID"; Value = ""; VariantName = "[No Variations]"
Add component (AddParameter): Name = "ConvertToPcb"; Value = "yes"; VariantName = "[No Variations]"
Add component (AddParameter): Name = "Device"; Value = "CAP_0805"; VariantName = "[No Variations]"
Add component (AddParameter): Name = "FootprintName"; Value = "C0805"; VariantName = "[No Variations]"
Add component (AddParameter): Name = "Group ID"; Value = ""; VariantName = "[No Variations]"
Add component (AddParameter): Name = "ModelId"; Value = "1ba041120af144c991958decab20d241"; VariantName = "[No Variations]"
Add component (AddParameter): Name = "ModelName"; Value = "C0805_L2.0-W1.3-H1.3"; VariantName = "[No Variations]"
Add component (AddParameter): Name = "ModelTransform"; Value = "78.74,51.181,0,0,0,0,0,0.0005,0"; VariantName = "[No Variations]"
Add component (AddParameter): Name = "Reuse Block"; Value = ""; VariantName = "[No Variations]"
Add component (AddParameter): Name = "Supplier Footprint"; Value = "0805"; VariantName = "[No Variations]"
Add component (AddParameter): Name = "SymbolName"; Value = "CapAcitance"; VariantName = "[No Variations]"
Add component (AddParameter): Name = "Value"; Value = "22uF"; VariantName = "[No Variations]"
Added Component: Designator=C44(C0603)
Add component. Clean all parameters for all variants
Add component (AddParameter): Name = "AddInBom"; Value = "yes"; VariantName = "[No Variations]"
Add component (AddParameter): Name = "Channel ID"; Value = ""; VariantName = "[No Variations]"
Add component (AddParameter): Name = "ConvertToPcb"; Value = "yes"; VariantName = "[No Variations]"
Add component (AddParameter): Name = "Device"; Value = "CAP_0603"; VariantName = "[No Variations]"
Add component (AddParameter): Name = "FootprintName"; Value = "C0603"; VariantName = "[No Variations]"
Add component (AddParameter): Name = "Group ID"; Value = ""; VariantName = "[No Variations]"
Add component (AddParameter): Name = "ModelId"; Value = "ac125912035d415993ca9572d50418b1"; VariantName = "[No Variations]"
Add component (AddParameter): Name = "ModelName"; Value = "C0603_L1.6-W0.8-H0.8"; VariantName = "[No Variations]"
Add component (AddParameter): Name = "ModelTransform"; Value = "62.992,31.496,0,0,0,0,0,0,0"; VariantName = "[No Variations]"
Add component (AddParameter): Name = "Reuse Block"; Value = ""; VariantName = "[No Variations]"
Add component (AddParameter): Name = "Supplier Footprint"; Value = "0603"; VariantName = "[No Variations]"
Add component (AddParameter): Name = "SymbolName"; Value = "CapAcitance"; VariantName = "[No Variations]"
Add component (AddParameter): Name = "Value"; Value = "100nF"; VariantName = "[No Variations]"
Added Component: Designator=C45(C0805)
Add component. Clean all parameters for all variants
Add component (AddParameter): Name = "AddInBom"; Value = "yes"; VariantName = "[No Variations]"
Add component (AddParameter): Name = "Channel ID"; Value = ""; VariantName = "[No Variations]"
Add component (AddParameter): Name = "ConvertToPcb"; Value = "yes"; VariantName = "[No Variations]"
Add component (AddParameter): Name = "Device"; Value = "CAP_0805"; VariantName = "[No Variations]"
Add component (AddParameter): Name = "FootprintName"; Value = "C0805"; VariantName = "[No Variations]"
Add component (AddParameter): Name = "Group ID"; Value = ""; VariantName = "[No Variations]"
Add component (AddParameter): Name = "ModelId"; Value = "1ba041120af144c991958decab20d241"; VariantName = "[No Variations]"
Add component (AddParameter): Name = "ModelName"; Value = "C0805_L2.0-W1.3-H1.3"; VariantName = "[No Variations]"
Add component (AddParameter): Name = "ModelTransform"; Value = "78.74,51.181,0,0,0,0,0,0.0005,0"; VariantName = "[No Variations]"
Add component (AddParameter): Name = "Reuse Block"; Value = ""; VariantName = "[No Variations]"
Add component (AddParameter): Name = "Supplier Footprint"; Value = "0805"; VariantName = "[No Variations]"
Add component (AddParameter): Name = "SymbolName"; Value = "CapAcitance"; VariantName = "[No Variations]"
Add component (AddParameter): Name = "Value"; Value = "22uF"; VariantName = "[No Variations]"
Added Component: Designator=C46(C0603)
Add component. Clean all parameters for all variants
Add component (AddParameter): Name = "AddInBom"; Value = "yes"; VariantName = "[No Variations]"
Add component (AddParameter): Name = "Channel ID"; Value = ""; VariantName = "[No Variations]"
Add component (AddParameter): Name = "ConvertToPcb"; Value = "yes"; VariantName = "[No Variations]"
Add component (AddParameter): Name = "Device"; Value = "CAP_0603"; VariantName = "[No Variations]"
Add component (AddParameter): Name = "FootprintName"; Value = "C0603"; VariantName = "[No Variations]"
Add component (AddParameter): Name = "Group ID"; Value = ""; VariantName = "[No Variations]"
Add component (AddParameter): Name = "ModelId"; Value = "ac125912035d415993ca9572d50418b1"; VariantName = "[No Variations]"
Add component (AddParameter): Name = "ModelName"; Value = "C0603_L1.6-W0.8-H0.8"; VariantName = "[No Variations]"
Add component (AddParameter): Name = "ModelTransform"; Value = "62.992,31.496,0,0,0,0,0,0,0"; VariantName = "[No Variations]"
Add component (AddParameter): Name = "Reuse Block"; Value = ""; VariantName = "[No Variations]"
Add component (AddParameter): Name = "Supplier Footprint"; Value = "0603"; VariantName = "[No Variations]"
Add component (AddParameter): Name = "SymbolName"; Value = "CapAcitance"; VariantName = "[No Variations]"
Add component (AddParameter): Name = "Value"; Value = "100nF"; VariantName = "[No Variations]"
Added Component: Designator=C47(C0603)
Add component. Clean all parameters for all variants
Add component (AddParameter): Name = "AddInBom"; Value = "yes"; VariantName = "[No Variations]"
Add component (AddParameter): Name = "Channel ID"; Value = ""; VariantName = "[No Variations]"
Add component (AddParameter): Name = "ConvertToPcb"; Value = "yes"; VariantName = "[No Variations]"
Add component (AddParameter): Name = "Device"; Value = "CAP_0603"; VariantName = "[No Variations]"
Add component (AddParameter): Name = "FootprintName"; Value = "C0603"; VariantName = "[No Variations]"
Add component (AddParameter): Name = "Group ID"; Value = ""; VariantName = "[No Variations]"
Add component (AddParameter): Name = "ModelId"; Value = "ac125912035d415993ca9572d50418b1"; VariantName = "[No Variations]"
Add component (AddParameter): Name = "ModelName"; Value = "C0603_L1.6-W0.8-H0.8"; VariantName = "[No Variations]"
Add component (AddParameter): Name = "ModelTransform"; Value = "62.992,31.496,0,0,0,0,0,0,0"; VariantName = "[No Variations]"
Add component (AddParameter): Name = "Reuse Block"; Value = ""; VariantName = "[No Variations]"
Add component (AddParameter): Name = "Supplier Footprint"; Value = "0603"; VariantName = "[No Variations]"
Add component (AddParameter): Name = "SymbolName"; Value = "CapAcitance"; VariantName = "[No Variations]"
Add component (AddParameter): Name = "Value"; Value = "100nF"; VariantName = "[No Variations]"
Added Component: Designator=C48(C0603)
Add component. Clean all parameters for all variants
Add component (AddParameter): Name = "AddInBom"; Value = "yes"; VariantName = "[No Variations]"
Add component (AddParameter): Name = "Channel ID"; Value = ""; VariantName = "[No Variations]"
Add component (AddParameter): Name = "ConvertToPcb"; Value = "yes"; VariantName = "[No Variations]"
Add component (AddParameter): Name = "Device"; Value = "CAP_0603"; VariantName = "[No Variations]"
Add component (AddParameter): Name = "FootprintName"; Value = "C0603"; VariantName = "[No Variations]"
Add component (AddParameter): Name = "Group ID"; Value = ""; VariantName = "[No Variations]"
Add component (AddParameter): Name = "ModelId"; Value = "ac125912035d415993ca9572d50418b1"; VariantName = "[No Variations]"
Add component (AddParameter): Name = "ModelName"; Value = "C0603_L1.6-W0.8-H0.8"; VariantName = "[No Variations]"
Add component (AddParameter): Name = "ModelTransform"; Value = "62.992,31.496,0,0,0,0,0,0,0"; VariantName = "[No Variations]"
Add component (AddParameter): Name = "Reuse Block"; Value = ""; VariantName = "[No Variations]"
Add component (AddParameter): Name = "Supplier Footprint"; Value = "0603"; VariantName = "[No Variations]"
Add component (AddParameter): Name = "SymbolName"; Value = "CapAcitance"; VariantName = "[No Variations]"
Add component (AddParameter): Name = "Value"; Value = "100nF"; VariantName = "[No Variations]"
Added Component: Designator=C49(C0603)
Add component. Clean all parameters for all variants
Add component (AddParameter): Name = "AddInBom"; Value = "yes"; VariantName = "[No Variations]"
Add component (AddParameter): Name = "Channel ID"; Value = ""; VariantName = "[No Variations]"
Add component (AddParameter): Name = "ConvertToPcb"; Value = "yes"; VariantName = "[No Variations]"
Add component (AddParameter): Name = "Device"; Value = "CAP_0402"; VariantName = "[No Variations]"
Add component (AddParameter): Name = "FootprintName"; Value = "C0603"; VariantName = "[No Variations]"
Add component (AddParameter): Name = "Group ID"; Value = ""; VariantName = "[No Variations]"
Add component (AddParameter): Name = "ModelId"; Value = "36a51122f27c49738f86b3bfa98863e0"; VariantName = "[No Variations]"
Add component (AddParameter): Name = "ModelName"; Value = "C0402_L1.0-W0.5-H0.5"; VariantName = "[No Variations]"
Add component (AddParameter): Name = "ModelTransform"; Value = "39.37,19.685,0,0,0,0,0,0,0"; VariantName = "[No Variations]"
Add component (AddParameter): Name = "Reuse Block"; Value = ""; VariantName = "[No Variations]"
Add component (AddParameter): Name = "Supplier Footprint"; Value = "0402"; VariantName = "[No Variations]"
Add component (AddParameter): Name = "SymbolName"; Value = "CapAcitance"; VariantName = "[No Variations]"
Add component (AddParameter): Name = "Value"; Value = "100nF"; VariantName = "[No Variations]"
Added Component: Designator=C50(C0603)
Add component. Clean all parameters for all variants
Add component (AddParameter): Name = "AddInBom"; Value = "yes"; VariantName = "[No Variations]"
Add component (AddParameter): Name = "Channel ID"; Value = ""; VariantName = "[No Variations]"
Add component (AddParameter): Name = "ConvertToPcb"; Value = "yes"; VariantName = "[No Variations]"
Add component (AddParameter): Name = "Device"; Value = "CAP_0402"; VariantName = "[No Variations]"
Add component (AddParameter): Name = "FootprintName"; Value = "C0603"; VariantName = "[No Variations]"
Add component (AddParameter): Name = "Group ID"; Value = ""; VariantName = "[No Variations]"
Add component (AddParameter): Name = "ModelId"; Value = "36a51122f27c49738f86b3bfa98863e0"; VariantName = "[No Variations]"
Add component (AddParameter): Name = "ModelName"; Value = "C0402_L1.0-W0.5-H0.5"; VariantName = "[No Variations]"
Add component (AddParameter): Name = "ModelTransform"; Value = "39.37,19.685,0,0,0,0,0,0,0"; VariantName = "[No Variations]"
Add component (AddParameter): Name = "Reuse Block"; Value = ""; VariantName = "[No Variations]"
Add component (AddParameter): Name = "Supplier Footprint"; Value = "0402"; VariantName = "[No Variations]"
Add component (AddParameter): Name = "SymbolName"; Value = "CapAcitance"; VariantName = "[No Variations]"
Add component (AddParameter): Name = "Value"; Value = "100pF_NC"; VariantName = "[No Variations]"
Added Component: Designator=C51(C0603)
Add component. Clean all parameters for all variants
Add component (AddParameter): Name = "AddInBom"; Value = "yes"; VariantName = "[No Variations]"
Add component (AddParameter): Name = "Channel ID"; Value = ""; VariantName = "[No Variations]"
Add component (AddParameter): Name = "ConvertToPcb"; Value = "yes"; VariantName = "[No Variations]"
Add component (AddParameter): Name = "Device"; Value = "CAP_0402"; VariantName = "[No Variations]"
Add component (AddParameter): Name = "FootprintName"; Value = "C0603"; VariantName = "[No Variations]"
Add component (AddParameter): Name = "Group ID"; Value = ""; VariantName = "[No Variations]"
Add component (AddParameter): Name = "ModelId"; Value = "36a51122f27c49738f86b3bfa98863e0"; VariantName = "[No Variations]"
Add component (AddParameter): Name = "ModelName"; Value = "C0402_L1.0-W0.5-H0.5"; VariantName = "[No Variations]"
Add component (AddParameter): Name = "ModelTransform"; Value = "39.37,19.685,0,0,0,0,0,0,0"; VariantName = "[No Variations]"
Add component (AddParameter): Name = "Reuse Block"; Value = ""; VariantName = "[No Variations]"
Add component (AddParameter): Name = "Supplier Footprint"; Value = "0402"; VariantName = "[No Variations]"
Add component (AddParameter): Name = "SymbolName"; Value = "CapAcitance"; VariantName = "[No Variations]"
Add component (AddParameter): Name = "Value"; Value = "1uF"; VariantName = "[No Variations]"
Added Component: Designator=C52(C0603)
Add component. Clean all parameters for all variants
Add component (AddParameter): Name = "AddInBom"; Value = "yes"; VariantName = "[No Variations]"
Add component (AddParameter): Name = "Channel ID"; Value = ""; VariantName = "[No Variations]"
Add component (AddParameter): Name = "ConvertToPcb"; Value = "yes"; VariantName = "[No Variations]"
Add component (AddParameter): Name = "Device"; Value = "CAP_0402"; VariantName = "[No Variations]"
Add component (AddParameter): Name = "FootprintName"; Value = "C0603"; VariantName = "[No Variations]"
Add component (AddParameter): Name = "Group ID"; Value = ""; VariantName = "[No Variations]"
Add component (AddParameter): Name = "ModelId"; Value = "36a51122f27c49738f86b3bfa98863e0"; VariantName = "[No Variations]"
Add component (AddParameter): Name = "ModelName"; Value = "C0402_L1.0-W0.5-H0.5"; VariantName = "[No Variations]"
Add component (AddParameter): Name = "ModelTransform"; Value = "39.37,19.685,0,0,0,0,0,0,0"; VariantName = "[No Variations]"
Add component (AddParameter): Name = "Reuse Block"; Value = ""; VariantName = "[No Variations]"
Add component (AddParameter): Name = "Supplier Footprint"; Value = "0402"; VariantName = "[No Variations]"
Add component (AddParameter): Name = "SymbolName"; Value = "CapAcitance"; VariantName = "[No Variations]"
Add component (AddParameter): Name = "Value"; Value = "100nF"; VariantName = "[No Variations]"
Added Component: Designator=C53(C0603)
Add component. Clean all parameters for all variants
Add component (AddParameter): Name = "AddInBom"; Value = "yes"; VariantName = "[No Variations]"
Add component (AddParameter): Name = "Channel ID"; Value = ""; VariantName = "[No Variations]"
Add component (AddParameter): Name = "ConvertToPcb"; Value = "yes"; VariantName = "[No Variations]"
Add component (AddParameter): Name = "Device"; Value = "CAP_0603"; VariantName = "[No Variations]"
Add component (AddParameter): Name = "FootprintName"; Value = "C0603"; VariantName = "[No Variations]"
Add component (AddParameter): Name = "Group ID"; Value = ""; VariantName = "[No Variations]"
Add component (AddParameter): Name = "ModelId"; Value = "ac125912035d415993ca9572d50418b1"; VariantName = "[No Variations]"
Add component (AddParameter): Name = "ModelName"; Value = "C0603_L1.6-W0.8-H0.8"; VariantName = "[No Variations]"
Add component (AddParameter): Name = "ModelTransform"; Value = "62.992,31.496,0,0,0,0,0,0,0"; VariantName = "[No Variations]"
Add component (AddParameter): Name = "Reuse Block"; Value = ""; VariantName = "[No Variations]"
Add component (AddParameter): Name = "Supplier Footprint"; Value = "0603"; VariantName = "[No Variations]"
Add component (AddParameter): Name = "SymbolName"; Value = "CapAcitance"; VariantName = "[No Variations]"
Add component (AddParameter): Name = "Value"; Value = "4.7nF"; VariantName = "[No Variations]"
Added Component: Designator=C54(C0603)
Add component. Clean all parameters for all variants
Add component (AddParameter): Name = "AddInBom"; Value = "yes"; VariantName = "[No Variations]"
Add component (AddParameter): Name = "Channel ID"; Value = ""; VariantName = "[No Variations]"
Add component (AddParameter): Name = "ConvertToPcb"; Value = "yes"; VariantName = "[No Variations]"
Add component (AddParameter): Name = "Device"; Value = "CAP_0603"; VariantName = "[No Variations]"
Add component (AddParameter): Name = "FootprintName"; Value = "C0603"; VariantName = "[No Variations]"
Add component (AddParameter): Name = "Group ID"; Value = ""; VariantName = "[No Variations]"
Add component (AddParameter): Name = "ModelId"; Value = "ac125912035d415993ca9572d50418b1"; VariantName = "[No Variations]"
Add component (AddParameter): Name = "ModelName"; Value = "C0603_L1.6-W0.8-H0.8"; VariantName = "[No Variations]"
Add component (AddParameter): Name = "ModelTransform"; Value = "62.992,31.496,0,0,0,0,0,0,0"; VariantName = "[No Variations]"
Add component (AddParameter): Name = "Reuse Block"; Value = ""; VariantName = "[No Variations]"
Add component (AddParameter): Name = "Supplier Footprint"; Value = "0603"; VariantName = "[No Variations]"
Add component (AddParameter): Name = "SymbolName"; Value = "CapAcitance"; VariantName = "[No Variations]"
Add component (AddParameter): Name = "Value"; Value = "470nF"; VariantName = "[No Variations]"
Added Component: Designator=C55(C0603)
Add component. Clean all parameters for all variants
Add component (AddParameter): Name = "AddInBom"; Value = "yes"; VariantName = "[No Variations]"
Add component (AddParameter): Name = "Channel ID"; Value = ""; VariantName = "[No Variations]"
Add component (AddParameter): Name = "ConvertToPcb"; Value = "yes"; VariantName = "[No Variations]"
Add component (AddParameter): Name = "Device"; Value = "CAP_0603"; VariantName = "[No Variations]"
Add component (AddParameter): Name = "FootprintName"; Value = "C0603"; VariantName = "[No Variations]"
Add component (AddParameter): Name = "Group ID"; Value = ""; VariantName = "[No Variations]"
Add component (AddParameter): Name = "ModelId"; Value = "ac125912035d415993ca9572d50418b1"; VariantName = "[No Variations]"
Add component (AddParameter): Name = "ModelName"; Value = "C0603_L1.6-W0.8-H0.8"; VariantName = "[No Variations]"
Add component (AddParameter): Name = "ModelTransform"; Value = "62.992,31.496,0,0,0,0,0,0,0"; VariantName = "[No Variations]"
Add component (AddParameter): Name = "Reuse Block"; Value = ""; VariantName = "[No Variations]"
Add component (AddParameter): Name = "Supplier Footprint"; Value = "0603"; VariantName = "[No Variations]"
Add component (AddParameter): Name = "SymbolName"; Value = "CapAcitance"; VariantName = "[No Variations]"
Add component (AddParameter): Name = "Value"; Value = "100nF"; VariantName = "[No Variations]"
Added Component: Designator=C56(C0603)
Add component. Clean all parameters for all variants
Add component (AddParameter): Name = "AddInBom"; Value = "yes"; VariantName = "[No Variations]"
Add component (AddParameter): Name = "Channel ID"; Value = ""; VariantName = "[No Variations]"
Add component (AddParameter): Name = "ConvertToPcb"; Value = "yes"; VariantName = "[No Variations]"
Add component (AddParameter): Name = "Device"; Value = "CAP_0603"; VariantName = "[No Variations]"
Add component (AddParameter): Name = "FootprintName"; Value = "C0603"; VariantName = "[No Variations]"
Add component (AddParameter): Name = "Group ID"; Value = ""; VariantName = "[No Variations]"
Add component (AddParameter): Name = "ModelId"; Value = "ac125912035d415993ca9572d50418b1"; VariantName = "[No Variations]"
Add component (AddParameter): Name = "ModelName"; Value = "C0603_L1.6-W0.8-H0.8"; VariantName = "[No Variations]"
Add component (AddParameter): Name = "ModelTransform"; Value = "62.992,31.496,0,0,0,0,0,0,0"; VariantName = "[No Variations]"
Add component (AddParameter): Name = "Reuse Block"; Value = ""; VariantName = "[No Variations]"
Add component (AddParameter): Name = "Supplier Footprint"; Value = "0603"; VariantName = "[No Variations]"
Add component (AddParameter): Name = "SymbolName"; Value = "CapAcitance"; VariantName = "[No Variations]"
Add component (AddParameter): Name = "Value"; Value = "470nF_NC"; VariantName = "[No Variations]"
Added Component: Designator=C57(C0603)
Add component. Clean all parameters for all variants
Add component (AddParameter): Name = "AddInBom"; Value = "yes"; VariantName = "[No Variations]"
Add component (AddParameter): Name = "Channel ID"; Value = ""; VariantName = "[No Variations]"
Add component (AddParameter): Name = "ConvertToPcb"; Value = "yes"; VariantName = "[No Variations]"
Add component (AddParameter): Name = "Device"; Value = "CAP_0603"; VariantName = "[No Variations]"
Add component (AddParameter): Name = "FootprintName"; Value = "C0603"; VariantName = "[No Variations]"
Add component (AddParameter): Name = "Group ID"; Value = ""; VariantName = "[No Variations]"
Add component (AddParameter): Name = "ModelId"; Value = "ac125912035d415993ca9572d50418b1"; VariantName = "[No Variations]"
Add component (AddParameter): Name = "ModelName"; Value = "C0603_L1.6-W0.8-H0.8"; VariantName = "[No Variations]"
Add component (AddParameter): Name = "ModelTransform"; Value = "62.992,31.496,0,0,0,0,0,0,0"; VariantName = "[No Variations]"
Add component (AddParameter): Name = "Reuse Block"; Value = ""; VariantName = "[No Variations]"
Add component (AddParameter): Name = "Supplier Footprint"; Value = "0603"; VariantName = "[No Variations]"
Add component (AddParameter): Name = "SymbolName"; Value = "CapAcitance"; VariantName = "[No Variations]"
Add component (AddParameter): Name = "Value"; Value = "470nF_NC"; VariantName = "[No Variations]"
Added Component: Designator=C58(C0603)
Add component. Clean all parameters for all variants
Add component (AddParameter): Name = "AddInBom"; Value = "yes"; VariantName = "[No Variations]"
Add component (AddParameter): Name = "Channel ID"; Value = ""; VariantName = "[No Variations]"
Add component (AddParameter): Name = "ConvertToPcb"; Value = "yes"; VariantName = "[No Variations]"
Add component (AddParameter): Name = "Device"; Value = "CAP_0402"; VariantName = "[No Variations]"
Add component (AddParameter): Name = "FootprintName"; Value = "C0603"; VariantName = "[No Variations]"
Add component (AddParameter): Name = "Group ID"; Value = ""; VariantName = "[No Variations]"
Add component (AddParameter): Name = "ModelId"; Value = "36a51122f27c49738f86b3bfa98863e0"; VariantName = "[No Variations]"
Add component (AddParameter): Name = "ModelName"; Value = "C0402_L1.0-W0.5-H0.5"; VariantName = "[No Variations]"
Add component (AddParameter): Name = "ModelTransform"; Value = "39.37,19.685,0,0,0,0,0,0,0"; VariantName = "[No Variations]"
Add component (AddParameter): Name = "Reuse Block"; Value = ""; VariantName = "[No Variations]"
Add component (AddParameter): Name = "Supplier Footprint"; Value = "0402"; VariantName = "[No Variations]"
Add component (AddParameter): Name = "SymbolName"; Value = "CapAcitance"; VariantName = "[No Variations]"
Add component (AddParameter): Name = "Value"; Value = "100pF_NC"; VariantName = "[No Variations]"
Added Component: Designator=C59(C0603)
Add component. Clean all parameters for all variants
Add component (AddParameter): Name = "AddInBom"; Value = "yes"; VariantName = "[No Variations]"
Add component (AddParameter): Name = "Channel ID"; Value = ""; VariantName = "[No Variations]"
Add component (AddParameter): Name = "ConvertToPcb"; Value = "yes"; VariantName = "[No Variations]"
Add component (AddParameter): Name = "Device"; Value = "CAP_0402"; VariantName = "[No Variations]"
Add component (AddParameter): Name = "FootprintName"; Value = "C0603"; VariantName = "[No Variations]"
Add component (AddParameter): Name = "Group ID"; Value = ""; VariantName = "[No Variations]"
Add component (AddParameter): Name = "ModelId"; Value = "36a51122f27c49738f86b3bfa98863e0"; VariantName = "[No Variations]"
Add component (AddParameter): Name = "ModelName"; Value = "C0402_L1.0-W0.5-H0.5"; VariantName = "[No Variations]"
Add component (AddParameter): Name = "ModelTransform"; Value = "39.37,19.685,0,0,0,0,0,0,0"; VariantName = "[No Variations]"
Add component (AddParameter): Name = "Reuse Block"; Value = ""; VariantName = "[No Variations]"
Add component (AddParameter): Name = "Supplier Footprint"; Value = "0402"; VariantName = "[No Variations]"
Add component (AddParameter): Name = "SymbolName"; Value = "CapAcitance"; VariantName = "[No Variations]"
Add component (AddParameter): Name = "Value"; Value = "220nF"; VariantName = "[No Variations]"
Added Component: Designator=C60(C0603)
Add component. Clean all parameters for all variants
Add component (AddParameter): Name = "AddInBom"; Value = "yes"; VariantName = "[No Variations]"
Add component (AddParameter): Name = "Channel ID"; Value = ""; VariantName = "[No Variations]"
Add component (AddParameter): Name = "ConvertToPcb"; Value = "yes"; VariantName = "[No Variations]"
Add component (AddParameter): Name = "Device"; Value = "CAP_0402"; VariantName = "[No Variations]"
Add component (AddParameter): Name = "FootprintName"; Value = "C0603"; VariantName = "[No Variations]"
Add component (AddParameter): Name = "Group ID"; Value = ""; VariantName = "[No Variations]"
Add component (AddParameter): Name = "ModelId"; Value = "36a51122f27c49738f86b3bfa98863e0"; VariantName = "[No Variations]"
Add component (AddParameter): Name = "ModelName"; Value = "C0402_L1.0-W0.5-H0.5"; VariantName = "[No Variations]"
Add component (AddParameter): Name = "ModelTransform"; Value = "39.37,19.685,0,0,0,0,0,0,0"; VariantName = "[No Variations]"
Add component (AddParameter): Name = "Reuse Block"; Value = ""; VariantName = "[No Variations]"
Add component (AddParameter): Name = "Supplier Footprint"; Value = "0402"; VariantName = "[No Variations]"
Add component (AddParameter): Name = "SymbolName"; Value = "CapAcitance"; VariantName = "[No Variations]"
Add component (AddParameter): Name = "Value"; Value = "220nF"; VariantName = "[No Variations]"
Added Component: Designator=C61(C0603)
Add component. Clean all parameters for all variants
Add component (AddParameter): Name = "AddInBom"; Value = "yes"; VariantName = "[No Variations]"
Add component (AddParameter): Name = "Channel ID"; Value = ""; VariantName = "[No Variations]"
Add component (AddParameter): Name = "ConvertToPcb"; Value = "yes"; VariantName = "[No Variations]"
Add component (AddParameter): Name = "Device"; Value = "CAP_0603"; VariantName = "[No Variations]"
Add component (AddParameter): Name = "FootprintName"; Value = "C0603"; VariantName = "[No Variations]"
Add component (AddParameter): Name = "Group ID"; Value = ""; VariantName = "[No Variations]"
Add component (AddParameter): Name = "ModelId"; Value = "ac125912035d415993ca9572d50418b1"; VariantName = "[No Variations]"
Add component (AddParameter): Name = "ModelName"; Value = "C0603_L1.6-W0.8-H0.8"; VariantName = "[No Variations]"
Add component (AddParameter): Name = "ModelTransform"; Value = "62.992,31.496,0,0,0,0,0,0,0"; VariantName = "[No Variations]"
Add component (AddParameter): Name = "Reuse Block"; Value = ""; VariantName = "[No Variations]"
Add component (AddParameter): Name = "Supplier Footprint"; Value = "0603"; VariantName = "[No Variations]"
Add component (AddParameter): Name = "SymbolName"; Value = "CapAcitance"; VariantName = "[No Variations]"
Add component (AddParameter): Name = "Value"; Value = "100nF"; VariantName = "[No Variations]"
Added Component: Designator=C62(C0603)
Add component. Clean all parameters for all variants
Add component (AddParameter): Name = "AddInBom"; Value = "yes"; VariantName = "[No Variations]"
Add component (AddParameter): Name = "Channel ID"; Value = ""; VariantName = "[No Variations]"
Add component (AddParameter): Name = "ConvertToPcb"; Value = "yes"; VariantName = "[No Variations]"
Add component (AddParameter): Name = "Device"; Value = "CAP_0402"; VariantName = "[No Variations]"
Add component (AddParameter): Name = "FootprintName"; Value = "C0603"; VariantName = "[No Variations]"
Add component (AddParameter): Name = "Group ID"; Value = ""; VariantName = "[No Variations]"
Add component (AddParameter): Name = "ModelId"; Value = "36a51122f27c49738f86b3bfa98863e0"; VariantName = "[No Variations]"
Add component (AddParameter): Name = "ModelName"; Value = "C0402_L1.0-W0.5-H0.5"; VariantName = "[No Variations]"
Add component (AddParameter): Name = "ModelTransform"; Value = "39.37,19.685,0,0,0,0,0,0,0"; VariantName = "[No Variations]"
Add component (AddParameter): Name = "Reuse Block"; Value = ""; VariantName = "[No Variations]"
Add component (AddParameter): Name = "Supplier Footprint"; Value = "0402"; VariantName = "[No Variations]"
Add component (AddParameter): Name = "SymbolName"; Value = "CapAcitance"; VariantName = "[No Variations]"
Add component (AddParameter): Name = "Value"; Value = "220nF"; VariantName = "[No Variations]"
Added Component: Designator=C63(C0603)
Add component. Clean all parameters for all variants
Add component (AddParameter): Name = "AddInBom"; Value = "yes"; VariantName = "[No Variations]"
Add component (AddParameter): Name = "Channel ID"; Value = ""; VariantName = "[No Variations]"
Add component (AddParameter): Name = "ConvertToPcb"; Value = "yes"; VariantName = "[No Variations]"
Add component (AddParameter): Name = "Device"; Value = "CAP_0402"; VariantName = "[No Variations]"
Add component (AddParameter): Name = "FootprintName"; Value = "C0603"; VariantName = "[No Variations]"
Add component (AddParameter): Name = "Group ID"; Value = ""; VariantName = "[No Variations]"
Add component (AddParameter): Name = "ModelId"; Value = "36a51122f27c49738f86b3bfa98863e0"; VariantName = "[No Variations]"
Add component (AddParameter): Name = "ModelName"; Value = "C0402_L1.0-W0.5-H0.5"; VariantName = "[No Variations]"
Add component (AddParameter): Name = "ModelTransform"; Value = "39.37,19.685,0,0,0,0,0,0,0"; VariantName = "[No Variations]"
Add component (AddParameter): Name = "Reuse Block"; Value = ""; VariantName = "[No Variations]"
Add component (AddParameter): Name = "Supplier Footprint"; Value = "0402"; VariantName = "[No Variations]"
Add component (AddParameter): Name = "SymbolName"; Value = "CapAcitance"; VariantName = "[No Variations]"
Add component (AddParameter): Name = "Value"; Value = "100nF"; VariantName = "[No Variations]"
Added Component: Designator=C64(C0603)
Add component. Clean all parameters for all variants
Add component (AddParameter): Name = "AddInBom"; Value = "yes"; VariantName = "[No Variations]"
Add component (AddParameter): Name = "Channel ID"; Value = ""; VariantName = "[No Variations]"
Add component (AddParameter): Name = "ConvertToPcb"; Value = "yes"; VariantName = "[No Variations]"
Add component (AddParameter): Name = "Device"; Value = "CAP_0402"; VariantName = "[No Variations]"
Add component (AddParameter): Name = "FootprintName"; Value = "C0603"; VariantName = "[No Variations]"
Add component (AddParameter): Name = "Group ID"; Value = ""; VariantName = "[No Variations]"
Add component (AddParameter): Name = "ModelId"; Value = "36a51122f27c49738f86b3bfa98863e0"; VariantName = "[No Variations]"
Add component (AddParameter): Name = "ModelName"; Value = "C0402_L1.0-W0.5-H0.5"; VariantName = "[No Variations]"
Add component (AddParameter): Name = "ModelTransform"; Value = "39.37,19.685,0,0,0,0,0,0,0"; VariantName = "[No Variations]"
Add component (AddParameter): Name = "Reuse Block"; Value = ""; VariantName = "[No Variations]"
Add component (AddParameter): Name = "Supplier Footprint"; Value = "0402"; VariantName = "[No Variations]"
Add component (AddParameter): Name = "SymbolName"; Value = "CapAcitance"; VariantName = "[No Variations]"
Add component (AddParameter): Name = "Value"; Value = "100pF_NC"; VariantName = "[No Variations]"
Added Component: Designator=C65(C0603)
Add component. Clean all parameters for all variants
Add component (AddParameter): Name = "AddInBom"; Value = "yes"; VariantName = "[No Variations]"
Add component (AddParameter): Name = "Channel ID"; Value = ""; VariantName = "[No Variations]"
Add component (AddParameter): Name = "ConvertToPcb"; Value = "yes"; VariantName = "[No Variations]"
Add component (AddParameter): Name = "Device"; Value = "CAP_0603"; VariantName = "[No Variations]"
Add component (AddParameter): Name = "FootprintName"; Value = "C0603"; VariantName = "[No Variations]"
Add component (AddParameter): Name = "Group ID"; Value = ""; VariantName = "[No Variations]"
Add component (AddParameter): Name = "ModelId"; Value = "ac125912035d415993ca9572d50418b1"; VariantName = "[No Variations]"
Add component (AddParameter): Name = "ModelName"; Value = "C0603_L1.6-W0.8-H0.8"; VariantName = "[No Variations]"
Add component (AddParameter): Name = "ModelTransform"; Value = "62.992,31.496,0,0,0,0,0,0,0"; VariantName = "[No Variations]"
Add component (AddParameter): Name = "Reuse Block"; Value = ""; VariantName = "[No Variations]"
Add component (AddParameter): Name = "Supplier Footprint"; Value = "0603"; VariantName = "[No Variations]"
Add component (AddParameter): Name = "SymbolName"; Value = "CapAcitance"; VariantName = "[No Variations]"
Add component (AddParameter): Name = "Value"; Value = "100nF"; VariantName = "[No Variations]"
Added Component: Designator=C66(C0603)
Add component. Clean all parameters for all variants
Add component (AddParameter): Name = "AddInBom"; Value = "yes"; VariantName = "[No Variations]"
Add component (AddParameter): Name = "Channel ID"; Value = ""; VariantName = "[No Variations]"
Add component (AddParameter): Name = "ConvertToPcb"; Value = "yes"; VariantName = "[No Variations]"
Add component (AddParameter): Name = "Device"; Value = "CAP_0603"; VariantName = "[No Variations]"
Add component (AddParameter): Name = "FootprintName"; Value = "C0603"; VariantName = "[No Variations]"
Add component (AddParameter): Name = "Group ID"; Value = ""; VariantName = "[No Variations]"
Add component (AddParameter): Name = "ModelId"; Value = "ac125912035d415993ca9572d50418b1"; VariantName = "[No Variations]"
Add component (AddParameter): Name = "ModelName"; Value = "C0603_L1.6-W0.8-H0.8"; VariantName = "[No Variations]"
Add component (AddParameter): Name = "ModelTransform"; Value = "62.992,31.496,0,0,0,0,0,0,0"; VariantName = "[No Variations]"
Add component (AddParameter): Name = "Reuse Block"; Value = ""; VariantName = "[No Variations]"
Add component (AddParameter): Name = "Supplier Footprint"; Value = "0603"; VariantName = "[No Variations]"
Add component (AddParameter): Name = "SymbolName"; Value = "CapAcitance"; VariantName = "[No Variations]"
Add component (AddParameter): Name = "Value"; Value = "100pF"; VariantName = "[No Variations]"
Added Component: Designator=C67(C0603)
Add component. Clean all parameters for all variants
Add component (AddParameter): Name = "AddInBom"; Value = "yes"; VariantName = "[No Variations]"
Add component (AddParameter): Name = "Channel ID"; Value = ""; VariantName = "[No Variations]"
Add component (AddParameter): Name = "ConvertToPcb"; Value = "yes"; VariantName = "[No Variations]"
Add component (AddParameter): Name = "Device"; Value = "CAP_0603"; VariantName = "[No Variations]"
Add component (AddParameter): Name = "FootprintName"; Value = "C0603"; VariantName = "[No Variations]"
Add component (AddParameter): Name = "Group ID"; Value = ""; VariantName = "[No Variations]"
Add component (AddParameter): Name = "ModelId"; Value = "ac125912035d415993ca9572d50418b1"; VariantName = "[No Variations]"
Add component (AddParameter): Name = "ModelName"; Value = "C0603_L1.6-W0.8-H0.8"; VariantName = "[No Variations]"
Add component (AddParameter): Name = "ModelTransform"; Value = "62.992,31.496,0,0,0,0,0,0,0"; VariantName = "[No Variations]"
Add component (AddParameter): Name = "Reuse Block"; Value = ""; VariantName = "[No Variations]"
Add component (AddParameter): Name = "Supplier Footprint"; Value = "0603"; VariantName = "[No Variations]"
Add component (AddParameter): Name = "SymbolName"; Value = "CapAcitance"; VariantName = "[No Variations]"
Add component (AddParameter): Name = "Value"; Value = "1nF"; VariantName = "[No Variations]"
Added Component: Designator=C68(C0603)
Add component. Clean all parameters for all variants
Add component (AddParameter): Name = "AddInBom"; Value = "yes"; VariantName = "[No Variations]"
Add component (AddParameter): Name = "Channel ID"; Value = ""; VariantName = "[No Variations]"
Add component (AddParameter): Name = "ConvertToPcb"; Value = "yes"; VariantName = "[No Variations]"
Add component (AddParameter): Name = "Device"; Value = "CAP_0603"; VariantName = "[No Variations]"
Add component (AddParameter): Name = "FootprintName"; Value = "C0603"; VariantName = "[No Variations]"
Add component (AddParameter): Name = "Group ID"; Value = ""; VariantName = "[No Variations]"
Add component (AddParameter): Name = "ModelId"; Value = "ac125912035d415993ca9572d50418b1"; VariantName = "[No Variations]"
Add component (AddParameter): Name = "ModelName"; Value = "C0603_L1.6-W0.8-H0.8"; VariantName = "[No Variations]"
Add component (AddParameter): Name = "ModelTransform"; Value = "62.992,31.496,0,0,0,0,0,0,0"; VariantName = "[No Variations]"
Add component (AddParameter): Name = "Reuse Block"; Value = ""; VariantName = "[No Variations]"
Add component (AddParameter): Name = "Supplier Footprint"; Value = "0603"; VariantName = "[No Variations]"
Add component (AddParameter): Name = "SymbolName"; Value = "CapAcitance"; VariantName = "[No Variations]"
Add component (AddParameter): Name = "Value"; Value = "10nF"; VariantName = "[No Variations]"
Added Component: Designator=C69(C0603)
Add component. Clean all parameters for all variants
Add component (AddParameter): Name = "AddInBom"; Value = "yes"; VariantName = "[No Variations]"
Add component (AddParameter): Name = "Channel ID"; Value = ""; VariantName = "[No Variations]"
Add component (AddParameter): Name = "ConvertToPcb"; Value = "yes"; VariantName = "[No Variations]"
Add component (AddParameter): Name = "Device"; Value = "CAP_0603"; VariantName = "[No Variations]"
Add component (AddParameter): Name = "FootprintName"; Value = "C0603"; VariantName = "[No Variations]"
Add component (AddParameter): Name = "Group ID"; Value = ""; VariantName = "[No Variations]"
Add component (AddParameter): Name = "ModelId"; Value = "ac125912035d415993ca9572d50418b1"; VariantName = "[No Variations]"
Add component (AddParameter): Name = "ModelName"; Value = "C0603_L1.6-W0.8-H0.8"; VariantName = "[No Variations]"
Add component (AddParameter): Name = "ModelTransform"; Value = "62.992,31.496,0,0,0,0,0,0,0"; VariantName = "[No Variations]"
Add component (AddParameter): Name = "Reuse Block"; Value = ""; VariantName = "[No Variations]"
Add component (AddParameter): Name = "Supplier Footprint"; Value = "0603"; VariantName = "[No Variations]"
Add component (AddParameter): Name = "SymbolName"; Value = "CapAcitance"; VariantName = "[No Variations]"
Add component (AddParameter): Name = "Value"; Value = "100nF"; VariantName = "[No Variations]"
Added Component: Designator=C70(C0603)
Add component. Clean all parameters for all variants
Add component (AddParameter): Name = "AddInBom"; Value = "yes"; VariantName = "[No Variations]"
Add component (AddParameter): Name = "Channel ID"; Value = ""; VariantName = "[No Variations]"
Add component (AddParameter): Name = "ConvertToPcb"; Value = "yes"; VariantName = "[No Variations]"
Add component (AddParameter): Name = "Device"; Value = "CAP_0603"; VariantName = "[No Variations]"
Add component (AddParameter): Name = "FootprintName"; Value = "C0603"; VariantName = "[No Variations]"
Add component (AddParameter): Name = "Group ID"; Value = ""; VariantName = "[No Variations]"
Add component (AddParameter): Name = "ModelId"; Value = "ac125912035d415993ca9572d50418b1"; VariantName = "[No Variations]"
Add component (AddParameter): Name = "ModelName"; Value = "C0603_L1.6-W0.8-H0.8"; VariantName = "[No Variations]"
Add component (AddParameter): Name = "ModelTransform"; Value = "62.992,31.496,0,0,0,0,0,0,0"; VariantName = "[No Variations]"
Add component (AddParameter): Name = "Reuse Block"; Value = ""; VariantName = "[No Variations]"
Add component (AddParameter): Name = "Supplier Footprint"; Value = "0603"; VariantName = "[No Variations]"
Add component (AddParameter): Name = "SymbolName"; Value = "CapAcitance"; VariantName = "[No Variations]"
Add component (AddParameter): Name = "Value"; Value = "100pF"; VariantName = "[No Variations]"
Added Component: Designator=C71(C0603)
Add component. Clean all parameters for all variants
Add component (AddParameter): Name = "AddInBom"; Value = "yes"; VariantName = "[No Variations]"
Add component (AddParameter): Name = "Channel ID"; Value = ""; VariantName = "[No Variations]"
Add component (AddParameter): Name = "ConvertToPcb"; Value = "yes"; VariantName = "[No Variations]"
Add component (AddParameter): Name = "Device"; Value = "CAP_0603"; VariantName = "[No Variations]"
Add component (AddParameter): Name = "FootprintName"; Value = "C0603"; VariantName = "[No Variations]"
Add component (AddParameter): Name = "Group ID"; Value = ""; VariantName = "[No Variations]"
Add component (AddParameter): Name = "ModelId"; Value = "ac125912035d415993ca9572d50418b1"; VariantName = "[No Variations]"
Add component (AddParameter): Name = "ModelName"; Value = "C0603_L1.6-W0.8-H0.8"; VariantName = "[No Variations]"
Add component (AddParameter): Name = "ModelTransform"; Value = "62.992,31.496,0,0,0,0,0,0,0"; VariantName = "[No Variations]"
Add component (AddParameter): Name = "Reuse Block"; Value = ""; VariantName = "[No Variations]"
Add component (AddParameter): Name = "Supplier Footprint"; Value = "0603"; VariantName = "[No Variations]"
Add component (AddParameter): Name = "SymbolName"; Value = "CapAcitance"; VariantName = "[No Variations]"
Add component (AddParameter): Name = "Value"; Value = "100nF"; VariantName = "[No Variations]"
Added Component: Designator=C72(C0805)
Add component. Clean all parameters for all variants
Add component (AddParameter): Name = "AddInBom"; Value = "yes"; VariantName = "[No Variations]"
Add component (AddParameter): Name = "Channel ID"; Value = ""; VariantName = "[No Variations]"
Add component (AddParameter): Name = "ConvertToPcb"; Value = "yes"; VariantName = "[No Variations]"
Add component (AddParameter): Name = "Device"; Value = "CAP_0603"; VariantName = "[No Variations]"
Add component (AddParameter): Name = "FootprintName"; Value = "C0805"; VariantName = "[No Variations]"
Add component (AddParameter): Name = "Group ID"; Value = ""; VariantName = "[No Variations]"
Add component (AddParameter): Name = "ModelId"; Value = "ac125912035d415993ca9572d50418b1"; VariantName = "[No Variations]"
Add component (AddParameter): Name = "ModelName"; Value = "C0603_L1.6-W0.8-H0.8"; VariantName = "[No Variations]"
Add component (AddParameter): Name = "ModelTransform"; Value = "62.992,31.496,0,0,0,0,0,0,0"; VariantName = "[No Variations]"
Add component (AddParameter): Name = "Reuse Block"; Value = ""; VariantName = "[No Variations]"
Add component (AddParameter): Name = "Supplier Footprint"; Value = "0603"; VariantName = "[No Variations]"
Add component (AddParameter): Name = "SymbolName"; Value = "CapAcitance"; VariantName = "[No Variations]"
Add component (AddParameter): Name = "Value"; Value = "22uF"; VariantName = "[No Variations]"
Added Component: Designator=C73(C0603)
Add component. Clean all parameters for all variants
Add component (AddParameter): Name = "AddInBom"; Value = "yes"; VariantName = "[No Variations]"
Add component (AddParameter): Name = "Channel ID"; Value = ""; VariantName = "[No Variations]"
Add component (AddParameter): Name = "ConvertToPcb"; Value = "yes"; VariantName = "[No Variations]"
Add component (AddParameter): Name = "Device"; Value = "CAP_0603"; VariantName = "[No Variations]"
Add component (AddParameter): Name = "FootprintName"; Value = "C0603"; VariantName = "[No Variations]"
Add component (AddParameter): Name = "Group ID"; Value = ""; VariantName = "[No Variations]"
Add component (AddParameter): Name = "ModelId"; Value = "ac125912035d415993ca9572d50418b1"; VariantName = "[No Variations]"
Add component (AddParameter): Name = "ModelName"; Value = "C0603_L1.6-W0.8-H0.8"; VariantName = "[No Variations]"
Add component (AddParameter): Name = "ModelTransform"; Value = "62.992,31.496,0,0,0,0,0,0,0"; VariantName = "[No Variations]"
Add component (AddParameter): Name = "Reuse Block"; Value = ""; VariantName = "[No Variations]"
Add component (AddParameter): Name = "Supplier Footprint"; Value = "0603"; VariantName = "[No Variations]"
Add component (AddParameter): Name = "SymbolName"; Value = "CapAcitance"; VariantName = "[No Variations]"
Add component (AddParameter): Name = "Value"; Value = "100nF"; VariantName = "[No Variations]"
Added Component: Designator=C74(C0603)
Add component. Clean all parameters for all variants
Add component (AddParameter): Name = "AddInBom"; Value = "yes"; VariantName = "[No Variations]"
Add component (AddParameter): Name = "Channel ID"; Value = ""; VariantName = "[No Variations]"
Add component (AddParameter): Name = "ConvertToPcb"; Value = "yes"; VariantName = "[No Variations]"
Add component (AddParameter): Name = "Device"; Value = "CAP_0402"; VariantName = "[No Variations]"
Add component (AddParameter): Name = "FootprintName"; Value = "C0603"; VariantName = "[No Variations]"
Add component (AddParameter): Name = "Group ID"; Value = ""; VariantName = "[No Variations]"
Add component (AddParameter): Name = "ModelId"; Value = "36a51122f27c49738f86b3bfa98863e0"; VariantName = "[No Variations]"
Add component (AddParameter): Name = "ModelName"; Value = "C0402_L1.0-W0.5-H0.5"; VariantName = "[No Variations]"
Add component (AddParameter): Name = "ModelTransform"; Value = "39.37,19.685,0,0,0,0,0,0,0"; VariantName = "[No Variations]"
Add component (AddParameter): Name = "Reuse Block"; Value = ""; VariantName = "[No Variations]"
Add component (AddParameter): Name = "Supplier Footprint"; Value = "0402"; VariantName = "[No Variations]"
Add component (AddParameter): Name = "SymbolName"; Value = "CapAcitance"; VariantName = "[No Variations]"
Add component (AddParameter): Name = "Value"; Value = "100nF"; VariantName = "[No Variations]"
Added Component: Designator=C75(C0603)
Add component. Clean all parameters for all variants
Add component (AddParameter): Name = "AddInBom"; Value = "yes"; VariantName = "[No Variations]"
Add component (AddParameter): Name = "Channel ID"; Value = ""; VariantName = "[No Variations]"
Add component (AddParameter): Name = "ConvertToPcb"; Value = "yes"; VariantName = "[No Variations]"
Add component (AddParameter): Name = "Device"; Value = "CAP_0402"; VariantName = "[No Variations]"
Add component (AddParameter): Name = "FootprintName"; Value = "C0603"; VariantName = "[No Variations]"
Add component (AddParameter): Name = "Group ID"; Value = ""; VariantName = "[No Variations]"
Add component (AddParameter): Name = "ModelId"; Value = "36a51122f27c49738f86b3bfa98863e0"; VariantName = "[No Variations]"
Add component (AddParameter): Name = "ModelName"; Value = "C0402_L1.0-W0.5-H0.5"; VariantName = "[No Variations]"
Add component (AddParameter): Name = "ModelTransform"; Value = "39.37,19.685,0,0,0,0,0,0,0"; VariantName = "[No Variations]"
Add component (AddParameter): Name = "Reuse Block"; Value = ""; VariantName = "[No Variations]"
Add component (AddParameter): Name = "Supplier Footprint"; Value = "0402"; VariantName = "[No Variations]"
Add component (AddParameter): Name = "SymbolName"; Value = "CapAcitance"; VariantName = "[No Variations]"
Add component (AddParameter): Name = "Value"; Value = "100pF"; VariantName = "[No Variations]"
Added Component: Designator=C76(C0603)
Add component. Clean all parameters for all variants
Add component (AddParameter): Name = "AddInBom"; Value = "yes"; VariantName = "[No Variations]"
Add component (AddParameter): Name = "Channel ID"; Value = ""; VariantName = "[No Variations]"
Add component (AddParameter): Name = "ConvertToPcb"; Value = "yes"; VariantName = "[No Variations]"
Add component (AddParameter): Name = "Device"; Value = "CAP_0603"; VariantName = "[No Variations]"
Add component (AddParameter): Name = "FootprintName"; Value = "C0603"; VariantName = "[No Variations]"
Add component (AddParameter): Name = "Group ID"; Value = ""; VariantName = "[No Variations]"
Add component (AddParameter): Name = "ModelId"; Value = "ac125912035d415993ca9572d50418b1"; VariantName = "[No Variations]"
Add component (AddParameter): Name = "ModelName"; Value = "C0603_L1.6-W0.8-H0.8"; VariantName = "[No Variations]"
Add component (AddParameter): Name = "ModelTransform"; Value = "62.992,31.496,0,0,0,0,0,0,0"; VariantName = "[No Variations]"
Add component (AddParameter): Name = "Reuse Block"; Value = ""; VariantName = "[No Variations]"
Add component (AddParameter): Name = "Supplier Footprint"; Value = "0603"; VariantName = "[No Variations]"
Add component (AddParameter): Name = "SymbolName"; Value = "CapAcitance"; VariantName = "[No Variations]"
Add component (AddParameter): Name = "Value"; Value = "100pF"; VariantName = "[No Variations]"
Added Component: Designator=C77(C0603)
Add component. Clean all parameters for all variants
Add component (AddParameter): Name = "AddInBom"; Value = "yes"; VariantName = "[No Variations]"
Add component (AddParameter): Name = "Channel ID"; Value = ""; VariantName = "[No Variations]"
Add component (AddParameter): Name = "ConvertToPcb"; Value = "yes"; VariantName = "[No Variations]"
Add component (AddParameter): Name = "Device"; Value = "CAP_0603"; VariantName = "[No Variations]"
Add component (AddParameter): Name = "FootprintName"; Value = "C0603"; VariantName = "[No Variations]"
Add component (AddParameter): Name = "Group ID"; Value = ""; VariantName = "[No Variations]"
Add component (AddParameter): Name = "ModelId"; Value = "ac125912035d415993ca9572d50418b1"; VariantName = "[No Variations]"
Add component (AddParameter): Name = "ModelName"; Value = "C0603_L1.6-W0.8-H0.8"; VariantName = "[No Variations]"
Add component (AddParameter): Name = "ModelTransform"; Value = "62.992,31.496,0,0,0,0,0,0,0"; VariantName = "[No Variations]"
Add component (AddParameter): Name = "Reuse Block"; Value = ""; VariantName = "[No Variations]"
Add component (AddParameter): Name = "Supplier Footprint"; Value = "0603"; VariantName = "[No Variations]"
Add component (AddParameter): Name = "SymbolName"; Value = "CapAcitance"; VariantName = "[No Variations]"
Add component (AddParameter): Name = "Value"; Value = "1nF"; VariantName = "[No Variations]"
Added Component: Designator=C78(C0603)
Add component. Clean all parameters for all variants
Add component (AddParameter): Name = "AddInBom"; Value = "yes"; VariantName = "[No Variations]"
Add component (AddParameter): Name = "Channel ID"; Value = ""; VariantName = "[No Variations]"
Add component (AddParameter): Name = "ConvertToPcb"; Value = "yes"; VariantName = "[No Variations]"
Add component (AddParameter): Name = "Device"; Value = "CAP_0603"; VariantName = "[No Variations]"
Add component (AddParameter): Name = "FootprintName"; Value = "C0603"; VariantName = "[No Variations]"
Add component (AddParameter): Name = "Group ID"; Value = ""; VariantName = "[No Variations]"
Add component (AddParameter): Name = "ModelId"; Value = "ac125912035d415993ca9572d50418b1"; VariantName = "[No Variations]"
Add component (AddParameter): Name = "ModelName"; Value = "C0603_L1.6-W0.8-H0.8"; VariantName = "[No Variations]"
Add component (AddParameter): Name = "ModelTransform"; Value = "62.992,31.496,0,0,0,0,0,0,0"; VariantName = "[No Variations]"
Add component (AddParameter): Name = "Reuse Block"; Value = ""; VariantName = "[No Variations]"
Add component (AddParameter): Name = "Supplier Footprint"; Value = "0603"; VariantName = "[No Variations]"
Add component (AddParameter): Name = "SymbolName"; Value = "CapAcitance"; VariantName = "[No Variations]"
Add component (AddParameter): Name = "Value"; Value = "10nF"; VariantName = "[No Variations]"
Added Component: Designator=C79(C0603)
Add component. Clean all parameters for all variants
Add component (AddParameter): Name = "AddInBom"; Value = "yes"; VariantName = "[No Variations]"
Add component (AddParameter): Name = "Channel ID"; Value = ""; VariantName = "[No Variations]"
Add component (AddParameter): Name = "ConvertToPcb"; Value = "yes"; VariantName = "[No Variations]"
Add component (AddParameter): Name = "Device"; Value = "CAP_0603"; VariantName = "[No Variations]"
Add component (AddParameter): Name = "FootprintName"; Value = "C0603"; VariantName = "[No Variations]"
Add component (AddParameter): Name = "Group ID"; Value = ""; VariantName = "[No Variations]"
Add component (AddParameter): Name = "ModelId"; Value = "ac125912035d415993ca9572d50418b1"; VariantName = "[No Variations]"
Add component (AddParameter): Name = "ModelName"; Value = "C0603_L1.6-W0.8-H0.8"; VariantName = "[No Variations]"
Add component (AddParameter): Name = "ModelTransform"; Value = "62.992,31.496,0,0,0,0,0,0,0"; VariantName = "[No Variations]"
Add component (AddParameter): Name = "Reuse Block"; Value = ""; VariantName = "[No Variations]"
Add component (AddParameter): Name = "Supplier Footprint"; Value = "0603"; VariantName = "[No Variations]"
Add component (AddParameter): Name = "SymbolName"; Value = "CapAcitance"; VariantName = "[No Variations]"
Add component (AddParameter): Name = "Value"; Value = "100nF"; VariantName = "[No Variations]"
Added Component: Designator=C80(C0603)
Add component. Clean all parameters for all variants
Add component (AddParameter): Name = "AddInBom"; Value = "yes"; VariantName = "[No Variations]"
Add component (AddParameter): Name = "Channel ID"; Value = ""; VariantName = "[No Variations]"
Add component (AddParameter): Name = "ConvertToPcb"; Value = "yes"; VariantName = "[No Variations]"
Add component (AddParameter): Name = "Device"; Value = "CAP_0402"; VariantName = "[No Variations]"
Add component (AddParameter): Name = "FootprintName"; Value = "C0603"; VariantName = "[No Variations]"
Add component (AddParameter): Name = "Group ID"; Value = ""; VariantName = "[No Variations]"
Add component (AddParameter): Name = "ModelId"; Value = "36a51122f27c49738f86b3bfa98863e0"; VariantName = "[No Variations]"
Add component (AddParameter): Name = "ModelName"; Value = "C0402_L1.0-W0.5-H0.5"; VariantName = "[No Variations]"
Add component (AddParameter): Name = "ModelTransform"; Value = "39.37,19.685,0,0,0,0,0,0,0"; VariantName = "[No Variations]"
Add component (AddParameter): Name = "Reuse Block"; Value = ""; VariantName = "[No Variations]"
Add component (AddParameter): Name = "Supplier Footprint"; Value = "0402"; VariantName = "[No Variations]"
Add component (AddParameter): Name = "SymbolName"; Value = "CapAcitance"; VariantName = "[No Variations]"
Add component (AddParameter): Name = "Value"; Value = "100pF_NC"; VariantName = "[No Variations]"
Added Component: Designator=C81(C0603)
Add component. Clean all parameters for all variants
Add component (AddParameter): Name = "AddInBom"; Value = "yes"; VariantName = "[No Variations]"
Add component (AddParameter): Name = "Channel ID"; Value = ""; VariantName = "[No Variations]"
Add component (AddParameter): Name = "ConvertToPcb"; Value = "yes"; VariantName = "[No Variations]"
Add component (AddParameter): Name = "Device"; Value = "CAP_0402"; VariantName = "[No Variations]"
Add component (AddParameter): Name = "FootprintName"; Value = "C0603"; VariantName = "[No Variations]"
Add component (AddParameter): Name = "Group ID"; Value = ""; VariantName = "[No Variations]"
Add component (AddParameter): Name = "ModelId"; Value = "36a51122f27c49738f86b3bfa98863e0"; VariantName = "[No Variations]"
Add component (AddParameter): Name = "ModelName"; Value = "C0402_L1.0-W0.5-H0.5"; VariantName = "[No Variations]"
Add component (AddParameter): Name = "ModelTransform"; Value = "39.37,19.685,0,0,0,0,0,0,0"; VariantName = "[No Variations]"
Add component (AddParameter): Name = "Reuse Block"; Value = ""; VariantName = "[No Variations]"
Add component (AddParameter): Name = "Supplier Footprint"; Value = "0402"; VariantName = "[No Variations]"
Add component (AddParameter): Name = "SymbolName"; Value = "CapAcitance"; VariantName = "[No Variations]"
Add component (AddParameter): Name = "Value"; Value = "220nF"; VariantName = "[No Variations]"
Added Component: Designator=C82(C0603)
Add component. Clean all parameters for all variants
Add component (AddParameter): Name = "AddInBom"; Value = "yes"; VariantName = "[No Variations]"
Add component (AddParameter): Name = "Channel ID"; Value = ""; VariantName = "[No Variations]"
Add component (AddParameter): Name = "ConvertToPcb"; Value = "yes"; VariantName = "[No Variations]"
Add component (AddParameter): Name = "Device"; Value = "CAP_0402"; VariantName = "[No Variations]"
Add component (AddParameter): Name = "FootprintName"; Value = "C0603"; VariantName = "[No Variations]"
Add component (AddParameter): Name = "Group ID"; Value = ""; VariantName = "[No Variations]"
Add component (AddParameter): Name = "ModelId"; Value = "36a51122f27c49738f86b3bfa98863e0"; VariantName = "[No Variations]"
Add component (AddParameter): Name = "ModelName"; Value = "C0402_L1.0-W0.5-H0.5"; VariantName = "[No Variations]"
Add component (AddParameter): Name = "ModelTransform"; Value = "39.37,19.685,0,0,0,0,0,0,0"; VariantName = "[No Variations]"
Add component (AddParameter): Name = "Reuse Block"; Value = ""; VariantName = "[No Variations]"
Add component (AddParameter): Name = "Supplier Footprint"; Value = "0402"; VariantName = "[No Variations]"
Add component (AddParameter): Name = "SymbolName"; Value = "CapAcitance"; VariantName = "[No Variations]"
Add component (AddParameter): Name = "Value"; Value = "220nF"; VariantName = "[No Variations]"
Added Component: Designator=C83(C0603)
Add component. Clean all parameters for all variants
Add component (AddParameter): Name = "AddInBom"; Value = "yes"; VariantName = "[No Variations]"
Add component (AddParameter): Name = "Channel ID"; Value = ""; VariantName = "[No Variations]"
Add component (AddParameter): Name = "ConvertToPcb"; Value = "yes"; VariantName = "[No Variations]"
Add component (AddParameter): Name = "Device"; Value = "CAP_0402"; VariantName = "[No Variations]"
Add component (AddParameter): Name = "FootprintName"; Value = "C0603"; VariantName = "[No Variations]"
Add component (AddParameter): Name = "Group ID"; Value = ""; VariantName = "[No Variations]"
Add component (AddParameter): Name = "ModelId"; Value = "36a51122f27c49738f86b3bfa98863e0"; VariantName = "[No Variations]"
Add component (AddParameter): Name = "ModelName"; Value = "C0402_L1.0-W0.5-H0.5"; VariantName = "[No Variations]"
Add component (AddParameter): Name = "ModelTransform"; Value = "39.37,19.685,0,0,0,0,0,0,0"; VariantName = "[No Variations]"
Add component (AddParameter): Name = "Reuse Block"; Value = ""; VariantName = "[No Variations]"
Add component (AddParameter): Name = "Supplier Footprint"; Value = "0402"; VariantName = "[No Variations]"
Add component (AddParameter): Name = "SymbolName"; Value = "CapAcitance"; VariantName = "[No Variations]"
Add component (AddParameter): Name = "Value"; Value = "220nF"; VariantName = "[No Variations]"
Added Component: Designator=C84(C0603)
Add component. Clean all parameters for all variants
Add component (AddParameter): Name = "AddInBom"; Value = "yes"; VariantName = "[No Variations]"
Add component (AddParameter): Name = "Channel ID"; Value = ""; VariantName = "[No Variations]"
Add component (AddParameter): Name = "ConvertToPcb"; Value = "yes"; VariantName = "[No Variations]"
Add component (AddParameter): Name = "Device"; Value = "CAP_0402"; VariantName = "[No Variations]"
Add component (AddParameter): Name = "FootprintName"; Value = "C0603"; VariantName = "[No Variations]"
Add component (AddParameter): Name = "Group ID"; Value = ""; VariantName = "[No Variations]"
Add component (AddParameter): Name = "ModelId"; Value = "36a51122f27c49738f86b3bfa98863e0"; VariantName = "[No Variations]"
Add component (AddParameter): Name = "ModelName"; Value = "C0402_L1.0-W0.5-H0.5"; VariantName = "[No Variations]"
Add component (AddParameter): Name = "ModelTransform"; Value = "39.37,19.685,0,0,0,0,0,0,0"; VariantName = "[No Variations]"
Add component (AddParameter): Name = "Reuse Block"; Value = ""; VariantName = "[No Variations]"
Add component (AddParameter): Name = "Supplier Footprint"; Value = "0402"; VariantName = "[No Variations]"
Add component (AddParameter): Name = "SymbolName"; Value = "CapAcitance"; VariantName = "[No Variations]"
Add component (AddParameter): Name = "Value"; Value = "100pF_NC"; VariantName = "[No Variations]"
Added Component: Designator=CE1(C0805)
Add component. Clean all parameters for all variants
Add component (AddParameter): Name = "AddInBom"; Value = "yes"; VariantName = "[No Variations]"
Add component (AddParameter): Name = "BOM名称"; Value = "直插电解电容"; VariantName = "[No Variations]"
Add component (AddParameter): Name = "Channel ID"; Value = ""; VariantName = "[No Variations]"
Add component (AddParameter): Name = "ConvertToPcb"; Value = "yes"; VariantName = "[No Variations]"
Add component (AddParameter): Name = "Design Item ID"; Value = "CE"; VariantName = "[No Variations]"
Add component (AddParameter): Name = "Device"; Value = "3.3uF/16V"; VariantName = "[No Variations]"
Add component (AddParameter): Name = "Group ID"; Value = ""; VariantName = "[No Variations]"
Add component (AddParameter): Name = "Origin Footprint 1"; Value = "C0805_M"; VariantName = "[No Variations]"
Add component (AddParameter): Name = "Origin Footprint 2"; Value = "C0805_M"; VariantName = "[No Variations]"
Add component (AddParameter): Name = "Reuse Block"; Value = ""; VariantName = "[No Variations]"
Add component (AddParameter): Name = "Symbol"; Value = "CE"; VariantName = "[No Variations]"
Add component (AddParameter): Name = "联系卖家，免费查找封装"; Value = "唯一出售店铺网址https://shop463601444.taobao.com"; VariantName = "[No Variations]"
Added Component: Designator=CE2(C0805)
Add component. Clean all parameters for all variants
Add component (AddParameter): Name = "AddInBom"; Value = "yes"; VariantName = "[No Variations]"
Add component (AddParameter): Name = "BOM名称"; Value = "直插电解电容"; VariantName = "[No Variations]"
Add component (AddParameter): Name = "Channel ID"; Value = ""; VariantName = "[No Variations]"
Add component (AddParameter): Name = "ConvertToPcb"; Value = "yes"; VariantName = "[No Variations]"
Add component (AddParameter): Name = "Design Item ID"; Value = "CE"; VariantName = "[No Variations]"
Add component (AddParameter): Name = "Device"; Value = "22uF/16V"; VariantName = "[No Variations]"
Add component (AddParameter): Name = "Group ID"; Value = ""; VariantName = "[No Variations]"
Add component (AddParameter): Name = "Origin Footprint 1"; Value = "C0805_M"; VariantName = "[No Variations]"
Add component (AddParameter): Name = "Origin Footprint 2"; Value = "C0805_M"; VariantName = "[No Variations]"
Add component (AddParameter): Name = "Reuse Block"; Value = ""; VariantName = "[No Variations]"
Add component (AddParameter): Name = "Symbol"; Value = "CE"; VariantName = "[No Variations]"
Add component (AddParameter): Name = "联系卖家，免费查找封装"; Value = "唯一出售店铺网址https://shop463601444.taobao.com"; VariantName = "[No Variations]"
Added Component: Designator=CE3(C0805)
Add component. Clean all parameters for all variants
Add component (AddParameter): Name = "AddInBom"; Value = "yes"; VariantName = "[No Variations]"
Add component (AddParameter): Name = "BOM名称"; Value = "直插电解电容"; VariantName = "[No Variations]"
Add component (AddParameter): Name = "Channel ID"; Value = ""; VariantName = "[No Variations]"
Add component (AddParameter): Name = "ConvertToPcb"; Value = "yes"; VariantName = "[No Variations]"
Add component (AddParameter): Name = "Design Item ID"; Value = "CE"; VariantName = "[No Variations]"
Add component (AddParameter): Name = "Device"; Value = "22uF/16V"; VariantName = "[No Variations]"
Add component (AddParameter): Name = "Group ID"; Value = ""; VariantName = "[No Variations]"
Add component (AddParameter): Name = "Origin Footprint 1"; Value = "C0805_M"; VariantName = "[No Variations]"
Add component (AddParameter): Name = "Origin Footprint 2"; Value = "C0805_M"; VariantName = "[No Variations]"
Add component (AddParameter): Name = "Reuse Block"; Value = ""; VariantName = "[No Variations]"
Add component (AddParameter): Name = "Symbol"; Value = "CE"; VariantName = "[No Variations]"
Add component (AddParameter): Name = "联系卖家，免费查找封装"; Value = "唯一出售店铺网址https://shop463601444.taobao.com"; VariantName = "[No Variations]"
Added Component: Designator=CE4(C0805)
Add component. Clean all parameters for all variants
Add component (AddParameter): Name = "AddInBom"; Value = "yes"; VariantName = "[No Variations]"
Add component (AddParameter): Name = "BOM名称"; Value = "直插电解电容"; VariantName = "[No Variations]"
Add component (AddParameter): Name = "Channel ID"; Value = ""; VariantName = "[No Variations]"
Add component (AddParameter): Name = "ConvertToPcb"; Value = "yes"; VariantName = "[No Variations]"
Add component (AddParameter): Name = "Design Item ID"; Value = "CE"; VariantName = "[No Variations]"
Add component (AddParameter): Name = "Device"; Value = "22uF/16V"; VariantName = "[No Variations]"
Add component (AddParameter): Name = "Group ID"; Value = ""; VariantName = "[No Variations]"
Add component (AddParameter): Name = "Origin Footprint 1"; Value = "C0805_M"; VariantName = "[No Variations]"
Add component (AddParameter): Name = "Origin Footprint 2"; Value = "C0805_M"; VariantName = "[No Variations]"
Add component (AddParameter): Name = "Reuse Block"; Value = ""; VariantName = "[No Variations]"
Add component (AddParameter): Name = "Symbol"; Value = "CE"; VariantName = "[No Variations]"
Add component (AddParameter): Name = "联系卖家，免费查找封装"; Value = "唯一出售店铺网址https://shop463601444.taobao.com"; VariantName = "[No Variations]"
Added Component: Designator=CE5(C0805)
Add component. Clean all parameters for all variants
Add component (AddParameter): Name = "AddInBom"; Value = "yes"; VariantName = "[No Variations]"
Add component (AddParameter): Name = "BOM名称"; Value = "直插电解电容"; VariantName = "[No Variations]"
Add component (AddParameter): Name = "Channel ID"; Value = ""; VariantName = "[No Variations]"
Add component (AddParameter): Name = "ConvertToPcb"; Value = "yes"; VariantName = "[No Variations]"
Add component (AddParameter): Name = "Design Item ID"; Value = "CE"; VariantName = "[No Variations]"
Add component (AddParameter): Name = "Device"; Value = "22uF/16V"; VariantName = "[No Variations]"
Add component (AddParameter): Name = "Group ID"; Value = ""; VariantName = "[No Variations]"
Add component (AddParameter): Name = "Origin Footprint 1"; Value = "C0805_M"; VariantName = "[No Variations]"
Add component (AddParameter): Name = "Origin Footprint 2"; Value = "C0805_M"; VariantName = "[No Variations]"
Add component (AddParameter): Name = "Reuse Block"; Value = ""; VariantName = "[No Variations]"
Add component (AddParameter): Name = "Symbol"; Value = "CE"; VariantName = "[No Variations]"
Add component (AddParameter): Name = "联系卖家，免费查找封装"; Value = "唯一出售店铺网址https://shop463601444.taobao.com"; VariantName = "[No Variations]"
Added Component: Designator=D1(SMA_L4.3-W2.6-LS5.0-FD)
Add component. Clean all parameters for all variants
Add component (AddParameter): Name = "AddInBom"; Value = "yes"; VariantName = "[No Variations]"
Add component (AddParameter): Name = "Channel ID"; Value = ""; VariantName = "[No Variations]"
Add component (AddParameter): Name = "ConvertToPcb"; Value = "yes"; VariantName = "[No Variations]"
Add component (AddParameter): Name = "Datasheet"; Value = "https://atta.szlcsc.com/upload/public/pdf/source/20230828/2D67628D7EFDC2DD386D167E8AEA232D.pdf"; VariantName = "[No Variations]"
Add component (AddParameter): Name = "Device"; Value = "SS24_C7420362"; VariantName = "[No Variations]"
Add component (AddParameter): Name = "Diode Configuration"; Value = "独立式"; VariantName = "[No Variations]"
Add component (AddParameter): Name = "FootprintName"; Value = "SMA_L4.3-W2.6-LS5.0-FD"; VariantName = "[No Variations]"
Add component (AddParameter): Name = "Forward Voltage (Vf@If)"; Value = "550mV@1.0A"; VariantName = "[No Variations]"
Add component (AddParameter): Name = "Group ID"; Value = ""; VariantName = "[No Variations]"
Add component (AddParameter): Name = "JLCPCB Part Class"; Value = "扩展库"; VariantName = "[No Variations]"
Add component (AddParameter): Name = "LCSC Part Name"; Value = "电压:40V 电流:2A"; VariantName = "[No Variations]"
Add component (AddParameter): Name = "Manufacturer"; Value = "宏迦橙"; VariantName = "[No Variations]"
Add component (AddParameter): Name = "Manufacturer Part"; Value = "SS24"; VariantName = "[No Variations]"
Add component (AddParameter): Name = "ModelId"; Value = "7e24bebe6cd74171ae8c9de6fc5b78aa"; VariantName = "[No Variations]"
Add component (AddParameter): Name = "ModelName"; Value = "SMA_L4.3-W2.6-LS5.0-FD"; VariantName = "[No Variations]"
Add component (AddParameter): Name = "ModelTransform"; Value = "198.4248,103.5431,0,180,0,0,0,0,0"; VariantName = "[No Variations]"
Add component (AddParameter): Name = "Rectified Current"; Value = "2A"; VariantName = "[No Variations]"
Add component (AddParameter): Name = "Reuse Block"; Value = ""; VariantName = "[No Variations]"
Add component (AddParameter): Name = "Reverse Leakage Current (Ir)"; Value = "200uA@40V"; VariantName = "[No Variations]"
Add component (AddParameter): Name = "Reverse Voltage (Vr)"; Value = "40V"; VariantName = "[No Variations]"
Add component (AddParameter): Name = "Supplier"; Value = "LCSC"; VariantName = "[No Variations]"
Add component (AddParameter): Name = "Supplier Footprint"; Value = "SMA(DO-214AC)"; VariantName = "[No Variations]"
Add component (AddParameter): Name = "SupplierPart"; Value = "C7420362"; VariantName = "[No Variations]"
Add component (AddParameter): Name = "Symbol"; Value = "SS24_C7420362"; VariantName = "[No Variations]"
Added Component: Designator=D2(SMA_L4.3-W2.6-LS5.0-FD)
Add component. Clean all parameters for all variants
Add component (AddParameter): Name = "AddInBom"; Value = "yes"; VariantName = "[No Variations]"
Add component (AddParameter): Name = "Channel ID"; Value = ""; VariantName = "[No Variations]"
Add component (AddParameter): Name = "ConvertToPcb"; Value = "yes"; VariantName = "[No Variations]"
Add component (AddParameter): Name = "Datasheet"; Value = "https://atta.szlcsc.com/upload/public/pdf/source/20230828/2D67628D7EFDC2DD386D167E8AEA232D.pdf"; VariantName = "[No Variations]"
Add component (AddParameter): Name = "Device"; Value = "SS24_C7420362"; VariantName = "[No Variations]"
Add component (AddParameter): Name = "Diode Configuration"; Value = "独立式"; VariantName = "[No Variations]"
Add component (AddParameter): Name = "FootprintName"; Value = "SMA_L4.3-W2.6-LS5.0-FD"; VariantName = "[No Variations]"
Add component (AddParameter): Name = "Forward Voltage (Vf@If)"; Value = "550mV@1.0A"; VariantName = "[No Variations]"
Add component (AddParameter): Name = "Group ID"; Value = ""; VariantName = "[No Variations]"
Add component (AddParameter): Name = "JLCPCB Part Class"; Value = "扩展库"; VariantName = "[No Variations]"
Add component (AddParameter): Name = "LCSC Part Name"; Value = "电压:40V 电流:2A"; VariantName = "[No Variations]"
Add component (AddParameter): Name = "Manufacturer"; Value = "宏迦橙"; VariantName = "[No Variations]"
Add component (AddParameter): Name = "Manufacturer Part"; Value = "SS24"; VariantName = "[No Variations]"
Add component (AddParameter): Name = "ModelId"; Value = "7e24bebe6cd74171ae8c9de6fc5b78aa"; VariantName = "[No Variations]"
Add component (AddParameter): Name = "ModelName"; Value = "SMA_L4.3-W2.6-LS5.0-FD"; VariantName = "[No Variations]"
Add component (AddParameter): Name = "ModelTransform"; Value = "198.4248,103.5431,0,180,0,0,0,0,0"; VariantName = "[No Variations]"
Add component (AddParameter): Name = "Rectified Current"; Value = "2A"; VariantName = "[No Variations]"
Add component (AddParameter): Name = "Reuse Block"; Value = ""; VariantName = "[No Variations]"
Add component (AddParameter): Name = "Reverse Leakage Current (Ir)"; Value = "200uA@40V"; VariantName = "[No Variations]"
Add component (AddParameter): Name = "Reverse Voltage (Vr)"; Value = "40V"; VariantName = "[No Variations]"
Add component (AddParameter): Name = "Supplier"; Value = "LCSC"; VariantName = "[No Variations]"
Add component (AddParameter): Name = "Supplier Footprint"; Value = "SMA(DO-214AC)"; VariantName = "[No Variations]"
Add component (AddParameter): Name = "SupplierPart"; Value = "C7420362"; VariantName = "[No Variations]"
Add component (AddParameter): Name = "Symbol"; Value = "SS24_C7420362"; VariantName = "[No Variations]"
Added Component: Designator=D3(SOD-123_L2.8-W1.8-LS3.7-RD)
Add component. Clean all parameters for all variants
Add component (AddParameter): Name = "AddInBom"; Value = "yes"; VariantName = "[No Variations]"
Add component (AddParameter): Name = "Channel ID"; Value = ""; VariantName = "[No Variations]"
Add component (AddParameter): Name = "ConvertToPcb"; Value = "yes"; VariantName = "[No Variations]"
Add component (AddParameter): Name = "Datasheet"; Value = "https://atta.szlcsc.com/upload/public/pdf/source/20230807/039A8781E74C9E6DBC2E128AB501E48D.pdf"; VariantName = "[No Variations]"
Add component (AddParameter): Name = "Device"; Value = "FR107_C963379"; VariantName = "[No Variations]"
Add component (AddParameter): Name = "Diode Configuration"; Value = "-"; VariantName = "[No Variations]"
Add component (AddParameter): Name = "FootprintName"; Value = "SOD-123_L2.8-W1.8-LS3.7-RD"; VariantName = "[No Variations]"
Add component (AddParameter): Name = "Forward Voltage (Vf@If)"; Value = "1.3V@1A"; VariantName = "[No Variations]"
Add component (AddParameter): Name = "Group ID"; Value = ""; VariantName = "[No Variations]"
Add component (AddParameter): Name = "JLCPCB Part Class"; Value = ""; VariantName = "[No Variations]"
Add component (AddParameter): Name = "LCSC Part Name"; Value = "FR107"; VariantName = "[No Variations]"
Add component (AddParameter): Name = "Manufacturer"; Value = "JSMSEMI(杰盛微)"; VariantName = "[No Variations]"
Add component (AddParameter): Name = "ManufacturerPart"; Value = "FR107"; VariantName = "[No Variations]"
Add component (AddParameter): Name = "ModelId"; Value = "7884390a25fb4c08947731ebfba7e3f8"; VariantName = "[No Variations]"
Add component (AddParameter): Name = "ModelName"; Value = "SOD-123_L2.8-W1.8-LS3.7-RD"; VariantName = "[No Variations]"
Add component (AddParameter): Name = "ModelTransform"; Value = "144.8816,62.992,0,0,0,0,0,0,0"; VariantName = "[No Variations]"
Add component (AddParameter): Name = "Operating Temperature"; Value = "-55℃~+150℃"; VariantName = "[No Variations]"
Add component (AddParameter): Name = "Rectified Current"; Value = "1A"; VariantName = "[No Variations]"
Add component (AddParameter): Name = "Reuse Block"; Value = ""; VariantName = "[No Variations]"
Add component (AddParameter): Name = "Reverse Leakage Current (Ir)"; Value = "5uA@1kV"; VariantName = "[No Variations]"
Add component (AddParameter): Name = "Reverse Recovery Time (trr)"; Value = "500ns"; VariantName = "[No Variations]"
Add component (AddParameter): Name = "Reverse Voltage (Vr)"; Value = "1kV"; VariantName = "[No Variations]"
Add component (AddParameter): Name = "Supplier"; Value = "LCSC"; VariantName = "[No Variations]"
Add component (AddParameter): Name = "Supplier Footprint"; Value = "SOD-123"; VariantName = "[No Variations]"
Add component (AddParameter): Name = "SupplierPart"; Value = "C963379"; VariantName = "[No Variations]"
Add component (AddParameter): Name = "Symbol"; Value = "FR107_C963379"; VariantName = "[No Variations]"
Added Component: Designator=D4(SOT-23-3_L3.0-W1.7-P0.95-LS2.9-BR)
Add component. Clean all parameters for all variants
Add component (AddParameter): Name = "AddInBom"; Value = "yes"; VariantName = "[No Variations]"
Add component (AddParameter): Name = "Average Rectified Current (Io)"; Value = "200mA"; VariantName = "[No Variations]"
Add component (AddParameter): Name = "Channel ID"; Value = ""; VariantName = "[No Variations]"
Add component (AddParameter): Name = "ConvertToPcb"; Value = "yes"; VariantName = "[No Variations]"
Add component (AddParameter): Name = "Datasheet"; Value = "https://atta.szlcsc.com/upload/public/pdf/source/20180326/C130910_AAC331EF45C4B7D7866DD336DA3C5D86.pdf"; VariantName = "[No Variations]"
Add component (AddParameter): Name = "Device"; Value = "BAT54S,215"; VariantName = "[No Variations]"
Add component (AddParameter): Name = "Diode Configuration"; Value = "1对串联式"; VariantName = "[No Variations]"
Add component (AddParameter): Name = "FootprintName"; Value = "SOT-23-3_L3.0-W1.7-P0.95-LS2.9-BR"; VariantName = "[No Variations]"
Add component (AddParameter): Name = "Forward Voltage (Vf@If)"; Value = "800mV@100mA"; VariantName = "[No Variations]"
Add component (AddParameter): Name = "Group ID"; Value = ""; VariantName = "[No Variations]"
Add component (AddParameter): Name = "JLCPCB Part Class"; Value = "扩展库"; VariantName = "[No Variations]"
Add component (AddParameter): Name = "LCSC Part Name"; Value = "电压:30V 电流:200mA"; VariantName = "[No Variations]"
Add component (AddParameter): Name = "Manufacturer"; Value = "Nexperia(安世)"; VariantName = "[No Variations]"
Add component (AddParameter): Name = "Manufacturer Part"; Value = "BAT54S,215"; VariantName = "[No Variations]"
Add component (AddParameter): Name = "ModelId"; Value = "89cb27a44ab2466697082bb9fd73a7d0"; VariantName = "[No Variations]"
Add component (AddParameter): Name = "ModelName"; Value = "SOT-23-3L_L2.9-W1.6-H1.1-LS2.8-P0.95"; VariantName = "[No Variations]"
Add component (AddParameter): Name = "ModelTransform"; Value = "110.59301,114.173,0,180,0,0,0,-0.0005,0"; VariantName = "[No Variations]"
Add component (AddParameter): Name = "Reuse Block"; Value = ""; VariantName = "[No Variations]"
Add component (AddParameter): Name = "Reverse Leakage Current (Ir)"; Value = "2uA@25V"; VariantName = "[No Variations]"
Add component (AddParameter): Name = "Reverse Voltage (Vr)"; Value = "30V"; VariantName = "[No Variations]"
Add component (AddParameter): Name = "Supplier"; Value = "LCSC"; VariantName = "[No Variations]"
Add component (AddParameter): Name = "Supplier Footprint"; Value = "SOT-23"; VariantName = "[No Variations]"
Add component (AddParameter): Name = "Supplier Part"; Value = "C47546"; VariantName = "[No Variations]"
Add component (AddParameter): Name = "Symbol"; Value = "BAT54S,215"; VariantName = "[No Variations]"
Added Component: Designator=D5(SOT-23-3_L3.0-W1.7-P0.95-LS2.9-BR)
Add component. Clean all parameters for all variants
Add component (AddParameter): Name = "AddInBom"; Value = "yes"; VariantName = "[No Variations]"
Add component (AddParameter): Name = "Average Rectified Current (Io)"; Value = "200mA"; VariantName = "[No Variations]"
Add component (AddParameter): Name = "Channel ID"; Value = ""; VariantName = "[No Variations]"
Add component (AddParameter): Name = "ConvertToPcb"; Value = "yes"; VariantName = "[No Variations]"
Add component (AddParameter): Name = "Datasheet"; Value = "https://atta.szlcsc.com/upload/public/pdf/source/20180326/C130910_AAC331EF45C4B7D7866DD336DA3C5D86.pdf"; VariantName = "[No Variations]"
Add component (AddParameter): Name = "Device"; Value = "BAT54S,215"; VariantName = "[No Variations]"
Add component (AddParameter): Name = "Diode Configuration"; Value = "1对串联式"; VariantName = "[No Variations]"
Add component (AddParameter): Name = "FootprintName"; Value = "SOT-23-3_L3.0-W1.7-P0.95-LS2.9-BR"; VariantName = "[No Variations]"
Add component (AddParameter): Name = "Forward Voltage (Vf@If)"; Value = "800mV@100mA"; VariantName = "[No Variations]"
Add component (AddParameter): Name = "Group ID"; Value = ""; VariantName = "[No Variations]"
Add component (AddParameter): Name = "JLCPCB Part Class"; Value = "扩展库"; VariantName = "[No Variations]"
Add component (AddParameter): Name = "LCSC Part Name"; Value = "电压:30V 电流:200mA"; VariantName = "[No Variations]"
Add component (AddParameter): Name = "Manufacturer"; Value = "Nexperia(安世)"; VariantName = "[No Variations]"
Add component (AddParameter): Name = "Manufacturer Part"; Value = "BAT54S,215"; VariantName = "[No Variations]"
Add component (AddParameter): Name = "ModelId"; Value = "89cb27a44ab2466697082bb9fd73a7d0"; VariantName = "[No Variations]"
Add component (AddParameter): Name = "ModelName"; Value = "SOT-23-3L_L2.9-W1.6-H1.1-LS2.8-P0.95"; VariantName = "[No Variations]"
Add component (AddParameter): Name = "ModelTransform"; Value = "110.59301,114.173,0,180,0,0,0,-0.0005,0"; VariantName = "[No Variations]"
Add component (AddParameter): Name = "Reuse Block"; Value = ""; VariantName = "[No Variations]"
Add component (AddParameter): Name = "Reverse Leakage Current (Ir)"; Value = "2uA@25V"; VariantName = "[No Variations]"
Add component (AddParameter): Name = "Reverse Voltage (Vr)"; Value = "30V"; VariantName = "[No Variations]"
Add component (AddParameter): Name = "Supplier"; Value = "LCSC"; VariantName = "[No Variations]"
Add component (AddParameter): Name = "Supplier Footprint"; Value = "SOT-23"; VariantName = "[No Variations]"
Add component (AddParameter): Name = "Supplier Part"; Value = "C47546"; VariantName = "[No Variations]"
Add component (AddParameter): Name = "Symbol"; Value = "BAT54S,215"; VariantName = "[No Variations]"
Added Component: Designator=H1(HDR-TH_4P-P2.54-V-F)
Add component. Clean all parameters for all variants
Add component (AddParameter): Name = "AddInBom"; Value = "yes"; VariantName = "[No Variations]"
Add component (AddParameter): Name = "Channel ID"; Value = ""; VariantName = "[No Variations]"
Add component (AddParameter): Name = "ConvertToPcb"; Value = "yes"; VariantName = "[No Variations]"
Add component (AddParameter): Name = "Device"; Value = "HDR-F_2.54_1x4P"; VariantName = "[No Variations]"
Add component (AddParameter): Name = "FootprintName"; Value = "HDR-TH_4P-P2.54-V-F"; VariantName = "[No Variations]"
Add component (AddParameter): Name = "Group ID"; Value = ""; VariantName = "[No Variations]"
Add component (AddParameter): Name = "ModelId"; Value = "d187812051054f85879fcaa51a310d8e"; VariantName = "[No Variations]"
Add component (AddParameter): Name = "ModelName"; Value = "HDR-TH_4P-P2.54-V-F"; VariantName = "[No Variations]"
Add component (AddParameter): Name = "ModelTransform"; Value = "419.6842,98.464,0,0,0,0,0,0,-118.11"; VariantName = "[No Variations]"
Add component (AddParameter): Name = "Reuse Block"; Value = ""; VariantName = "[No Variations]"
Add component (AddParameter): Name = "Supplier Footprint"; Value = "插件"; VariantName = "[No Variations]"
Add component (AddParameter): Name = "SupplierPart"; Value = "C2718488"; VariantName = "[No Variations]"
Add component (AddParameter): Name = "Symbol"; Value = "2.54-1*4P母"; VariantName = "[No Variations]"
Added Component: Designator=H2(HDR-TH_3P-P2.54-V-M)
Add component. Clean all parameters for all variants
Add component (AddParameter): Name = "AddInBom"; Value = "yes"; VariantName = "[No Variations]"
Add component (AddParameter): Name = "Channel ID"; Value = ""; VariantName = "[No Variations]"
Add component (AddParameter): Name = "ConvertToPcb"; Value = "yes"; VariantName = "[No Variations]"
Add component (AddParameter): Name = "Device"; Value = "HDR-M_2.54_1x3P"; VariantName = "[No Variations]"
Add component (AddParameter): Name = "FootprintName"; Value = "HDR-TH_3P-P2.54-V-M"; VariantName = "[No Variations]"
Add component (AddParameter): Name = "Group ID"; Value = ""; VariantName = "[No Variations]"
Add component (AddParameter): Name = "ModelId"; Value = "bb473b6d38ff42a99216a4fcdbdcc4cb"; VariantName = "[No Variations]"
Add component (AddParameter): Name = "ModelName"; Value = "HDR-TH_3P-P2.54-M-LI-1X3P"; VariantName = "[No Variations]"
Add component (AddParameter): Name = "ModelTransform"; Value = "299.9994,100,0,0,0,0,0,0,-118.11"; VariantName = "[No Variations]"
Add component (AddParameter): Name = "Reuse Block"; Value = ""; VariantName = "[No Variations]"
Add component (AddParameter): Name = "Supplier Footprint"; Value = "插件"; VariantName = "[No Variations]"
Add component (AddParameter): Name = "SupplierPart"; Value = "C2937625"; VariantName = "[No Variations]"
Add component (AddParameter): Name = "Symbol"; Value = "PZ254V-11-03P_C2937625"; VariantName = "[No Variations]"
Added Component: Designator=H3(HDR-TH_2P-P2.54-V-M-1)
Add component. Clean all parameters for all variants
Add component (AddParameter): Name = "AddInBom"; Value = "yes"; VariantName = "[No Variations]"
Add component (AddParameter): Name = "Channel ID"; Value = ""; VariantName = "[No Variations]"
Add component (AddParameter): Name = "ConvertToPcb"; Value = "yes"; VariantName = "[No Variations]"
Add component (AddParameter): Name = "Device"; Value = "HDR-M_2.54_1x2P"; VariantName = "[No Variations]"
Add component (AddParameter): Name = "FootprintName"; Value = "HDR-TH_2P-P2.54-V-M-1"; VariantName = "[No Variations]"
Add component (AddParameter): Name = "Group ID"; Value = ""; VariantName = "[No Variations]"
Add component (AddParameter): Name = "ModelId"; Value = "79b2e9f2d70a4d68a1b7098f27c6d4c5"; VariantName = "[No Variations]"
Add component (AddParameter): Name = "ModelName"; Value = "HDR-M-2.54_1x2"; VariantName = "[No Variations]"
Add component (AddParameter): Name = "ModelTransform"; Value = "200,100,0,0,0,0,0,0,-118.11"; VariantName = "[No Variations]"
Add component (AddParameter): Name = "Reuse Block"; Value = ""; VariantName = "[No Variations]"
Add component (AddParameter): Name = "Supplier Footprint"; Value = "插件"; VariantName = "[No Variations]"
Add component (AddParameter): Name = "SupplierPart"; Value = "C124375"; VariantName = "[No Variations]"
Add component (AddParameter): Name = "Symbol"; Value = "210S-1*2P L=11.6MMGold-plated black"; VariantName = "[No Variations]"
Added Component: Designator=H4(HDR-TH_5P-P2.54-V-M)
Add component. Clean all parameters for all variants
Add component (AddParameter): Name = "AddInBom"; Value = "yes"; VariantName = "[No Variations]"
Add component (AddParameter): Name = "Channel ID"; Value = ""; VariantName = "[No Variations]"
Add component (AddParameter): Name = "ConvertToPcb"; Value = "yes"; VariantName = "[No Variations]"
Add component (AddParameter): Name = "Device"; Value = "HDR-M_2.54_1x5P"; VariantName = "[No Variations]"
Add component (AddParameter): Name = "FootprintName"; Value = "HDR-TH_5P-P2.54-V-M"; VariantName = "[No Variations]"
Add component (AddParameter): Name = "Group ID"; Value = ""; VariantName = "[No Variations]"
Add component (AddParameter): Name = "ModelId"; Value = "47d466e4a34f4fc5bc626cf773a24dd5"; VariantName = "[No Variations]"
Add component (AddParameter): Name = "ModelName"; Value = "HDR-TH_5P-P2.54-M-LI-1X5P"; VariantName = "[No Variations]"
Add component (AddParameter): Name = "ModelTransform"; Value = "499.999,100,0,0,0,0,0,0,-118.11"; VariantName = "[No Variations]"
Add component (AddParameter): Name = "Reuse Block"; Value = ""; VariantName = "[No Variations]"
Add component (AddParameter): Name = "Supplier Footprint"; Value = "插件"; VariantName = "[No Variations]"
Add component (AddParameter): Name = "SupplierPart"; Value = "C358687"; VariantName = "[No Variations]"
Add component (AddParameter): Name = "Symbol"; Value = "MTP125-1105S1"; VariantName = "[No Variations]"
Added Component: Designator=L1(L0603)
Add component. Clean all parameters for all variants
Add component (AddParameter): Name = "AddInBom"; Value = "yes"; VariantName = "[No Variations]"
Add component (AddParameter): Name = "Channel ID"; Value = ""; VariantName = "[No Variations]"
Add component (AddParameter): Name = "ConvertToPcb"; Value = "yes"; VariantName = "[No Variations]"
Add component (AddParameter): Name = "Device"; Value = "L_0603"; VariantName = "[No Variations]"
Add component (AddParameter): Name = "FootprintName"; Value = "L0603"; VariantName = "[No Variations]"
Add component (AddParameter): Name = "Group ID"; Value = ""; VariantName = "[No Variations]"
Add component (AddParameter): Name = "ModelId"; Value = "2bc5ec593d464d6ba9807aec0b5673c2"; VariantName = "[No Variations]"
Add component (AddParameter): Name = "ModelName"; Value = "L0603_L1.6-W0.8-H0.5_BEAD"; VariantName = "[No Variations]"
Add component (AddParameter): Name = "ModelTransform"; Value = "62.992,31.496,0,180,0,0,0.094,0.629,0"; VariantName = "[No Variations]"
Add component (AddParameter): Name = "Reuse Block"; Value = ""; VariantName = "[No Variations]"
Add component (AddParameter): Name = "Supplier Footprint"; Value = "L0603"; VariantName = "[No Variations]"
Add component (AddParameter): Name = "Symbol"; Value = "SDFL1608S100KTF"; VariantName = "[No Variations]"
Add component (AddParameter): Name = "Value"; Value = "10uH"; VariantName = "[No Variations]"
Added Component: Designator=L2(L0603)
Add component. Clean all parameters for all variants
Add component (AddParameter): Name = "AddInBom"; Value = "yes"; VariantName = "[No Variations]"
Add component (AddParameter): Name = "Channel ID"; Value = ""; VariantName = "[No Variations]"
Add component (AddParameter): Name = "Circuits"; Value = "1"; VariantName = "[No Variations]"
Add component (AddParameter): Name = "ConvertToPcb"; Value = "yes"; VariantName = "[No Variations]"
Add component (AddParameter): Name = "Current Rating"; Value = "300mA"; VariantName = "[No Variations]"
Add component (AddParameter): Name = "Datasheet"; Value = "https://atta.szlcsc.com/upload/public/pdf/source/20181120/C333978_3E581FB55966932B05020139ABDE8E01.pdf"; VariantName = "[No Variations]"
Add component (AddParameter): Name = "DC Resistance"; Value = "650mΩ"; VariantName = "[No Variations]"
Add component (AddParameter): Name = "Device"; Value = "BLM15AG102SN1D"; VariantName = "[No Variations]"
Add component (AddParameter): Name = "FootprintName"; Value = "L0603"; VariantName = "[No Variations]"
Add component (AddParameter): Name = "Group ID"; Value = ""; VariantName = "[No Variations]"
Add component (AddParameter): Name = "Impedance @ Frequency"; Value = "1kΩ@100MHz"; VariantName = "[No Variations]"
Add component (AddParameter): Name = "JLCPCB Part Class"; Value = "扩展库"; VariantName = "[No Variations]"
Add component (AddParameter): Name = "LCSC Part Name"; Value = "单路 0402磁珠 阻抗1kΩ@100MHz"; VariantName = "[No Variations]"
Add component (AddParameter): Name = "Manufacturer"; Value = "muRata(村田)"; VariantName = "[No Variations]"
Add component (AddParameter): Name = "ManufacturerPart"; Value = "BLM15AG102SN1D"; VariantName = "[No Variations]"
Add component (AddParameter): Name = "ModelId"; Value = "d8d36575a3234d4790bfa765c88664a7"; VariantName = "[No Variations]"
Add component (AddParameter): Name = "ModelName"; Value = "L0402_L1.0-W0.5-H0.5_BEAD"; VariantName = "[No Variations]"
Add component (AddParameter): Name = "ModelTransform"; Value = "39.37,19.685,0,0,0,0,0,0.0005,0"; VariantName = "[No Variations]"
Add component (AddParameter): Name = "Reuse Block"; Value = ""; VariantName = "[No Variations]"
Add component (AddParameter): Name = "Supplier"; Value = "LCSC"; VariantName = "[No Variations]"
Add component (AddParameter): Name = "Supplier Footprint"; Value = "0402"; VariantName = "[No Variations]"
Add component (AddParameter): Name = "SupplierPart"; Value = "C76883"; VariantName = "[No Variations]"
Add component (AddParameter): Name = "Symbol"; Value = "BLM15AG102SN1D"; VariantName = "[No Variations]"
Add component (AddParameter): Name = "Tolerance"; Value = "±25%"; VariantName = "[No Variations]"
Added Component: Designator=L3(IND-SMD_L7.3-W6.8)
Add component. Clean all parameters for all variants
Add component (AddParameter): Name = "AddInBom"; Value = "yes"; VariantName = "[No Variations]"
Add component (AddParameter): Name = "Channel ID"; Value = ""; VariantName = "[No Variations]"
Add component (AddParameter): Name = "ConvertToPcb"; Value = "yes"; VariantName = "[No Variations]"
Add component (AddParameter): Name = "Datasheet"; Value = "https://atta.szlcsc.com/upload/public/pdf/source/20240426/3189EA8206330E2108542F9E34E540E7.pdf"; VariantName = "[No Variations]"
Add component (AddParameter): Name = "DC Resistance (DCR)"; Value = "68mΩ"; VariantName = "[No Variations]"
Add component (AddParameter): Name = "Device"; Value = "FXL0630-100-M"; VariantName = "[No Variations]"
Add component (AddParameter): Name = "FootprintName"; Value = "IND-SMD_L7.3-W6.8"; VariantName = "[No Variations]"
Add component (AddParameter): Name = "Group ID"; Value = ""; VariantName = "[No Variations]"
Add component (AddParameter): Name = "JLCPCB Part Class"; Value = "扩展库"; VariantName = "[No Variations]"
Add component (AddParameter): Name = "LCSC Part Name"; Value = "10uH ±20% 5.5A"; VariantName = "[No Variations]"
Add component (AddParameter): Name = "Manufacturer"; Value = "cjiang(长江微电)"; VariantName = "[No Variations]"
Add component (AddParameter): Name = "ManufacturerPart"; Value = "FXL0630-100-M"; VariantName = "[No Variations]"
Add component (AddParameter): Name = "ModelId"; Value = "e28854526ca747668ea12fbe1dd39a63"; VariantName = "[No Variations]"
Add component (AddParameter): Name = "ModelName"; Value = "IND-SMD_L7.3-W6.8-H3.0"; VariantName = "[No Variations]"
Add component (AddParameter): Name = "ModelTransform"; Value = "292.125,267.716,0,0,0,0,0,0,0"; VariantName = "[No Variations]"
Add component (AddParameter): Name = "Rated Current"; Value = "4.5A"; VariantName = "[No Variations]"
Add component (AddParameter): Name = "Ratings"; Value = "-"; VariantName = "[No Variations]"
Add component (AddParameter): Name = "Reuse Block"; Value = ""; VariantName = "[No Variations]"
Add component (AddParameter): Name = "Saturation Current (Isat)"; Value = "5.5A"; VariantName = "[No Variations]"
Add component (AddParameter): Name = "Supplier"; Value = "LCSC"; VariantName = "[No Variations]"
Add component (AddParameter): Name = "Supplier Footprint"; Value = "SMD,6.6x7mm"; VariantName = "[No Variations]"
Add component (AddParameter): Name = "SupplierPart"; Value = "C167223"; VariantName = "[No Variations]"
Add component (AddParameter): Name = "Symbol"; Value = "FXL0630-100-M"; VariantName = "[No Variations]"
Add component (AddParameter): Name = "Tolerance"; Value = "±20%"; VariantName = "[No Variations]"
Add component (AddParameter): Name = "Type"; Value = "一体成型电感"; VariantName = "[No Variations]"
Add component (AddParameter): Name = "Value"; Value = "10uH"; VariantName = "[No Variations]"
Added Component: Designator=L4(L0603)
Add component. Clean all parameters for all variants
Add component (AddParameter): Name = "AddInBom"; Value = "yes"; VariantName = "[No Variations]"
Add component (AddParameter): Name = "Channel ID"; Value = ""; VariantName = "[No Variations]"
Add component (AddParameter): Name = "ConvertToPcb"; Value = "yes"; VariantName = "[No Variations]"
Add component (AddParameter): Name = "Device"; Value = "L_0603"; VariantName = "[No Variations]"
Add component (AddParameter): Name = "FootprintName"; Value = "L0603"; VariantName = "[No Variations]"
Add component (AddParameter): Name = "Group ID"; Value = ""; VariantName = "[No Variations]"
Add component (AddParameter): Name = "ModelId"; Value = "2bc5ec593d464d6ba9807aec0b5673c2"; VariantName = "[No Variations]"
Add component (AddParameter): Name = "ModelName"; Value = "L0603_L1.6-W0.8-H0.5_BEAD"; VariantName = "[No Variations]"
Add component (AddParameter): Name = "ModelTransform"; Value = "62.992,31.496,0,180,0,0,0.094,0.629,0"; VariantName = "[No Variations]"
Add component (AddParameter): Name = "Reuse Block"; Value = ""; VariantName = "[No Variations]"
Add component (AddParameter): Name = "Supplier Footprint"; Value = "L0603"; VariantName = "[No Variations]"
Add component (AddParameter): Name = "Symbol"; Value = "SDFL1608S100KTF"; VariantName = "[No Variations]"
Add component (AddParameter): Name = "Value"; Value = "10uH"; VariantName = "[No Variations]"
Added Component: Designator=L5(L0603)
Add component. Clean all parameters for all variants
Add component (AddParameter): Name = "AddInBom"; Value = "yes"; VariantName = "[No Variations]"
Add component (AddParameter): Name = "Channel ID"; Value = ""; VariantName = "[No Variations]"
Add component (AddParameter): Name = "ConvertToPcb"; Value = "yes"; VariantName = "[No Variations]"
Add component (AddParameter): Name = "Device"; Value = "L_0603"; VariantName = "[No Variations]"
Add component (AddParameter): Name = "FootprintName"; Value = "L0603"; VariantName = "[No Variations]"
Add component (AddParameter): Name = "Group ID"; Value = ""; VariantName = "[No Variations]"
Add component (AddParameter): Name = "ModelId"; Value = "2bc5ec593d464d6ba9807aec0b5673c2"; VariantName = "[No Variations]"
Add component (AddParameter): Name = "ModelName"; Value = "L0603_L1.6-W0.8-H0.5_BEAD"; VariantName = "[No Variations]"
Add component (AddParameter): Name = "ModelTransform"; Value = "62.992,31.496,0,180,0,0,0.094,0.629,0"; VariantName = "[No Variations]"
Add component (AddParameter): Name = "Reuse Block"; Value = ""; VariantName = "[No Variations]"
Add component (AddParameter): Name = "Supplier Footprint"; Value = "L0603"; VariantName = "[No Variations]"
Add component (AddParameter): Name = "Symbol"; Value = "SDFL1608S100KTF"; VariantName = "[No Variations]"
Add component (AddParameter): Name = "Value"; Value = "10uH"; VariantName = "[No Variations]"
Added Component: Designator=L6(L0603)
Add component. Clean all parameters for all variants
Add component (AddParameter): Name = "AddInBom"; Value = "yes"; VariantName = "[No Variations]"
Add component (AddParameter): Name = "Channel ID"; Value = ""; VariantName = "[No Variations]"
Add component (AddParameter): Name = "Circuits"; Value = "1"; VariantName = "[No Variations]"
Add component (AddParameter): Name = "ConvertToPcb"; Value = "yes"; VariantName = "[No Variations]"
Add component (AddParameter): Name = "Current Rating"; Value = "300mA"; VariantName = "[No Variations]"
Add component (AddParameter): Name = "Datasheet"; Value = "https://atta.szlcsc.com/upload/public/pdf/source/20181120/C333978_3E581FB55966932B05020139ABDE8E01.pdf"; VariantName = "[No Variations]"
Add component (AddParameter): Name = "DC Resistance"; Value = "650mΩ"; VariantName = "[No Variations]"
Add component (AddParameter): Name = "Device"; Value = "BLM15AG102SN1D"; VariantName = "[No Variations]"
Add component (AddParameter): Name = "FootprintName"; Value = "L0603"; VariantName = "[No Variations]"
Add component (AddParameter): Name = "Group ID"; Value = ""; VariantName = "[No Variations]"
Add component (AddParameter): Name = "Impedance @ Frequency"; Value = "1kΩ@100MHz"; VariantName = "[No Variations]"
Add component (AddParameter): Name = "JLCPCB Part Class"; Value = "扩展库"; VariantName = "[No Variations]"
Add component (AddParameter): Name = "LCSC Part Name"; Value = "单路 0402磁珠 阻抗1kΩ@100MHz"; VariantName = "[No Variations]"
Add component (AddParameter): Name = "Manufacturer"; Value = "muRata(村田)"; VariantName = "[No Variations]"
Add component (AddParameter): Name = "ManufacturerPart"; Value = "BLM15AG102SN1D"; VariantName = "[No Variations]"
Add component (AddParameter): Name = "ModelId"; Value = "d8d36575a3234d4790bfa765c88664a7"; VariantName = "[No Variations]"
Add component (AddParameter): Name = "ModelName"; Value = "L0402_L1.0-W0.5-H0.5_BEAD"; VariantName = "[No Variations]"
Add component (AddParameter): Name = "ModelTransform"; Value = "39.37,19.685,0,0,0,0,0,0.0005,0"; VariantName = "[No Variations]"
Add component (AddParameter): Name = "Reuse Block"; Value = ""; VariantName = "[No Variations]"
Add component (AddParameter): Name = "Supplier"; Value = "LCSC"; VariantName = "[No Variations]"
Add component (AddParameter): Name = "Supplier Footprint"; Value = "0402"; VariantName = "[No Variations]"
Add component (AddParameter): Name = "SupplierPart"; Value = "C76883"; VariantName = "[No Variations]"
Add component (AddParameter): Name = "Symbol"; Value = "BLM15AG102SN1D"; VariantName = "[No Variations]"
Add component (AddParameter): Name = "Tolerance"; Value = "±25%"; VariantName = "[No Variations]"
Added Component: Designator=L7(L0603)
Add component. Clean all parameters for all variants
Add component (AddParameter): Name = "AddInBom"; Value = "yes"; VariantName = "[No Variations]"
Add component (AddParameter): Name = "Channel ID"; Value = ""; VariantName = "[No Variations]"
Add component (AddParameter): Name = "Circuits"; Value = "1"; VariantName = "[No Variations]"
Add component (AddParameter): Name = "ConvertToPcb"; Value = "yes"; VariantName = "[No Variations]"
Add component (AddParameter): Name = "Current Rating"; Value = "300mA"; VariantName = "[No Variations]"
Add component (AddParameter): Name = "Datasheet"; Value = "https://atta.szlcsc.com/upload/public/pdf/source/20181120/C333978_3E581FB55966932B05020139ABDE8E01.pdf"; VariantName = "[No Variations]"
Add component (AddParameter): Name = "DC Resistance"; Value = "650mΩ"; VariantName = "[No Variations]"
Add component (AddParameter): Name = "Device"; Value = "BLM15AG102SN1D"; VariantName = "[No Variations]"
Add component (AddParameter): Name = "FootprintName"; Value = "L0603"; VariantName = "[No Variations]"
Add component (AddParameter): Name = "Group ID"; Value = ""; VariantName = "[No Variations]"
Add component (AddParameter): Name = "Impedance @ Frequency"; Value = "1kΩ@100MHz"; VariantName = "[No Variations]"
Add component (AddParameter): Name = "JLCPCB Part Class"; Value = "扩展库"; VariantName = "[No Variations]"
Add component (AddParameter): Name = "LCSC Part Name"; Value = "单路 0402磁珠 阻抗1kΩ@100MHz"; VariantName = "[No Variations]"
Add component (AddParameter): Name = "Manufacturer"; Value = "muRata(村田)"; VariantName = "[No Variations]"
Add component (AddParameter): Name = "ManufacturerPart"; Value = "BLM15AG102SN1D"; VariantName = "[No Variations]"
Add component (AddParameter): Name = "ModelId"; Value = "d8d36575a3234d4790bfa765c88664a7"; VariantName = "[No Variations]"
Add component (AddParameter): Name = "ModelName"; Value = "L0402_L1.0-W0.5-H0.5_BEAD"; VariantName = "[No Variations]"
Add component (AddParameter): Name = "ModelTransform"; Value = "39.37,19.685,0,0,0,0,0,0.0005,0"; VariantName = "[No Variations]"
Add component (AddParameter): Name = "Reuse Block"; Value = ""; VariantName = "[No Variations]"
Add component (AddParameter): Name = "Supplier"; Value = "LCSC"; VariantName = "[No Variations]"
Add component (AddParameter): Name = "Supplier Footprint"; Value = "0402"; VariantName = "[No Variations]"
Add component (AddParameter): Name = "SupplierPart"; Value = "C76883"; VariantName = "[No Variations]"
Add component (AddParameter): Name = "Symbol"; Value = "BLM15AG102SN1D"; VariantName = "[No Variations]"
Add component (AddParameter): Name = "Tolerance"; Value = "±25%"; VariantName = "[No Variations]"
Added Component: Designator=L8(L0603)
Add component. Clean all parameters for all variants
Add component (AddParameter): Name = "AddInBom"; Value = "yes"; VariantName = "[No Variations]"
Add component (AddParameter): Name = "Channel ID"; Value = ""; VariantName = "[No Variations]"
Add component (AddParameter): Name = "ConvertToPcb"; Value = "yes"; VariantName = "[No Variations]"
Add component (AddParameter): Name = "Device"; Value = "L_0603"; VariantName = "[No Variations]"
Add component (AddParameter): Name = "FootprintName"; Value = "L0603"; VariantName = "[No Variations]"
Add component (AddParameter): Name = "Group ID"; Value = ""; VariantName = "[No Variations]"
Add component (AddParameter): Name = "ModelId"; Value = "2bc5ec593d464d6ba9807aec0b5673c2"; VariantName = "[No Variations]"
Add component (AddParameter): Name = "ModelName"; Value = "L0603_L1.6-W0.8-H0.5_BEAD"; VariantName = "[No Variations]"
Add component (AddParameter): Name = "ModelTransform"; Value = "62.992,31.496,0,180,0,0,0.094,0.629,0"; VariantName = "[No Variations]"
Add component (AddParameter): Name = "Reuse Block"; Value = ""; VariantName = "[No Variations]"
Add component (AddParameter): Name = "Supplier Footprint"; Value = "L0603"; VariantName = "[No Variations]"
Add component (AddParameter): Name = "Symbol"; Value = "SDFL1608S100KTF"; VariantName = "[No Variations]"
Add component (AddParameter): Name = "Value"; Value = "10uH"; VariantName = "[No Variations]"
Added Component: Designator=L9(L0603)
Add component. Clean all parameters for all variants
Add component (AddParameter): Name = "AddInBom"; Value = "yes"; VariantName = "[No Variations]"
Add component (AddParameter): Name = "Channel ID"; Value = ""; VariantName = "[No Variations]"
Add component (AddParameter): Name = "Circuits"; Value = "1"; VariantName = "[No Variations]"
Add component (AddParameter): Name = "ConvertToPcb"; Value = "yes"; VariantName = "[No Variations]"
Add component (AddParameter): Name = "Current Rating"; Value = "300mA"; VariantName = "[No Variations]"
Add component (AddParameter): Name = "Datasheet"; Value = "https://atta.szlcsc.com/upload/public/pdf/source/20181120/C333978_3E581FB55966932B05020139ABDE8E01.pdf"; VariantName = "[No Variations]"
Add component (AddParameter): Name = "DC Resistance"; Value = "650mΩ"; VariantName = "[No Variations]"
Add component (AddParameter): Name = "Device"; Value = "BLM15AG102SN1D"; VariantName = "[No Variations]"
Add component (AddParameter): Name = "FootprintName"; Value = "L0603"; VariantName = "[No Variations]"
Add component (AddParameter): Name = "Group ID"; Value = ""; VariantName = "[No Variations]"
Add component (AddParameter): Name = "Impedance @ Frequency"; Value = "1kΩ@100MHz"; VariantName = "[No Variations]"
Add component (AddParameter): Name = "JLCPCB Part Class"; Value = "扩展库"; VariantName = "[No Variations]"
Add component (AddParameter): Name = "LCSC Part Name"; Value = "单路 0402磁珠 阻抗1kΩ@100MHz"; VariantName = "[No Variations]"
Add component (AddParameter): Name = "Manufacturer"; Value = "muRata(村田)"; VariantName = "[No Variations]"
Add component (AddParameter): Name = "ManufacturerPart"; Value = "BLM15AG102SN1D"; VariantName = "[No Variations]"
Add component (AddParameter): Name = "ModelId"; Value = "d8d36575a3234d4790bfa765c88664a7"; VariantName = "[No Variations]"
Add component (AddParameter): Name = "ModelName"; Value = "L0402_L1.0-W0.5-H0.5_BEAD"; VariantName = "[No Variations]"
Add component (AddParameter): Name = "ModelTransform"; Value = "39.37,19.685,0,0,0,0,0,0.0005,0"; VariantName = "[No Variations]"
Add component (AddParameter): Name = "Reuse Block"; Value = ""; VariantName = "[No Variations]"
Add component (AddParameter): Name = "Supplier"; Value = "LCSC"; VariantName = "[No Variations]"
Add component (AddParameter): Name = "Supplier Footprint"; Value = "0402"; VariantName = "[No Variations]"
Add component (AddParameter): Name = "SupplierPart"; Value = "C76883"; VariantName = "[No Variations]"
Add component (AddParameter): Name = "Symbol"; Value = "BLM15AG102SN1D"; VariantName = "[No Variations]"
Add component (AddParameter): Name = "Tolerance"; Value = "±25%"; VariantName = "[No Variations]"
Added Component: Designator=L10(L0603)
Add component. Clean all parameters for all variants
Add component (AddParameter): Name = "AddInBom"; Value = "yes"; VariantName = "[No Variations]"
Add component (AddParameter): Name = "Channel ID"; Value = ""; VariantName = "[No Variations]"
Add component (AddParameter): Name = "ConvertToPcb"; Value = "yes"; VariantName = "[No Variations]"
Add component (AddParameter): Name = "Device"; Value = "L_0603"; VariantName = "[No Variations]"
Add component (AddParameter): Name = "FootprintName"; Value = "L0603"; VariantName = "[No Variations]"
Add component (AddParameter): Name = "Group ID"; Value = ""; VariantName = "[No Variations]"
Add component (AddParameter): Name = "ModelId"; Value = "2bc5ec593d464d6ba9807aec0b5673c2"; VariantName = "[No Variations]"
Add component (AddParameter): Name = "ModelName"; Value = "L0603_L1.6-W0.8-H0.5_BEAD"; VariantName = "[No Variations]"
Add component (AddParameter): Name = "ModelTransform"; Value = "62.992,31.496,0,180,0,0,0.094,0.629,0"; VariantName = "[No Variations]"
Add component (AddParameter): Name = "Reuse Block"; Value = ""; VariantName = "[No Variations]"
Add component (AddParameter): Name = "Supplier Footprint"; Value = "L0603"; VariantName = "[No Variations]"
Add component (AddParameter): Name = "Symbol"; Value = "SDFL1608S100KTF"; VariantName = "[No Variations]"
Add component (AddParameter): Name = "Value"; Value = "10uH"; VariantName = "[No Variations]"
Added Component: Designator=L11(L0603)
Add component. Clean all parameters for all variants
Add component (AddParameter): Name = "AddInBom"; Value = "yes"; VariantName = "[No Variations]"
Add component (AddParameter): Name = "Channel ID"; Value = ""; VariantName = "[No Variations]"
Add component (AddParameter): Name = "Circuits"; Value = "1"; VariantName = "[No Variations]"
Add component (AddParameter): Name = "ConvertToPcb"; Value = "yes"; VariantName = "[No Variations]"
Add component (AddParameter): Name = "Current Rating"; Value = "300mA"; VariantName = "[No Variations]"
Add component (AddParameter): Name = "Datasheet"; Value = "https://atta.szlcsc.com/upload/public/pdf/source/20181120/C333978_3E581FB55966932B05020139ABDE8E01.pdf"; VariantName = "[No Variations]"
Add component (AddParameter): Name = "DC Resistance"; Value = "650mΩ"; VariantName = "[No Variations]"
Add component (AddParameter): Name = "Device"; Value = "BLM15AG102SN1D"; VariantName = "[No Variations]"
Add component (AddParameter): Name = "FootprintName"; Value = "L0603"; VariantName = "[No Variations]"
Add component (AddParameter): Name = "Group ID"; Value = ""; VariantName = "[No Variations]"
Add component (AddParameter): Name = "Impedance @ Frequency"; Value = "1kΩ@100MHz"; VariantName = "[No Variations]"
Add component (AddParameter): Name = "JLCPCB Part Class"; Value = "扩展库"; VariantName = "[No Variations]"
Add component (AddParameter): Name = "LCSC Part Name"; Value = "单路 0402磁珠 阻抗1kΩ@100MHz"; VariantName = "[No Variations]"
Add component (AddParameter): Name = "Manufacturer"; Value = "muRata(村田)"; VariantName = "[No Variations]"
Add component (AddParameter): Name = "ManufacturerPart"; Value = "BLM15AG102SN1D"; VariantName = "[No Variations]"
Add component (AddParameter): Name = "ModelId"; Value = "d8d36575a3234d4790bfa765c88664a7"; VariantName = "[No Variations]"
Add component (AddParameter): Name = "ModelName"; Value = "L0402_L1.0-W0.5-H0.5_BEAD"; VariantName = "[No Variations]"
Add component (AddParameter): Name = "ModelTransform"; Value = "39.37,19.685,0,0,0,0,0,0.0005,0"; VariantName = "[No Variations]"
Add component (AddParameter): Name = "Reuse Block"; Value = ""; VariantName = "[No Variations]"
Add component (AddParameter): Name = "Supplier"; Value = "LCSC"; VariantName = "[No Variations]"
Add component (AddParameter): Name = "Supplier Footprint"; Value = "0402"; VariantName = "[No Variations]"
Add component (AddParameter): Name = "SupplierPart"; Value = "C76883"; VariantName = "[No Variations]"
Add component (AddParameter): Name = "Symbol"; Value = "BLM15AG102SN1D"; VariantName = "[No Variations]"
Add component (AddParameter): Name = "Tolerance"; Value = "±25%"; VariantName = "[No Variations]"
Added Component: Designator=LED1(LED_0603)
Add component. Clean all parameters for all variants
Add component (AddParameter): Name = "3D Model"; Value = "dd8257b0d61a4cd7b68939a056e08095"; VariantName = "[No Variations]"
Add component (AddParameter): Name = "3D Model Transform"; Value = "58.72,29.4,22.03,0,0,0,0,0,0"; VariantName = "[No Variations]"
Add component (AddParameter): Name = "Add into BOM"; Value = "yes"; VariantName = "[No Variations]"
Add component (AddParameter): Name = "Channel ID"; Value = ""; VariantName = "[No Variations]"
Add component (AddParameter): Name = "Convert to PCB"; Value = "yes"; VariantName = "[No Variations]"
Add component (AddParameter): Name = "Device"; Value = "LED_0603-R"; VariantName = "[No Variations]"
Add component (AddParameter): Name = "FootprintName"; Value = "LED_0603"; VariantName = "[No Variations]"
Add component (AddParameter): Name = "Group ID"; Value = ""; VariantName = "[No Variations]"
Add component (AddParameter): Name = "JLCPCB Part Class"; Value = ""; VariantName = "[No Variations]"
Add component (AddParameter): Name = "ModelName"; Value = "LED-0603_R"; VariantName = "[No Variations]"
Add component (AddParameter): Name = "Reuse Block"; Value = ""; VariantName = "[No Variations]"
Add component (AddParameter): Name = "Supplier Footprint"; Value = "0603"; VariantName = "[No Variations]"
Add component (AddParameter): Name = "Supplier Part"; Value = ""; VariantName = "[No Variations]"
Add component (AddParameter): Name = "Symbol"; Value = "LED_R"; VariantName = "[No Variations]"
Added Component: Designator=LED2(LED_0603)
Add component. Clean all parameters for all variants
Add component (AddParameter): Name = "3D Model"; Value = "dd8257b0d61a4cd7b68939a056e08095"; VariantName = "[No Variations]"
Add component (AddParameter): Name = "3D Model Transform"; Value = "58.72,29.4,22.03,0,0,0,0,0,0"; VariantName = "[No Variations]"
Add component (AddParameter): Name = "Add into BOM"; Value = "yes"; VariantName = "[No Variations]"
Add component (AddParameter): Name = "Channel ID"; Value = ""; VariantName = "[No Variations]"
Add component (AddParameter): Name = "Convert to PCB"; Value = "yes"; VariantName = "[No Variations]"
Add component (AddParameter): Name = "Device"; Value = "LED_0603-R"; VariantName = "[No Variations]"
Add component (AddParameter): Name = "FootprintName"; Value = "LED_0603"; VariantName = "[No Variations]"
Add component (AddParameter): Name = "Group ID"; Value = ""; VariantName = "[No Variations]"
Add component (AddParameter): Name = "JLCPCB Part Class"; Value = ""; VariantName = "[No Variations]"
Add component (AddParameter): Name = "ModelName"; Value = "LED-0603_R"; VariantName = "[No Variations]"
Add component (AddParameter): Name = "Reuse Block"; Value = ""; VariantName = "[No Variations]"
Add component (AddParameter): Name = "Supplier Footprint"; Value = "0603"; VariantName = "[No Variations]"
Add component (AddParameter): Name = "Supplier Part"; Value = ""; VariantName = "[No Variations]"
Add component (AddParameter): Name = "Symbol"; Value = "LED_R"; VariantName = "[No Variations]"
Added Component: Designator=LED3(LED_0603)
Add component. Clean all parameters for all variants
Add component (AddParameter): Name = "3D Model"; Value = "dd8257b0d61a4cd7b68939a056e08095"; VariantName = "[No Variations]"
Add component (AddParameter): Name = "3D Model Transform"; Value = "58.72,29.4,22.03,0,0,0,0,0,0"; VariantName = "[No Variations]"
Add component (AddParameter): Name = "Add into BOM"; Value = "yes"; VariantName = "[No Variations]"
Add component (AddParameter): Name = "Channel ID"; Value = ""; VariantName = "[No Variations]"
Add component (AddParameter): Name = "Convert to PCB"; Value = "yes"; VariantName = "[No Variations]"
Add component (AddParameter): Name = "Device"; Value = "LED_0603-R"; VariantName = "[No Variations]"
Add component (AddParameter): Name = "FootprintName"; Value = "LED_0603"; VariantName = "[No Variations]"
Add component (AddParameter): Name = "Group ID"; Value = ""; VariantName = "[No Variations]"
Add component (AddParameter): Name = "JLCPCB Part Class"; Value = ""; VariantName = "[No Variations]"
Add component (AddParameter): Name = "ModelName"; Value = "LED-0603_R"; VariantName = "[No Variations]"
Add component (AddParameter): Name = "Reuse Block"; Value = ""; VariantName = "[No Variations]"
Add component (AddParameter): Name = "Supplier Footprint"; Value = "0603"; VariantName = "[No Variations]"
Add component (AddParameter): Name = "Supplier Part"; Value = ""; VariantName = "[No Variations]"
Add component (AddParameter): Name = "Symbol"; Value = "LED_R"; VariantName = "[No Variations]"
Added Component: Designator=LED4(LED_0603)
Add component. Clean all parameters for all variants
Add component (AddParameter): Name = "3D Model"; Value = "dd8257b0d61a4cd7b68939a056e08095"; VariantName = "[No Variations]"
Add component (AddParameter): Name = "3D Model Transform"; Value = "58.72,29.4,22.03,0,0,0,0,0,0"; VariantName = "[No Variations]"
Add component (AddParameter): Name = "Add into BOM"; Value = "yes"; VariantName = "[No Variations]"
Add component (AddParameter): Name = "Channel ID"; Value = ""; VariantName = "[No Variations]"
Add component (AddParameter): Name = "Convert to PCB"; Value = "yes"; VariantName = "[No Variations]"
Add component (AddParameter): Name = "Device"; Value = "LED_0603-R"; VariantName = "[No Variations]"
Add component (AddParameter): Name = "FootprintName"; Value = "LED_0603"; VariantName = "[No Variations]"
Add component (AddParameter): Name = "Group ID"; Value = ""; VariantName = "[No Variations]"
Add component (AddParameter): Name = "JLCPCB Part Class"; Value = ""; VariantName = "[No Variations]"
Add component (AddParameter): Name = "ModelName"; Value = "LED-0603_R"; VariantName = "[No Variations]"
Add component (AddParameter): Name = "Reuse Block"; Value = ""; VariantName = "[No Variations]"
Add component (AddParameter): Name = "Supplier Footprint"; Value = "0603"; VariantName = "[No Variations]"
Add component (AddParameter): Name = "Supplier Part"; Value = ""; VariantName = "[No Variations]"
Add component (AddParameter): Name = "Symbol"; Value = "LED_R"; VariantName = "[No Variations]"
Added Component: Designator=LED5(LED_0603)
Add component. Clean all parameters for all variants
Add component (AddParameter): Name = "3D Model"; Value = "dd8257b0d61a4cd7b68939a056e08095"; VariantName = "[No Variations]"
Add component (AddParameter): Name = "3D Model Transform"; Value = "58.72,29.4,22.03,0,0,0,0,0,0"; VariantName = "[No Variations]"
Add component (AddParameter): Name = "Add into BOM"; Value = "yes"; VariantName = "[No Variations]"
Add component (AddParameter): Name = "Channel ID"; Value = ""; VariantName = "[No Variations]"
Add component (AddParameter): Name = "Convert to PCB"; Value = "yes"; VariantName = "[No Variations]"
Add component (AddParameter): Name = "Device"; Value = "LED_0603-R"; VariantName = "[No Variations]"
Add component (AddParameter): Name = "FootprintName"; Value = "LED_0603"; VariantName = "[No Variations]"
Add component (AddParameter): Name = "Group ID"; Value = ""; VariantName = "[No Variations]"
Add component (AddParameter): Name = "JLCPCB Part Class"; Value = ""; VariantName = "[No Variations]"
Add component (AddParameter): Name = "ModelName"; Value = "LED-0603_R"; VariantName = "[No Variations]"
Add component (AddParameter): Name = "Reuse Block"; Value = ""; VariantName = "[No Variations]"
Add component (AddParameter): Name = "Supplier Footprint"; Value = "0603"; VariantName = "[No Variations]"
Add component (AddParameter): Name = "Supplier Part"; Value = ""; VariantName = "[No Variations]"
Add component (AddParameter): Name = "Symbol"; Value = "LED_R"; VariantName = "[No Variations]"
Added Component: Designator=LED6(LED_0603)
Add component. Clean all parameters for all variants
Add component (AddParameter): Name = "3D Model"; Value = "dd8257b0d61a4cd7b68939a056e08095"; VariantName = "[No Variations]"
Add component (AddParameter): Name = "3D Model Transform"; Value = "58.72,29.4,22.03,0,0,0,0,0,0"; VariantName = "[No Variations]"
Add component (AddParameter): Name = "Add into BOM"; Value = "yes"; VariantName = "[No Variations]"
Add component (AddParameter): Name = "Channel ID"; Value = ""; VariantName = "[No Variations]"
Add component (AddParameter): Name = "Convert to PCB"; Value = "yes"; VariantName = "[No Variations]"
Add component (AddParameter): Name = "Device"; Value = "LED_0603-R"; VariantName = "[No Variations]"
Add component (AddParameter): Name = "FootprintName"; Value = "LED_0603"; VariantName = "[No Variations]"
Add component (AddParameter): Name = "Group ID"; Value = ""; VariantName = "[No Variations]"
Add component (AddParameter): Name = "JLCPCB Part Class"; Value = ""; VariantName = "[No Variations]"
Add component (AddParameter): Name = "ModelName"; Value = "LED-0603_R"; VariantName = "[No Variations]"
Add component (AddParameter): Name = "Reuse Block"; Value = ""; VariantName = "[No Variations]"
Add component (AddParameter): Name = "Supplier Footprint"; Value = "0603"; VariantName = "[No Variations]"
Add component (AddParameter): Name = "Supplier Part"; Value = ""; VariantName = "[No Variations]"
Add component (AddParameter): Name = "Symbol"; Value = "LED_R"; VariantName = "[No Variations]"
Added Component: Designator=P1(CONN-TH_XH2.54-2P)
Add component. Clean all parameters for all variants
Add component (AddParameter): Name = "AddInBom"; Value = "yes"; VariantName = "[No Variations]"
Add component (AddParameter): Name = "Channel ID"; Value = ""; VariantName = "[No Variations]"
Add component (AddParameter): Name = "ConvertToPcb"; Value = "yes"; VariantName = "[No Variations]"
Add component (AddParameter): Name = "Datasheet"; Value = ""; VariantName = "[No Variations]"
Add component (AddParameter): Name = "Device"; Value = "XH2.54直插座-2P"; VariantName = "[No Variations]"
Add component (AddParameter): Name = "FootprintName"; Value = "CONN-TH_XH2.54-2P"; VariantName = "[No Variations]"
Add component (AddParameter): Name = "Group ID"; Value = ""; VariantName = "[No Variations]"
Add component (AddParameter): Name = "JLCPCB Part Class"; Value = "扩展库"; VariantName = "[No Variations]"
Add component (AddParameter): Name = "LCSC Part Name"; Value = "XH2.54直插座-2P"; VariantName = "[No Variations]"
Add component (AddParameter): Name = "Manufacturer"; Value = ""; VariantName = "[No Variations]"
Add component (AddParameter): Name = "ManufacturerPart"; Value = "XH2.54直插座-2P"; VariantName = "[No Variations]"
Add component (AddParameter): Name = "ModelId"; Value = "dc9654a6caad4c20aab3bc231ea458cf"; VariantName = "[No Variations]"
Add component (AddParameter): Name = "ModelName"; Value = "CONN-TH_XH2.54-2P"; VariantName = "[No Variations]"
Add component (AddParameter): Name = "ModelTransform"; Value = "296.889,230.315,0,0,0,0,0,26.653,-137.795"; VariantName = "[No Variations]"
Add component (AddParameter): Name = "Reuse Block"; Value = ""; VariantName = "[No Variations]"
Add component (AddParameter): Name = "Supplier"; Value = "LCSC"; VariantName = "[No Variations]"
Add component (AddParameter): Name = "Supplier Footprint"; Value = "XH2.54-2"; VariantName = "[No Variations]"
Add component (AddParameter): Name = "SupplierPart"; Value = "C9900016957"; VariantName = "[No Variations]"
Add component (AddParameter): Name = "Symbol"; Value = "XH2.54直插座-2P"; VariantName = "[No Variations]"
Added Component: Designator=Q1(AO3401A_SOT-23-3)
Add component. Clean all parameters for all variants
Add component (AddParameter): Name = "AddInBom"; Value = "yes"; VariantName = "[No Variations]"
Add component (AddParameter): Name = "Channel ID"; Value = ""; VariantName = "[No Variations]"
Add component (AddParameter): Name = "ConvertToPcb"; Value = "yes"; VariantName = "[No Variations]"
Add component (AddParameter): Name = "Device"; Value = "AO3401A_P"; VariantName = "[No Variations]"
Add component (AddParameter): Name = "FootprintName"; Value = "AO3401A_SOT-23-3"; VariantName = "[No Variations]"
Add component (AddParameter): Name = "Group ID"; Value = ""; VariantName = "[No Variations]"
Add component (AddParameter): Name = "ModelId"; Value = "c62791f0466c4ae2a892c056b845b0ca"; VariantName = "[No Variations]"
Add component (AddParameter): Name = "ModelName"; Value = "SOT-23-3P_L2.9-W1.3-H1.0-LS2.4-P0.95"; VariantName = "[No Variations]"
Add component (AddParameter): Name = "ModelTransform"; Value = "98.6,114.12,41.29,180,0,0,0,0,0"; VariantName = "[No Variations]"
Add component (AddParameter): Name = "Reuse Block"; Value = ""; VariantName = "[No Variations]"
Add component (AddParameter): Name = "Supplier Footprint"; Value = "SOT-23-3L"; VariantName = "[No Variations]"
Add component (AddParameter): Name = "SupplierPart"; Value = "C15127"; VariantName = "[No Variations]"
Add component (AddParameter): Name = "Symbol"; Value = "P_MOS"; VariantName = "[No Variations]"
Added Component: Designator=Q2(S8050_SOT-23)
Add component. Clean all parameters for all variants
Add component (AddParameter): Name = "AddInBom"; Value = "yes"; VariantName = "[No Variations]"
Add component (AddParameter): Name = "Channel ID"; Value = ""; VariantName = "[No Variations]"
Add component (AddParameter): Name = "ConvertToPcb"; Value = "yes"; VariantName = "[No Variations]"
Add component (AddParameter): Name = "Device"; Value = "S8050_SOT_NPN"; VariantName = "[No Variations]"
Add component (AddParameter): Name = "FootprintName"; Value = "S8050_SOT-23"; VariantName = "[No Variations]"
Add component (AddParameter): Name = "Group ID"; Value = ""; VariantName = "[No Variations]"
Add component (AddParameter): Name = "ModelId"; Value = "c62791f0466c4ae2a892c056b845b0ca"; VariantName = "[No Variations]"
Add component (AddParameter): Name = "ModelName"; Value = "SOT-23-3P_L2.9-W1.3-H1.0-LS2.4-P0.95"; VariantName = "[No Variations]"
Add component (AddParameter): Name = "ModelTransform"; Value = "98.6,114.12,41.29,180,0,0,0,0,-3"; VariantName = "[No Variations]"
Add component (AddParameter): Name = "Reuse Block"; Value = ""; VariantName = "[No Variations]"
Add component (AddParameter): Name = "Supplier Footprint"; Value = "SOT-23"; VariantName = "[No Variations]"
Add component (AddParameter): Name = "SymbolName"; Value = "NPN"; VariantName = "[No Variations]"
Added Component: Designator=Q3(AO3401A_SOT-23-3)
Add component. Clean all parameters for all variants
Add component (AddParameter): Name = "AddInBom"; Value = "yes"; VariantName = "[No Variations]"
Add component (AddParameter): Name = "Channel ID"; Value = ""; VariantName = "[No Variations]"
Add component (AddParameter): Name = "ConvertToPcb"; Value = "yes"; VariantName = "[No Variations]"
Add component (AddParameter): Name = "Device"; Value = "AO3401A_P"; VariantName = "[No Variations]"
Add component (AddParameter): Name = "FootprintName"; Value = "AO3401A_SOT-23-3"; VariantName = "[No Variations]"
Add component (AddParameter): Name = "Group ID"; Value = ""; VariantName = "[No Variations]"
Add component (AddParameter): Name = "ModelId"; Value = "c62791f0466c4ae2a892c056b845b0ca"; VariantName = "[No Variations]"
Add component (AddParameter): Name = "ModelName"; Value = "SOT-23-3P_L2.9-W1.3-H1.0-LS2.4-P0.95"; VariantName = "[No Variations]"
Add component (AddParameter): Name = "ModelTransform"; Value = "98.6,114.12,41.29,180,0,0,0,0,0"; VariantName = "[No Variations]"
Add component (AddParameter): Name = "Reuse Block"; Value = ""; VariantName = "[No Variations]"
Add component (AddParameter): Name = "Supplier Footprint"; Value = "SOT-23-3L"; VariantName = "[No Variations]"
Add component (AddParameter): Name = "SupplierPart"; Value = "C15127"; VariantName = "[No Variations]"
Add component (AddParameter): Name = "Symbol"; Value = "P_MOS"; VariantName = "[No Variations]"
Added Component: Designator=Q4(SOT-23-3_L2.9-W1.3-P1.90-LS2.4-BR)
Add component. Clean all parameters for all variants
Add component (AddParameter): Name = "AddInBom"; Value = "yes"; VariantName = "[No Variations]"
Add component (AddParameter): Name = "Channel ID"; Value = ""; VariantName = "[No Variations]"
Add component (AddParameter): Name = "ConvertToPcb"; Value = "yes"; VariantName = "[No Variations]"
Add component (AddParameter): Name = "Device"; Value = "AO3400A_N"; VariantName = "[No Variations]"
Add component (AddParameter): Name = "FootprintName"; Value = "SOT-23-3_L2.9-W1.3-P1.90-LS2.4-BR"; VariantName = "[No Variations]"
Add component (AddParameter): Name = "Group ID"; Value = ""; VariantName = "[No Variations]"
Add component (AddParameter): Name = "ModelId"; Value = "c62791f0466c4ae2a892c056b845b0ca"; VariantName = "[No Variations]"
Add component (AddParameter): Name = "ModelName"; Value = "SOT-23-3P_L2.9-W1.3-H1.0-LS2.4-P0.95"; VariantName = "[No Variations]"
Add component (AddParameter): Name = "ModelTransform"; Value = "98.425,114.173,0,180,0,0,0.0005,-0.0005,0"; VariantName = "[No Variations]"
Add component (AddParameter): Name = "Reuse Block"; Value = ""; VariantName = "[No Variations]"
Add component (AddParameter): Name = "Supplier Footprint"; Value = "SOT-23"; VariantName = "[No Variations]"
Add component (AddParameter): Name = "SupplierPart"; Value = "C700953"; VariantName = "[No Variations]"
Add component (AddParameter): Name = "Symbol"; Value = "N_MOS"; VariantName = "[No Variations]"
Added Component: Designator=Q5(SOT-23-3_L2.9-W1.3-P1.90-LS2.4-BR)
Add component. Clean all parameters for all variants
Add component (AddParameter): Name = "AddInBom"; Value = "yes"; VariantName = "[No Variations]"
Add component (AddParameter): Name = "Channel ID"; Value = ""; VariantName = "[No Variations]"
Add component (AddParameter): Name = "Continuous Drain Current (Id)"; Value = "5.7A"; VariantName = "[No Variations]"
Add component (AddParameter): Name = "ConvertToPcb"; Value = "yes"; VariantName = "[No Variations]"
Add component (AddParameter): Name = "Datasheet"; Value = "https://atta.szlcsc.com/upload/public/pdf/source/20140107/1457706668533.pdf"; VariantName = "[No Variations]"
Add component (AddParameter): Name = "Device"; Value = "AO3400A_C20917"; VariantName = "[No Variations]"
Add component (AddParameter): Name = "Drain Source On Resistance (RDS(on)@Vgs,Id)"; Value = "26.5mΩ@10V,5.7A"; VariantName = "[No Variations]"
Add component (AddParameter): Name = "Drain Source Voltage (Vdss)"; Value = "30V"; VariantName = "[No Variations]"
Add component (AddParameter): Name = "FootprintName"; Value = "SOT-23-3_L2.9-W1.3-P1.90-LS2.4-BR"; VariantName = "[No Variations]"
Add component (AddParameter): Name = "Gate Threshold Voltage (Vgs(th)@Id)"; Value = "1.5V@250uA"; VariantName = "[No Variations]"
Add component (AddParameter): Name = "Group ID"; Value = ""; VariantName = "[No Variations]"
Add component (AddParameter): Name = "Input Capacitance (Ciss@Vds)"; Value = "630pF@15V"; VariantName = "[No Variations]"
Add component (AddParameter): Name = "JLCPCB Part Class"; Value = ""; VariantName = "[No Variations]"
Add component (AddParameter): Name = "LCSC Part Name"; Value = "1个N沟道 耐压:30V 电流:5.7A"; VariantName = "[No Variations]"
Add component (AddParameter): Name = "Manufacturer"; Value = "AOS"; VariantName = "[No Variations]"
Add component (AddParameter): Name = "ManufacturerPart"; Value = "AO3400A"; VariantName = "[No Variations]"
Add component (AddParameter): Name = "ModelId"; Value = "c62791f0466c4ae2a892c056b845b0ca"; VariantName = "[No Variations]"
Add component (AddParameter): Name = "ModelName"; Value = "SOT-23-3P_L2.9-W1.3-H1.0-LS2.4-P0.95"; VariantName = "[No Variations]"
Add component (AddParameter): Name = "ModelTransform"; Value = "98.425,114.173,0,180,0,0,0.0005,-0.0005,0"; VariantName = "[No Variations]"
Add component (AddParameter): Name = "Operating Temperature"; Value = "-55℃~+150℃@(Tj)"; VariantName = "[No Variations]"
Add component (AddParameter): Name = "Power Dissipation (Pd)"; Value = "1.4W"; VariantName = "[No Variations]"
Add component (AddParameter): Name = "Reuse Block"; Value = ""; VariantName = "[No Variations]"
Add component (AddParameter): Name = "Supplier"; Value = "LCSC"; VariantName = "[No Variations]"
Add component (AddParameter): Name = "Supplier Footprint"; Value = "SOT-23-3L"; VariantName = "[No Variations]"
Add component (AddParameter): Name = "SupplierPart"; Value = "C20917"; VariantName = "[No Variations]"
Add component (AddParameter): Name = "Symbol"; Value = "AO3400A"; VariantName = "[No Variations]"
Add component (AddParameter): Name = "Total Gate Charge (Qg@Vgs)"; Value = "7nC@4.5V"; VariantName = "[No Variations]"
Add component (AddParameter): Name = "Type"; Value = "1个N沟道"; VariantName = "[No Variations]"
Added Component: Designator=Q6(S8050_SOT-23)
Add component. Clean all parameters for all variants
Add component (AddParameter): Name = "AddInBom"; Value = "yes"; VariantName = "[No Variations]"
Add component (AddParameter): Name = "Channel ID"; Value = ""; VariantName = "[No Variations]"
Add component (AddParameter): Name = "ConvertToPcb"; Value = "yes"; VariantName = "[No Variations]"
Add component (AddParameter): Name = "Device"; Value = "S8050_SOT_NPN"; VariantName = "[No Variations]"
Add component (AddParameter): Name = "FootprintName"; Value = "S8050_SOT-23"; VariantName = "[No Variations]"
Add component (AddParameter): Name = "Group ID"; Value = ""; VariantName = "[No Variations]"
Add component (AddParameter): Name = "ModelId"; Value = "c62791f0466c4ae2a892c056b845b0ca"; VariantName = "[No Variations]"
Add component (AddParameter): Name = "ModelName"; Value = "SOT-23-3P_L2.9-W1.3-H1.0-LS2.4-P0.95"; VariantName = "[No Variations]"
Add component (AddParameter): Name = "ModelTransform"; Value = "98.6,114.12,41.29,180,0,0,0,0,-3"; VariantName = "[No Variations]"
Add component (AddParameter): Name = "Reuse Block"; Value = ""; VariantName = "[No Variations]"
Add component (AddParameter): Name = "Supplier Footprint"; Value = "SOT-23"; VariantName = "[No Variations]"
Add component (AddParameter): Name = "SymbolName"; Value = "NPN"; VariantName = "[No Variations]"
Added Component: Designator=Q7(S8050_SOT-23)
Add component. Clean all parameters for all variants
Add component (AddParameter): Name = "AddInBom"; Value = "yes"; VariantName = "[No Variations]"
Add component (AddParameter): Name = "Channel ID"; Value = ""; VariantName = "[No Variations]"
Add component (AddParameter): Name = "ConvertToPcb"; Value = "yes"; VariantName = "[No Variations]"
Add component (AddParameter): Name = "Device"; Value = "S8050_SOT_NPN"; VariantName = "[No Variations]"
Add component (AddParameter): Name = "FootprintName"; Value = "S8050_SOT-23"; VariantName = "[No Variations]"
Add component (AddParameter): Name = "Group ID"; Value = ""; VariantName = "[No Variations]"
Add component (AddParameter): Name = "ModelId"; Value = "c62791f0466c4ae2a892c056b845b0ca"; VariantName = "[No Variations]"
Add component (AddParameter): Name = "ModelName"; Value = "SOT-23-3P_L2.9-W1.3-H1.0-LS2.4-P0.95"; VariantName = "[No Variations]"
Add component (AddParameter): Name = "ModelTransform"; Value = "98.6,114.12,41.29,180,0,0,0,0,-3"; VariantName = "[No Variations]"
Add component (AddParameter): Name = "Reuse Block"; Value = ""; VariantName = "[No Variations]"
Add component (AddParameter): Name = "Supplier Footprint"; Value = "SOT-23"; VariantName = "[No Variations]"
Add component (AddParameter): Name = "SymbolName"; Value = "NPN"; VariantName = "[No Variations]"
Added Component: Designator=R1(R0603)
Add component. Clean all parameters for all variants
Add component (AddParameter): Name = "AddInBom"; Value = "yes"; VariantName = "[No Variations]"
Add component (AddParameter): Name = "Channel ID"; Value = ""; VariantName = "[No Variations]"
Add component (AddParameter): Name = "ConvertToPcb"; Value = "yes"; VariantName = "[No Variations]"
Add component (AddParameter): Name = "Device"; Value = "Res_0603"; VariantName = "[No Variations]"
Add component (AddParameter): Name = "FootprintName"; Value = "R0603"; VariantName = "[No Variations]"
Add component (AddParameter): Name = "Group ID"; Value = ""; VariantName = "[No Variations]"
Add component (AddParameter): Name = "ModelId"; Value = "fc143cca1e79419f9cd78b61e9279f08"; VariantName = "[No Variations]"
Add component (AddParameter): Name = "ModelName"; Value = "R0603"; VariantName = "[No Variations]"
Add component (AddParameter): Name = "ModelTransform"; Value = "31.8897,63.7794,0,90,0,0,0,0,0"; VariantName = "[No Variations]"
Add component (AddParameter): Name = "Reuse Block"; Value = ""; VariantName = "[No Variations]"
Add component (AddParameter): Name = "Supplier Footprint"; Value = "0603"; VariantName = "[No Variations]"
Add component (AddParameter): Name = "Symbol"; Value = "电阻"; VariantName = "[No Variations]"
Add component (AddParameter): Name = "Value"; Value = "10K"; VariantName = "[No Variations]"
Added Component: Designator=R2(R0603)
Add component. Clean all parameters for all variants
Add component (AddParameter): Name = "AddInBom"; Value = "yes"; VariantName = "[No Variations]"
Add component (AddParameter): Name = "Channel ID"; Value = ""; VariantName = "[No Variations]"
Add component (AddParameter): Name = "ConvertToPcb"; Value = "yes"; VariantName = "[No Variations]"
Add component (AddParameter): Name = "Device"; Value = "Res_0603"; VariantName = "[No Variations]"
Add component (AddParameter): Name = "FootprintName"; Value = "R0603"; VariantName = "[No Variations]"
Add component (AddParameter): Name = "Group ID"; Value = ""; VariantName = "[No Variations]"
Add component (AddParameter): Name = "ModelId"; Value = "fc143cca1e79419f9cd78b61e9279f08"; VariantName = "[No Variations]"
Add component (AddParameter): Name = "ModelName"; Value = "R0603"; VariantName = "[No Variations]"
Add component (AddParameter): Name = "ModelTransform"; Value = "31.8897,63.7794,0,90,0,0,0,0,0"; VariantName = "[No Variations]"
Add component (AddParameter): Name = "Reuse Block"; Value = ""; VariantName = "[No Variations]"
Add component (AddParameter): Name = "Supplier Footprint"; Value = "0603"; VariantName = "[No Variations]"
Add component (AddParameter): Name = "Symbol"; Value = "电阻"; VariantName = "[No Variations]"
Add component (AddParameter): Name = "Value"; Value = "10K"; VariantName = "[No Variations]"
Added Component: Designator=R3(R0603)
Add component. Clean all parameters for all variants
Add component (AddParameter): Name = "AddInBom"; Value = "yes"; VariantName = "[No Variations]"
Add component (AddParameter): Name = "Channel ID"; Value = ""; VariantName = "[No Variations]"
Add component (AddParameter): Name = "ConvertToPcb"; Value = "yes"; VariantName = "[No Variations]"
Add component (AddParameter): Name = "Device"; Value = "Res_0603"; VariantName = "[No Variations]"
Add component (AddParameter): Name = "FootprintName"; Value = "R0603"; VariantName = "[No Variations]"
Add component (AddParameter): Name = "Group ID"; Value = ""; VariantName = "[No Variations]"
Add component (AddParameter): Name = "ModelId"; Value = "fc143cca1e79419f9cd78b61e9279f08"; VariantName = "[No Variations]"
Add component (AddParameter): Name = "ModelName"; Value = "R0603"; VariantName = "[No Variations]"
Add component (AddParameter): Name = "ModelTransform"; Value = "31.8897,63.7794,0,90,0,0,0,0,0"; VariantName = "[No Variations]"
Add component (AddParameter): Name = "Reuse Block"; Value = ""; VariantName = "[No Variations]"
Add component (AddParameter): Name = "Supplier Footprint"; Value = "0603"; VariantName = "[No Variations]"
Add component (AddParameter): Name = "Symbol"; Value = "电阻"; VariantName = "[No Variations]"
Add component (AddParameter): Name = "Value"; Value = "10K"; VariantName = "[No Variations]"
Added Component: Designator=R4(R0603)
Add component. Clean all parameters for all variants
Add component (AddParameter): Name = "AddInBom"; Value = "yes"; VariantName = "[No Variations]"
Add component (AddParameter): Name = "Channel ID"; Value = ""; VariantName = "[No Variations]"
Add component (AddParameter): Name = "ConvertToPcb"; Value = "yes"; VariantName = "[No Variations]"
Add component (AddParameter): Name = "Device"; Value = "Res_0603"; VariantName = "[No Variations]"
Add component (AddParameter): Name = "FootprintName"; Value = "R0603"; VariantName = "[No Variations]"
Add component (AddParameter): Name = "Group ID"; Value = ""; VariantName = "[No Variations]"
Add component (AddParameter): Name = "ModelId"; Value = "fc143cca1e79419f9cd78b61e9279f08"; VariantName = "[No Variations]"
Add component (AddParameter): Name = "ModelName"; Value = "R0603"; VariantName = "[No Variations]"
Add component (AddParameter): Name = "ModelTransform"; Value = "31.8897,63.7794,0,90,0,0,0,0,0"; VariantName = "[No Variations]"
Add component (AddParameter): Name = "Reuse Block"; Value = ""; VariantName = "[No Variations]"
Add component (AddParameter): Name = "Supplier Footprint"; Value = "0603"; VariantName = "[No Variations]"
Add component (AddParameter): Name = "Symbol"; Value = "电阻"; VariantName = "[No Variations]"
Add component (AddParameter): Name = "Value"; Value = "10K"; VariantName = "[No Variations]"
Added Component: Designator=R5(R0603)
Add component. Clean all parameters for all variants
Add component (AddParameter): Name = "AddInBom"; Value = "yes"; VariantName = "[No Variations]"
Add component (AddParameter): Name = "Channel ID"; Value = ""; VariantName = "[No Variations]"
Add component (AddParameter): Name = "ConvertToPcb"; Value = "yes"; VariantName = "[No Variations]"
Add component (AddParameter): Name = "Device"; Value = "Res_0603"; VariantName = "[No Variations]"
Add component (AddParameter): Name = "FootprintName"; Value = "R0603"; VariantName = "[No Variations]"
Add component (AddParameter): Name = "Group ID"; Value = ""; VariantName = "[No Variations]"
Add component (AddParameter): Name = "ModelId"; Value = "fc143cca1e79419f9cd78b61e9279f08"; VariantName = "[No Variations]"
Add component (AddParameter): Name = "ModelName"; Value = "R0603"; VariantName = "[No Variations]"
Add component (AddParameter): Name = "ModelTransform"; Value = "31.8897,63.7794,0,90,0,0,0,0,0"; VariantName = "[No Variations]"
Add component (AddParameter): Name = "Reuse Block"; Value = ""; VariantName = "[No Variations]"
Add component (AddParameter): Name = "Supplier Footprint"; Value = "0603"; VariantName = "[No Variations]"
Add component (AddParameter): Name = "Symbol"; Value = "电阻"; VariantName = "[No Variations]"
Add component (AddParameter): Name = "Value"; Value = "10K_NC"; VariantName = "[No Variations]"
Added Component: Designator=R6(R0603)
Add component. Clean all parameters for all variants
Add component (AddParameter): Name = "AddInBom"; Value = "yes"; VariantName = "[No Variations]"
Add component (AddParameter): Name = "Channel ID"; Value = ""; VariantName = "[No Variations]"
Add component (AddParameter): Name = "ConvertToPcb"; Value = "yes"; VariantName = "[No Variations]"
Add component (AddParameter): Name = "Device"; Value = "Res_0603"; VariantName = "[No Variations]"
Add component (AddParameter): Name = "FootprintName"; Value = "R0603"; VariantName = "[No Variations]"
Add component (AddParameter): Name = "Group ID"; Value = ""; VariantName = "[No Variations]"
Add component (AddParameter): Name = "ModelId"; Value = "fc143cca1e79419f9cd78b61e9279f08"; VariantName = "[No Variations]"
Add component (AddParameter): Name = "ModelName"; Value = "R0603"; VariantName = "[No Variations]"
Add component (AddParameter): Name = "ModelTransform"; Value = "31.8897,63.7794,0,90,0,0,0,0,0"; VariantName = "[No Variations]"
Add component (AddParameter): Name = "Reuse Block"; Value = ""; VariantName = "[No Variations]"
Add component (AddParameter): Name = "Supplier Footprint"; Value = "0603"; VariantName = "[No Variations]"
Add component (AddParameter): Name = "Symbol"; Value = "电阻"; VariantName = "[No Variations]"
Add component (AddParameter): Name = "Value"; Value = "10K_NC"; VariantName = "[No Variations]"
Added Component: Designator=R7(R0603)
Add component. Clean all parameters for all variants
Add component (AddParameter): Name = "AddInBom"; Value = "yes"; VariantName = "[No Variations]"
Add component (AddParameter): Name = "Channel ID"; Value = ""; VariantName = "[No Variations]"
Add component (AddParameter): Name = "ConvertToPcb"; Value = "yes"; VariantName = "[No Variations]"
Add component (AddParameter): Name = "Device"; Value = "Res_0603"; VariantName = "[No Variations]"
Add component (AddParameter): Name = "FootprintName"; Value = "R0603"; VariantName = "[No Variations]"
Add component (AddParameter): Name = "Group ID"; Value = ""; VariantName = "[No Variations]"
Add component (AddParameter): Name = "ModelId"; Value = "fc143cca1e79419f9cd78b61e9279f08"; VariantName = "[No Variations]"
Add component (AddParameter): Name = "ModelName"; Value = "R0603"; VariantName = "[No Variations]"
Add component (AddParameter): Name = "ModelTransform"; Value = "31.8897,63.7794,0,90,0,0,0,0,0"; VariantName = "[No Variations]"
Add component (AddParameter): Name = "Reuse Block"; Value = ""; VariantName = "[No Variations]"
Add component (AddParameter): Name = "Supplier Footprint"; Value = "0603"; VariantName = "[No Variations]"
Add component (AddParameter): Name = "Symbol"; Value = "电阻"; VariantName = "[No Variations]"
Add component (AddParameter): Name = "Value"; Value = "10K_NC"; VariantName = "[No Variations]"
Added Component: Designator=R8(R0603)
Add component. Clean all parameters for all variants
Add component (AddParameter): Name = "AddInBom"; Value = "yes"; VariantName = "[No Variations]"
Add component (AddParameter): Name = "Channel ID"; Value = ""; VariantName = "[No Variations]"
Add component (AddParameter): Name = "ConvertToPcb"; Value = "yes"; VariantName = "[No Variations]"
Add component (AddParameter): Name = "Device"; Value = "Res_0603"; VariantName = "[No Variations]"
Add component (AddParameter): Name = "FootprintName"; Value = "R0603"; VariantName = "[No Variations]"
Add component (AddParameter): Name = "Group ID"; Value = ""; VariantName = "[No Variations]"
Add component (AddParameter): Name = "ModelId"; Value = "fc143cca1e79419f9cd78b61e9279f08"; VariantName = "[No Variations]"
Add component (AddParameter): Name = "ModelName"; Value = "R0603"; VariantName = "[No Variations]"
Add component (AddParameter): Name = "ModelTransform"; Value = "31.8897,63.7794,0,90,0,0,0,0,0"; VariantName = "[No Variations]"
Add component (AddParameter): Name = "Reuse Block"; Value = ""; VariantName = "[No Variations]"
Add component (AddParameter): Name = "Supplier Footprint"; Value = "0603"; VariantName = "[No Variations]"
Add component (AddParameter): Name = "Symbol"; Value = "电阻"; VariantName = "[No Variations]"
Add component (AddParameter): Name = "Value"; Value = "10K"; VariantName = "[No Variations]"
Added Component: Designator=R9(R0603)
Add component. Clean all parameters for all variants
Add component (AddParameter): Name = "AddInBom"; Value = "yes"; VariantName = "[No Variations]"
Add component (AddParameter): Name = "Channel ID"; Value = ""; VariantName = "[No Variations]"
Add component (AddParameter): Name = "ConvertToPcb"; Value = "yes"; VariantName = "[No Variations]"
Add component (AddParameter): Name = "Device"; Value = "Res_0603"; VariantName = "[No Variations]"
Add component (AddParameter): Name = "FootprintName"; Value = "R0603"; VariantName = "[No Variations]"
Add component (AddParameter): Name = "Group ID"; Value = ""; VariantName = "[No Variations]"
Add component (AddParameter): Name = "ModelId"; Value = "fc143cca1e79419f9cd78b61e9279f08"; VariantName = "[No Variations]"
Add component (AddParameter): Name = "ModelName"; Value = "R0603"; VariantName = "[No Variations]"
Add component (AddParameter): Name = "ModelTransform"; Value = "31.8897,63.7794,0,90,0,0,0,0,0"; VariantName = "[No Variations]"
Add component (AddParameter): Name = "Reuse Block"; Value = ""; VariantName = "[No Variations]"
Add component (AddParameter): Name = "Supplier Footprint"; Value = "0603"; VariantName = "[No Variations]"
Add component (AddParameter): Name = "Symbol"; Value = "电阻"; VariantName = "[No Variations]"
Add component (AddParameter): Name = "Value"; Value = "1k"; VariantName = "[No Variations]"
Added Component: Designator=R10(R0603)
Add component. Clean all parameters for all variants
Add component (AddParameter): Name = "AddInBom"; Value = "yes"; VariantName = "[No Variations]"
Add component (AddParameter): Name = "Channel ID"; Value = ""; VariantName = "[No Variations]"
Add component (AddParameter): Name = "ConvertToPcb"; Value = "yes"; VariantName = "[No Variations]"
Add component (AddParameter): Name = "Device"; Value = "Res_0603"; VariantName = "[No Variations]"
Add component (AddParameter): Name = "FootprintName"; Value = "R0603"; VariantName = "[No Variations]"
Add component (AddParameter): Name = "Group ID"; Value = ""; VariantName = "[No Variations]"
Add component (AddParameter): Name = "ModelId"; Value = "fc143cca1e79419f9cd78b61e9279f08"; VariantName = "[No Variations]"
Add component (AddParameter): Name = "ModelName"; Value = "R0603"; VariantName = "[No Variations]"
Add component (AddParameter): Name = "ModelTransform"; Value = "31.8897,63.7794,0,90,0,0,0,0,0"; VariantName = "[No Variations]"
Add component (AddParameter): Name = "Reuse Block"; Value = ""; VariantName = "[No Variations]"
Add component (AddParameter): Name = "Supplier Footprint"; Value = "0603"; VariantName = "[No Variations]"
Add component (AddParameter): Name = "Symbol"; Value = "电阻"; VariantName = "[No Variations]"
Add component (AddParameter): Name = "Value"; Value = "1k"; VariantName = "[No Variations]"
Added Component: Designator=R11(R0603)
Add component. Clean all parameters for all variants
Add component (AddParameter): Name = "AddInBom"; Value = "yes"; VariantName = "[No Variations]"
Add component (AddParameter): Name = "Channel ID"; Value = ""; VariantName = "[No Variations]"
Add component (AddParameter): Name = "ConvertToPcb"; Value = "yes"; VariantName = "[No Variations]"
Add component (AddParameter): Name = "Device"; Value = "Res_0603"; VariantName = "[No Variations]"
Add component (AddParameter): Name = "FootprintName"; Value = "R0603"; VariantName = "[No Variations]"
Add component (AddParameter): Name = "Group ID"; Value = ""; VariantName = "[No Variations]"
Add component (AddParameter): Name = "ModelId"; Value = "fc143cca1e79419f9cd78b61e9279f08"; VariantName = "[No Variations]"
Add component (AddParameter): Name = "ModelName"; Value = "R0603"; VariantName = "[No Variations]"
Add component (AddParameter): Name = "ModelTransform"; Value = "31.8897,63.7794,0,90,0,0,0,0,0"; VariantName = "[No Variations]"
Add component (AddParameter): Name = "Reuse Block"; Value = ""; VariantName = "[No Variations]"
Add component (AddParameter): Name = "Supplier Footprint"; Value = "0603"; VariantName = "[No Variations]"
Add component (AddParameter): Name = "Symbol"; Value = "电阻"; VariantName = "[No Variations]"
Add component (AddParameter): Name = "Value"; Value = "10K"; VariantName = "[No Variations]"
Added Component: Designator=R12(R0603)
Add component. Clean all parameters for all variants
Add component (AddParameter): Name = "Add into BOM"; Value = "yes"; VariantName = "[No Variations]"
Add component (AddParameter): Name = "Channel ID"; Value = ""; VariantName = "[No Variations]"
Add component (AddParameter): Name = "Convert to PCB"; Value = "yes"; VariantName = "[No Variations]"
Add component (AddParameter): Name = "Device"; Value = "Res_0603"; VariantName = "[No Variations]"
Add component (AddParameter): Name = "FootprintName"; Value = "R0603"; VariantName = "[No Variations]"
Add component (AddParameter): Name = "Group ID"; Value = ""; VariantName = "[No Variations]"
Add component (AddParameter): Name = "ModelId"; Value = "fc143cca1e79419f9cd78b61e9279f08"; VariantName = "[No Variations]"
Add component (AddParameter): Name = "ModelName"; Value = "R0603"; VariantName = "[No Variations]"
Add component (AddParameter): Name = "ModelTransform"; Value = "31.8897,63.7794,0,90,0,0,0,0,0"; VariantName = "[No Variations]"
Add component (AddParameter): Name = "Reuse Block"; Value = ""; VariantName = "[No Variations]"
Add component (AddParameter): Name = "Supplier Footprint"; Value = "0603"; VariantName = "[No Variations]"
Add component (AddParameter): Name = "Symbol"; Value = "电阻"; VariantName = "[No Variations]"
Add component (AddParameter): Name = "Value"; Value = "10K"; VariantName = "[No Variations]"
Added Component: Designator=R13(R0603)
Add component. Clean all parameters for all variants
Add component (AddParameter): Name = "AddInBom"; Value = "yes"; VariantName = "[No Variations]"
Add component (AddParameter): Name = "Channel ID"; Value = ""; VariantName = "[No Variations]"
Add component (AddParameter): Name = "ConvertToPcb"; Value = "yes"; VariantName = "[No Variations]"
Add component (AddParameter): Name = "Device"; Value = "Res_0603"; VariantName = "[No Variations]"
Add component (AddParameter): Name = "FootprintName"; Value = "R0603"; VariantName = "[No Variations]"
Add component (AddParameter): Name = "Group ID"; Value = ""; VariantName = "[No Variations]"
Add component (AddParameter): Name = "ModelId"; Value = "fc143cca1e79419f9cd78b61e9279f08"; VariantName = "[No Variations]"
Add component (AddParameter): Name = "ModelName"; Value = "R0603"; VariantName = "[No Variations]"
Add component (AddParameter): Name = "ModelTransform"; Value = "31.8897,63.7794,0,90,0,0,0,0,0"; VariantName = "[No Variations]"
Add component (AddParameter): Name = "Reuse Block"; Value = ""; VariantName = "[No Variations]"
Add component (AddParameter): Name = "Supplier Footprint"; Value = "0603"; VariantName = "[No Variations]"
Add component (AddParameter): Name = "Symbol"; Value = "电阻"; VariantName = "[No Variations]"
Add component (AddParameter): Name = "Value"; Value = "510"; VariantName = "[No Variations]"
Added Component: Designator=R14(R0603)
Add component. Clean all parameters for all variants
Add component (AddParameter): Name = "AddInBom"; Value = "yes"; VariantName = "[No Variations]"
Add component (AddParameter): Name = "Channel ID"; Value = ""; VariantName = "[No Variations]"
Add component (AddParameter): Name = "ConvertToPcb"; Value = "yes"; VariantName = "[No Variations]"
Add component (AddParameter): Name = "Device"; Value = "Res_0805"; VariantName = "[No Variations]"
Add component (AddParameter): Name = "FootprintName"; Value = "R0603"; VariantName = "[No Variations]"
Add component (AddParameter): Name = "Group ID"; Value = ""; VariantName = "[No Variations]"
Add component (AddParameter): Name = "ModelId"; Value = "37a81e68749a4138bd2dfa6897b24b85"; VariantName = "[No Variations]"
Add component (AddParameter): Name = "ModelName"; Value = "R0805_L2.0-W1.3-H0.6"; VariantName = "[No Variations]"
Add component (AddParameter): Name = "ModelTransform"; Value = "78.74,51.181,0,0,0,0,0,-0.0005,0"; VariantName = "[No Variations]"
Add component (AddParameter): Name = "Reuse Block"; Value = ""; VariantName = "[No Variations]"
Add component (AddParameter): Name = "Supplier Footprint"; Value = "0805"; VariantName = "[No Variations]"
Add component (AddParameter): Name = "Symbol"; Value = "电阻"; VariantName = "[No Variations]"
Add component (AddParameter): Name = "Value"; Value = "100"; VariantName = "[No Variations]"
Added Component: Designator=R15(R0603)
Add component. Clean all parameters for all variants
Add component (AddParameter): Name = "AddInBom"; Value = "yes"; VariantName = "[No Variations]"
Add component (AddParameter): Name = "Channel ID"; Value = ""; VariantName = "[No Variations]"
Add component (AddParameter): Name = "ConvertToPcb"; Value = "yes"; VariantName = "[No Variations]"
Add component (AddParameter): Name = "Device"; Value = "Res_0805"; VariantName = "[No Variations]"
Add component (AddParameter): Name = "FootprintName"; Value = "R0603"; VariantName = "[No Variations]"
Add component (AddParameter): Name = "Group ID"; Value = ""; VariantName = "[No Variations]"
Add component (AddParameter): Name = "ModelId"; Value = "37a81e68749a4138bd2dfa6897b24b85"; VariantName = "[No Variations]"
Add component (AddParameter): Name = "ModelName"; Value = "R0805_L2.0-W1.3-H0.6"; VariantName = "[No Variations]"
Add component (AddParameter): Name = "ModelTransform"; Value = "78.74,51.181,0,0,0,0,0,-0.0005,0"; VariantName = "[No Variations]"
Add component (AddParameter): Name = "Reuse Block"; Value = ""; VariantName = "[No Variations]"
Add component (AddParameter): Name = "Supplier Footprint"; Value = "0805"; VariantName = "[No Variations]"
Add component (AddParameter): Name = "Symbol"; Value = "电阻"; VariantName = "[No Variations]"
Add component (AddParameter): Name = "Value"; Value = "100"; VariantName = "[No Variations]"
Added Component: Designator=R16(R0603)
Add component. Clean all parameters for all variants
Add component (AddParameter): Name = "AddInBom"; Value = "yes"; VariantName = "[No Variations]"
Add component (AddParameter): Name = "Channel ID"; Value = ""; VariantName = "[No Variations]"
Add component (AddParameter): Name = "ConvertToPcb"; Value = "yes"; VariantName = "[No Variations]"
Add component (AddParameter): Name = "Device"; Value = "Res_0603"; VariantName = "[No Variations]"
Add component (AddParameter): Name = "FootprintName"; Value = "R0603"; VariantName = "[No Variations]"
Add component (AddParameter): Name = "Group ID"; Value = ""; VariantName = "[No Variations]"
Add component (AddParameter): Name = "ModelId"; Value = "fc143cca1e79419f9cd78b61e9279f08"; VariantName = "[No Variations]"
Add component (AddParameter): Name = "ModelName"; Value = "R0603"; VariantName = "[No Variations]"
Add component (AddParameter): Name = "ModelTransform"; Value = "31.8897,63.7794,0,90,0,0,0,0,0"; VariantName = "[No Variations]"
Add component (AddParameter): Name = "Reuse Block"; Value = ""; VariantName = "[No Variations]"
Add component (AddParameter): Name = "Supplier Footprint"; Value = "0603"; VariantName = "[No Variations]"
Add component (AddParameter): Name = "Symbol"; Value = "电阻"; VariantName = "[No Variations]"
Add component (AddParameter): Name = "Value"; Value = "2k"; VariantName = "[No Variations]"
Added Component: Designator=R17(R0603)
Add component. Clean all parameters for all variants
Add component (AddParameter): Name = "AddInBom"; Value = "yes"; VariantName = "[No Variations]"
Add component (AddParameter): Name = "Channel ID"; Value = ""; VariantName = "[No Variations]"
Add component (AddParameter): Name = "ConvertToPcb"; Value = "yes"; VariantName = "[No Variations]"
Add component (AddParameter): Name = "Device"; Value = "Res_0603"; VariantName = "[No Variations]"
Add component (AddParameter): Name = "FootprintName"; Value = "R0603"; VariantName = "[No Variations]"
Add component (AddParameter): Name = "Group ID"; Value = ""; VariantName = "[No Variations]"
Add component (AddParameter): Name = "ModelId"; Value = "fc143cca1e79419f9cd78b61e9279f08"; VariantName = "[No Variations]"
Add component (AddParameter): Name = "ModelName"; Value = "R0603"; VariantName = "[No Variations]"
Add component (AddParameter): Name = "ModelTransform"; Value = "31.8897,63.7794,0,90,0,0,0,0,0"; VariantName = "[No Variations]"
Add component (AddParameter): Name = "Reuse Block"; Value = ""; VariantName = "[No Variations]"
Add component (AddParameter): Name = "Supplier Footprint"; Value = "0603"; VariantName = "[No Variations]"
Add component (AddParameter): Name = "Symbol"; Value = "电阻"; VariantName = "[No Variations]"
Add component (AddParameter): Name = "Value"; Value = "510"; VariantName = "[No Variations]"
Added Component: Designator=R18(R0603)
Add component. Clean all parameters for all variants
Add component (AddParameter): Name = "AddInBom"; Value = "yes"; VariantName = "[No Variations]"
Add component (AddParameter): Name = "Channel ID"; Value = ""; VariantName = "[No Variations]"
Add component (AddParameter): Name = "ConvertToPcb"; Value = "yes"; VariantName = "[No Variations]"
Add component (AddParameter): Name = "Device"; Value = "Res_0805"; VariantName = "[No Variations]"
Add component (AddParameter): Name = "FootprintName"; Value = "R0603"; VariantName = "[No Variations]"
Add component (AddParameter): Name = "Group ID"; Value = ""; VariantName = "[No Variations]"
Add component (AddParameter): Name = "ModelId"; Value = "37a81e68749a4138bd2dfa6897b24b85"; VariantName = "[No Variations]"
Add component (AddParameter): Name = "ModelName"; Value = "R0805_L2.0-W1.3-H0.6"; VariantName = "[No Variations]"
Add component (AddParameter): Name = "ModelTransform"; Value = "78.74,51.181,0,0,0,0,0,-0.0005,0"; VariantName = "[No Variations]"
Add component (AddParameter): Name = "Reuse Block"; Value = ""; VariantName = "[No Variations]"
Add component (AddParameter): Name = "Supplier Footprint"; Value = "0805"; VariantName = "[No Variations]"
Add component (AddParameter): Name = "Symbol"; Value = "电阻"; VariantName = "[No Variations]"
Add component (AddParameter): Name = "Value"; Value = "10K"; VariantName = "[No Variations]"
Added Component: Designator=R19(R0603)
Add component. Clean all parameters for all variants
Add component (AddParameter): Name = "AddInBom"; Value = "yes"; VariantName = "[No Variations]"
Add component (AddParameter): Name = "Channel ID"; Value = ""; VariantName = "[No Variations]"
Add component (AddParameter): Name = "ConvertToPcb"; Value = "yes"; VariantName = "[No Variations]"
Add component (AddParameter): Name = "Device"; Value = "Res_0603"; VariantName = "[No Variations]"
Add component (AddParameter): Name = "FootprintName"; Value = "R0603"; VariantName = "[No Variations]"
Add component (AddParameter): Name = "Group ID"; Value = ""; VariantName = "[No Variations]"
Add component (AddParameter): Name = "ModelId"; Value = "fc143cca1e79419f9cd78b61e9279f08"; VariantName = "[No Variations]"
Add component (AddParameter): Name = "ModelName"; Value = "R0603"; VariantName = "[No Variations]"
Add component (AddParameter): Name = "ModelTransform"; Value = "31.8897,63.7794,0,90,0,0,0,0,0"; VariantName = "[No Variations]"
Add component (AddParameter): Name = "Reuse Block"; Value = ""; VariantName = "[No Variations]"
Add component (AddParameter): Name = "Supplier Footprint"; Value = "0603"; VariantName = "[No Variations]"
Add component (AddParameter): Name = "Symbol"; Value = "电阻"; VariantName = "[No Variations]"
Add component (AddParameter): Name = "Value"; Value = "2k"; VariantName = "[No Variations]"
Added Component: Designator=R20(R0603)
Add component. Clean all parameters for all variants
Add component (AddParameter): Name = "Add into BOM"; Value = "yes"; VariantName = "[No Variations]"
Add component (AddParameter): Name = "Channel ID"; Value = ""; VariantName = "[No Variations]"
Add component (AddParameter): Name = "Convert to PCB"; Value = "yes"; VariantName = "[No Variations]"
Add component (AddParameter): Name = "Device"; Value = "Res_0603"; VariantName = "[No Variations]"
Add component (AddParameter): Name = "FootprintName"; Value = "R0603"; VariantName = "[No Variations]"
Add component (AddParameter): Name = "Group ID"; Value = ""; VariantName = "[No Variations]"
Add component (AddParameter): Name = "ModelId"; Value = "fc143cca1e79419f9cd78b61e9279f08"; VariantName = "[No Variations]"
Add component (AddParameter): Name = "ModelName"; Value = "R0603"; VariantName = "[No Variations]"
Add component (AddParameter): Name = "ModelTransform"; Value = "31.8897,63.7794,0,90,0,0,0,0,0"; VariantName = "[No Variations]"
Add component (AddParameter): Name = "Reuse Block"; Value = ""; VariantName = "[No Variations]"
Add component (AddParameter): Name = "Supplier Footprint"; Value = "0603"; VariantName = "[No Variations]"
Add component (AddParameter): Name = "Symbol"; Value = "电阻"; VariantName = "[No Variations]"
Add component (AddParameter): Name = "Value"; Value = "10K"; VariantName = "[No Variations]"
Added Component: Designator=R21(R0603)
Add component. Clean all parameters for all variants
Add component (AddParameter): Name = "Add into BOM"; Value = "yes"; VariantName = "[No Variations]"
Add component (AddParameter): Name = "Channel ID"; Value = ""; VariantName = "[No Variations]"
Add component (AddParameter): Name = "Convert to PCB"; Value = "yes"; VariantName = "[No Variations]"
Add component (AddParameter): Name = "Device"; Value = "Res_0603"; VariantName = "[No Variations]"
Add component (AddParameter): Name = "FootprintName"; Value = "R0603"; VariantName = "[No Variations]"
Add component (AddParameter): Name = "Group ID"; Value = ""; VariantName = "[No Variations]"
Add component (AddParameter): Name = "ModelId"; Value = "fc143cca1e79419f9cd78b61e9279f08"; VariantName = "[No Variations]"
Add component (AddParameter): Name = "ModelName"; Value = "R0603"; VariantName = "[No Variations]"
Add component (AddParameter): Name = "ModelTransform"; Value = "31.8897,63.7794,0,90,0,0,0,0,0"; VariantName = "[No Variations]"
Add component (AddParameter): Name = "Reuse Block"; Value = ""; VariantName = "[No Variations]"
Add component (AddParameter): Name = "Supplier Footprint"; Value = "0603"; VariantName = "[No Variations]"
Add component (AddParameter): Name = "Symbol"; Value = "电阻"; VariantName = "[No Variations]"
Add component (AddParameter): Name = "Value"; Value = "10K"; VariantName = "[No Variations]"
Added Component: Designator=R22(R0603)
Add component. Clean all parameters for all variants
Add component (AddParameter): Name = "AddInBom"; Value = "yes"; VariantName = "[No Variations]"
Add component (AddParameter): Name = "Channel ID"; Value = ""; VariantName = "[No Variations]"
Add component (AddParameter): Name = "ConvertToPcb"; Value = "yes"; VariantName = "[No Variations]"
Add component (AddParameter): Name = "Device"; Value = "Res_0603"; VariantName = "[No Variations]"
Add component (AddParameter): Name = "FootprintName"; Value = "R0603"; VariantName = "[No Variations]"
Add component (AddParameter): Name = "Group ID"; Value = ""; VariantName = "[No Variations]"
Add component (AddParameter): Name = "ModelId"; Value = "fc143cca1e79419f9cd78b61e9279f08"; VariantName = "[No Variations]"
Add component (AddParameter): Name = "ModelName"; Value = "R0603"; VariantName = "[No Variations]"
Add component (AddParameter): Name = "ModelTransform"; Value = "31.8897,63.7794,0,90,0,0,0,0,0"; VariantName = "[No Variations]"
Add component (AddParameter): Name = "Reuse Block"; Value = ""; VariantName = "[No Variations]"
Add component (AddParameter): Name = "Supplier Footprint"; Value = "0603"; VariantName = "[No Variations]"
Add component (AddParameter): Name = "Symbol"; Value = "电阻"; VariantName = "[No Variations]"
Add component (AddParameter): Name = "Value"; Value = "2k"; VariantName = "[No Variations]"
Added Component: Designator=R23(R0603)
Add component. Clean all parameters for all variants
Add component (AddParameter): Name = "AddInBom"; Value = "yes"; VariantName = "[No Variations]"
Add component (AddParameter): Name = "Channel ID"; Value = ""; VariantName = "[No Variations]"
Add component (AddParameter): Name = "ConvertToPcb"; Value = "yes"; VariantName = "[No Variations]"
Add component (AddParameter): Name = "Device"; Value = "Res_0805"; VariantName = "[No Variations]"
Add component (AddParameter): Name = "FootprintName"; Value = "R0603"; VariantName = "[No Variations]"
Add component (AddParameter): Name = "Group ID"; Value = ""; VariantName = "[No Variations]"
Add component (AddParameter): Name = "ModelId"; Value = "37a81e68749a4138bd2dfa6897b24b85"; VariantName = "[No Variations]"
Add component (AddParameter): Name = "ModelName"; Value = "R0805_L2.0-W1.3-H0.6"; VariantName = "[No Variations]"
Add component (AddParameter): Name = "ModelTransform"; Value = "78.74,51.181,0,0,0,0,0,-0.0005,0"; VariantName = "[No Variations]"
Add component (AddParameter): Name = "Reuse Block"; Value = ""; VariantName = "[No Variations]"
Add component (AddParameter): Name = "Supplier Footprint"; Value = "0805"; VariantName = "[No Variations]"
Add component (AddParameter): Name = "Symbol"; Value = "电阻"; VariantName = "[No Variations]"
Add component (AddParameter): Name = "Value"; Value = "10K"; VariantName = "[No Variations]"
Added Component: Designator=R24(R0603)
Add component. Clean all parameters for all variants
Add component (AddParameter): Name = "AddInBom"; Value = "yes"; VariantName = "[No Variations]"
Add component (AddParameter): Name = "Channel ID"; Value = ""; VariantName = "[No Variations]"
Add component (AddParameter): Name = "ConvertToPcb"; Value = "yes"; VariantName = "[No Variations]"
Add component (AddParameter): Name = "Device"; Value = "Res_0603"; VariantName = "[No Variations]"
Add component (AddParameter): Name = "FootprintName"; Value = "R0603"; VariantName = "[No Variations]"
Add component (AddParameter): Name = "Group ID"; Value = ""; VariantName = "[No Variations]"
Add component (AddParameter): Name = "ModelId"; Value = "fc143cca1e79419f9cd78b61e9279f08"; VariantName = "[No Variations]"
Add component (AddParameter): Name = "ModelName"; Value = "R0603"; VariantName = "[No Variations]"
Add component (AddParameter): Name = "ModelTransform"; Value = "31.8897,63.7794,0,90,0,0,0,0,0"; VariantName = "[No Variations]"
Add component (AddParameter): Name = "Reuse Block"; Value = ""; VariantName = "[No Variations]"
Add component (AddParameter): Name = "Supplier Footprint"; Value = "0603"; VariantName = "[No Variations]"
Add component (AddParameter): Name = "Symbol"; Value = "电阻"; VariantName = "[No Variations]"
Add component (AddParameter): Name = "Value"; Value = "2k"; VariantName = "[No Variations]"
Added Component: Designator=R25(R0603)
Add component. Clean all parameters for all variants
Add component (AddParameter): Name = "AddInBom"; Value = "yes"; VariantName = "[No Variations]"
Add component (AddParameter): Name = "Channel ID"; Value = ""; VariantName = "[No Variations]"
Add component (AddParameter): Name = "ConvertToPcb"; Value = "yes"; VariantName = "[No Variations]"
Add component (AddParameter): Name = "Device"; Value = "Res_0603"; VariantName = "[No Variations]"
Add component (AddParameter): Name = "FootprintName"; Value = "R0603"; VariantName = "[No Variations]"
Add component (AddParameter): Name = "Group ID"; Value = ""; VariantName = "[No Variations]"
Add component (AddParameter): Name = "ModelId"; Value = "fc143cca1e79419f9cd78b61e9279f08"; VariantName = "[No Variations]"
Add component (AddParameter): Name = "ModelName"; Value = "R0603"; VariantName = "[No Variations]"
Add component (AddParameter): Name = "ModelTransform"; Value = "31.8897,63.7794,0,90,0,0,0,0,0"; VariantName = "[No Variations]"
Add component (AddParameter): Name = "Reuse Block"; Value = ""; VariantName = "[No Variations]"
Add component (AddParameter): Name = "Supplier Footprint"; Value = "0603"; VariantName = "[No Variations]"
Add component (AddParameter): Name = "Symbol"; Value = "电阻"; VariantName = "[No Variations]"
Add component (AddParameter): Name = "Value"; Value = "5.1K"; VariantName = "[No Variations]"
Added Component: Designator=R26(R0603)
Add component. Clean all parameters for all variants
Add component (AddParameter): Name = "AddInBom"; Value = "yes"; VariantName = "[No Variations]"
Add component (AddParameter): Name = "Channel ID"; Value = ""; VariantName = "[No Variations]"
Add component (AddParameter): Name = "ConvertToPcb"; Value = "yes"; VariantName = "[No Variations]"
Add component (AddParameter): Name = "Device"; Value = "Res_0603"; VariantName = "[No Variations]"
Add component (AddParameter): Name = "FootprintName"; Value = "R0603"; VariantName = "[No Variations]"
Add component (AddParameter): Name = "Group ID"; Value = ""; VariantName = "[No Variations]"
Add component (AddParameter): Name = "ModelId"; Value = "fc143cca1e79419f9cd78b61e9279f08"; VariantName = "[No Variations]"
Add component (AddParameter): Name = "ModelName"; Value = "R0603"; VariantName = "[No Variations]"
Add component (AddParameter): Name = "ModelTransform"; Value = "31.8897,63.7794,0,90,0,0,0,0,0"; VariantName = "[No Variations]"
Add component (AddParameter): Name = "Reuse Block"; Value = ""; VariantName = "[No Variations]"
Add component (AddParameter): Name = "Supplier Footprint"; Value = "0603"; VariantName = "[No Variations]"
Add component (AddParameter): Name = "Symbol"; Value = "电阻"; VariantName = "[No Variations]"
Add component (AddParameter): Name = "Value"; Value = "5.1K"; VariantName = "[No Variations]"
Added Component: Designator=R27(R0603)
Add component. Clean all parameters for all variants
Add component (AddParameter): Name = "AddInBom"; Value = "yes"; VariantName = "[No Variations]"
Add component (AddParameter): Name = "Channel ID"; Value = ""; VariantName = "[No Variations]"
Add component (AddParameter): Name = "ConvertToPcb"; Value = "yes"; VariantName = "[No Variations]"
Add component (AddParameter): Name = "Device"; Value = "Res_0603"; VariantName = "[No Variations]"
Add component (AddParameter): Name = "FootprintName"; Value = "R0603"; VariantName = "[No Variations]"
Add component (AddParameter): Name = "Group ID"; Value = ""; VariantName = "[No Variations]"
Add component (AddParameter): Name = "ModelId"; Value = "fc143cca1e79419f9cd78b61e9279f08"; VariantName = "[No Variations]"
Add component (AddParameter): Name = "ModelName"; Value = "R0603"; VariantName = "[No Variations]"
Add component (AddParameter): Name = "ModelTransform"; Value = "31.8897,63.7794,0,90,0,0,0,0,0"; VariantName = "[No Variations]"
Add component (AddParameter): Name = "Reuse Block"; Value = ""; VariantName = "[No Variations]"
Add component (AddParameter): Name = "Supplier Footprint"; Value = "0603"; VariantName = "[No Variations]"
Add component (AddParameter): Name = "Symbol"; Value = "电阻"; VariantName = "[No Variations]"
Add component (AddParameter): Name = "Value"; Value = "1k"; VariantName = "[No Variations]"
Added Component: Designator=R28(R0603)
Add component. Clean all parameters for all variants
Add component (AddParameter): Name = "AddInBom"; Value = "yes"; VariantName = "[No Variations]"
Add component (AddParameter): Name = "Channel ID"; Value = ""; VariantName = "[No Variations]"
Add component (AddParameter): Name = "ConvertToPcb"; Value = "yes"; VariantName = "[No Variations]"
Add component (AddParameter): Name = "Device"; Value = "Res_0603"; VariantName = "[No Variations]"
Add component (AddParameter): Name = "FootprintName"; Value = "R0603"; VariantName = "[No Variations]"
Add component (AddParameter): Name = "Group ID"; Value = ""; VariantName = "[No Variations]"
Add component (AddParameter): Name = "ModelId"; Value = "fc143cca1e79419f9cd78b61e9279f08"; VariantName = "[No Variations]"
Add component (AddParameter): Name = "ModelName"; Value = "R0603"; VariantName = "[No Variations]"
Add component (AddParameter): Name = "ModelTransform"; Value = "31.8897,63.7794,0,90,0,0,0,0,0"; VariantName = "[No Variations]"
Add component (AddParameter): Name = "Reuse Block"; Value = ""; VariantName = "[No Variations]"
Add component (AddParameter): Name = "Supplier Footprint"; Value = "0603"; VariantName = "[No Variations]"
Add component (AddParameter): Name = "Symbol"; Value = "电阻"; VariantName = "[No Variations]"
Add component (AddParameter): Name = "Value"; Value = "10K"; VariantName = "[No Variations]"
Added Component: Designator=R29(R0603)
Add component. Clean all parameters for all variants
Add component (AddParameter): Name = "AddInBom"; Value = "yes"; VariantName = "[No Variations]"
Add component (AddParameter): Name = "Channel ID"; Value = ""; VariantName = "[No Variations]"
Add component (AddParameter): Name = "ConvertToPcb"; Value = "yes"; VariantName = "[No Variations]"
Add component (AddParameter): Name = "Device"; Value = "Res_0603"; VariantName = "[No Variations]"
Add component (AddParameter): Name = "FootprintName"; Value = "R0603"; VariantName = "[No Variations]"
Add component (AddParameter): Name = "Group ID"; Value = ""; VariantName = "[No Variations]"
Add component (AddParameter): Name = "ModelId"; Value = "fc143cca1e79419f9cd78b61e9279f08"; VariantName = "[No Variations]"
Add component (AddParameter): Name = "ModelName"; Value = "R0603"; VariantName = "[No Variations]"
Add component (AddParameter): Name = "ModelTransform"; Value = "31.8897,63.7794,0,90,0,0,0,0,0"; VariantName = "[No Variations]"
Add component (AddParameter): Name = "Reuse Block"; Value = ""; VariantName = "[No Variations]"
Add component (AddParameter): Name = "Supplier Footprint"; Value = "0603"; VariantName = "[No Variations]"
Add component (AddParameter): Name = "Symbol"; Value = "电阻"; VariantName = "[No Variations]"
Add component (AddParameter): Name = "Value"; Value = "10K"; VariantName = "[No Variations]"
Added Component: Designator=R30(R0603)
Add component. Clean all parameters for all variants
Add component (AddParameter): Name = "AddInBom"; Value = "yes"; VariantName = "[No Variations]"
Add component (AddParameter): Name = "Channel ID"; Value = ""; VariantName = "[No Variations]"
Add component (AddParameter): Name = "ConvertToPcb"; Value = "yes"; VariantName = "[No Variations]"
Add component (AddParameter): Name = "Device"; Value = "Res_0603"; VariantName = "[No Variations]"
Add component (AddParameter): Name = "FootprintName"; Value = "R0603"; VariantName = "[No Variations]"
Add component (AddParameter): Name = "Group ID"; Value = ""; VariantName = "[No Variations]"
Add component (AddParameter): Name = "ModelId"; Value = "fc143cca1e79419f9cd78b61e9279f08"; VariantName = "[No Variations]"
Add component (AddParameter): Name = "ModelName"; Value = "R0603"; VariantName = "[No Variations]"
Add component (AddParameter): Name = "ModelTransform"; Value = "31.8897,63.7794,0,90,0,0,0,0,0"; VariantName = "[No Variations]"
Add component (AddParameter): Name = "Reuse Block"; Value = ""; VariantName = "[No Variations]"
Add component (AddParameter): Name = "Supplier Footprint"; Value = "0603"; VariantName = "[No Variations]"
Add component (AddParameter): Name = "Symbol"; Value = "电阻"; VariantName = "[No Variations]"
Add component (AddParameter): Name = "Value"; Value = "11k"; VariantName = "[No Variations]"
Added Component: Designator=R31(R0603)
Add component. Clean all parameters for all variants
Add component (AddParameter): Name = "AddInBom"; Value = "yes"; VariantName = "[No Variations]"
Add component (AddParameter): Name = "Channel ID"; Value = ""; VariantName = "[No Variations]"
Add component (AddParameter): Name = "ConvertToPcb"; Value = "yes"; VariantName = "[No Variations]"
Add component (AddParameter): Name = "Device"; Value = "Res_0603"; VariantName = "[No Variations]"
Add component (AddParameter): Name = "FootprintName"; Value = "R0603"; VariantName = "[No Variations]"
Add component (AddParameter): Name = "Group ID"; Value = ""; VariantName = "[No Variations]"
Add component (AddParameter): Name = "ModelId"; Value = "fc143cca1e79419f9cd78b61e9279f08"; VariantName = "[No Variations]"
Add component (AddParameter): Name = "ModelName"; Value = "R0603"; VariantName = "[No Variations]"
Add component (AddParameter): Name = "ModelTransform"; Value = "31.8897,63.7794,0,90,0,0,0,0,0"; VariantName = "[No Variations]"
Add component (AddParameter): Name = "Reuse Block"; Value = ""; VariantName = "[No Variations]"
Add component (AddParameter): Name = "Supplier Footprint"; Value = "0603"; VariantName = "[No Variations]"
Add component (AddParameter): Name = "Symbol"; Value = "电阻"; VariantName = "[No Variations]"
Add component (AddParameter): Name = "Value"; Value = "10K"; VariantName = "[No Variations]"
Added Component: Designator=R32(R0603)
Add component. Clean all parameters for all variants
Add component (AddParameter): Name = "AddInBom"; Value = "yes"; VariantName = "[No Variations]"
Add component (AddParameter): Name = "Channel ID"; Value = ""; VariantName = "[No Variations]"
Add component (AddParameter): Name = "ConvertToPcb"; Value = "yes"; VariantName = "[No Variations]"
Add component (AddParameter): Name = "Device"; Value = "Res_0603"; VariantName = "[No Variations]"
Add component (AddParameter): Name = "FootprintName"; Value = "R0603"; VariantName = "[No Variations]"
Add component (AddParameter): Name = "Group ID"; Value = ""; VariantName = "[No Variations]"
Add component (AddParameter): Name = "ModelId"; Value = "fc143cca1e79419f9cd78b61e9279f08"; VariantName = "[No Variations]"
Add component (AddParameter): Name = "ModelName"; Value = "R0603"; VariantName = "[No Variations]"
Add component (AddParameter): Name = "ModelTransform"; Value = "31.8897,63.7794,0,90,0,0,0,0,0"; VariantName = "[No Variations]"
Add component (AddParameter): Name = "Reuse Block"; Value = ""; VariantName = "[No Variations]"
Add component (AddParameter): Name = "Supplier Footprint"; Value = "0603"; VariantName = "[No Variations]"
Add component (AddParameter): Name = "Symbol"; Value = "电阻"; VariantName = "[No Variations]"
Add component (AddParameter): Name = "Value"; Value = "10K"; VariantName = "[No Variations]"
Added Component: Designator=R33(R0603)
Add component. Clean all parameters for all variants
Add component (AddParameter): Name = "AddInBom"; Value = "yes"; VariantName = "[No Variations]"
Add component (AddParameter): Name = "Channel ID"; Value = ""; VariantName = "[No Variations]"
Add component (AddParameter): Name = "ConvertToPcb"; Value = "yes"; VariantName = "[No Variations]"
Add component (AddParameter): Name = "Device"; Value = "Res_0603"; VariantName = "[No Variations]"
Add component (AddParameter): Name = "FootprintName"; Value = "R0603"; VariantName = "[No Variations]"
Add component (AddParameter): Name = "Group ID"; Value = ""; VariantName = "[No Variations]"
Add component (AddParameter): Name = "ModelId"; Value = "fc143cca1e79419f9cd78b61e9279f08"; VariantName = "[No Variations]"
Add component (AddParameter): Name = "ModelName"; Value = "R0603"; VariantName = "[No Variations]"
Add component (AddParameter): Name = "ModelTransform"; Value = "31.8897,63.7794,0,90,0,0,0,0,0"; VariantName = "[No Variations]"
Add component (AddParameter): Name = "Reuse Block"; Value = ""; VariantName = "[No Variations]"
Add component (AddParameter): Name = "Supplier Footprint"; Value = "0603"; VariantName = "[No Variations]"
Add component (AddParameter): Name = "Symbol"; Value = "电阻"; VariantName = "[No Variations]"
Add component (AddParameter): Name = "Value"; Value = "10k"; VariantName = "[No Variations]"
Added Component: Designator=R34(R0603)
Add component. Clean all parameters for all variants
Add component (AddParameter): Name = "AddInBom"; Value = "yes"; VariantName = "[No Variations]"
Add component (AddParameter): Name = "Channel ID"; Value = ""; VariantName = "[No Variations]"
Add component (AddParameter): Name = "ConvertToPcb"; Value = "yes"; VariantName = "[No Variations]"
Add component (AddParameter): Name = "Device"; Value = "Res_0603"; VariantName = "[No Variations]"
Add component (AddParameter): Name = "FootprintName"; Value = "R0603"; VariantName = "[No Variations]"
Add component (AddParameter): Name = "Group ID"; Value = ""; VariantName = "[No Variations]"
Add component (AddParameter): Name = "ModelId"; Value = "fc143cca1e79419f9cd78b61e9279f08"; VariantName = "[No Variations]"
Add component (AddParameter): Name = "ModelName"; Value = "R0603"; VariantName = "[No Variations]"
Add component (AddParameter): Name = "ModelTransform"; Value = "31.8897,63.7794,0,90,0,0,0,0,0"; VariantName = "[No Variations]"
Add component (AddParameter): Name = "Reuse Block"; Value = ""; VariantName = "[No Variations]"
Add component (AddParameter): Name = "Supplier Footprint"; Value = "0603"; VariantName = "[No Variations]"
Add component (AddParameter): Name = "Symbol"; Value = "电阻"; VariantName = "[No Variations]"
Add component (AddParameter): Name = "Value"; Value = "1.5k"; VariantName = "[No Variations]"
Added Component: Designator=R35(R0603)
Add component. Clean all parameters for all variants
Add component (AddParameter): Name = "AddInBom"; Value = "yes"; VariantName = "[No Variations]"
Add component (AddParameter): Name = "Channel ID"; Value = ""; VariantName = "[No Variations]"
Add component (AddParameter): Name = "ConvertToPcb"; Value = "yes"; VariantName = "[No Variations]"
Add component (AddParameter): Name = "Device"; Value = "Res_0603"; VariantName = "[No Variations]"
Add component (AddParameter): Name = "FootprintName"; Value = "R0603"; VariantName = "[No Variations]"
Add component (AddParameter): Name = "Group ID"; Value = ""; VariantName = "[No Variations]"
Add component (AddParameter): Name = "ModelId"; Value = "fc143cca1e79419f9cd78b61e9279f08"; VariantName = "[No Variations]"
Add component (AddParameter): Name = "ModelName"; Value = "R0603"; VariantName = "[No Variations]"
Add component (AddParameter): Name = "ModelTransform"; Value = "31.8897,63.7794,0,90,0,0,0,0,0"; VariantName = "[No Variations]"
Add component (AddParameter): Name = "Reuse Block"; Value = ""; VariantName = "[No Variations]"
Add component (AddParameter): Name = "Supplier Footprint"; Value = "0603"; VariantName = "[No Variations]"
Add component (AddParameter): Name = "Symbol"; Value = "电阻"; VariantName = "[No Variations]"
Add component (AddParameter): Name = "Value"; Value = "10k_0.1%"; VariantName = "[No Variations]"
Added Component: Designator=R36(R0603)
Add component. Clean all parameters for all variants
Add component (AddParameter): Name = "AddInBom"; Value = "yes"; VariantName = "[No Variations]"
Add component (AddParameter): Name = "Channel ID"; Value = ""; VariantName = "[No Variations]"
Add component (AddParameter): Name = "ConvertToPcb"; Value = "yes"; VariantName = "[No Variations]"
Add component (AddParameter): Name = "Device"; Value = "Res_0603"; VariantName = "[No Variations]"
Add component (AddParameter): Name = "FootprintName"; Value = "R0603"; VariantName = "[No Variations]"
Add component (AddParameter): Name = "Group ID"; Value = ""; VariantName = "[No Variations]"
Add component (AddParameter): Name = "ModelId"; Value = "fc143cca1e79419f9cd78b61e9279f08"; VariantName = "[No Variations]"
Add component (AddParameter): Name = "ModelName"; Value = "R0603"; VariantName = "[No Variations]"
Add component (AddParameter): Name = "ModelTransform"; Value = "31.8897,63.7794,0,90,0,0,0,0,0"; VariantName = "[No Variations]"
Add component (AddParameter): Name = "Reuse Block"; Value = ""; VariantName = "[No Variations]"
Add component (AddParameter): Name = "Supplier Footprint"; Value = "0603"; VariantName = "[No Variations]"
Add component (AddParameter): Name = "Symbol"; Value = "电阻"; VariantName = "[No Variations]"
Add component (AddParameter): Name = "Value"; Value = "000"; VariantName = "[No Variations]"
Added Component: Designator=R37(R0603)
Add component. Clean all parameters for all variants
Add component (AddParameter): Name = "AddInBom"; Value = "yes"; VariantName = "[No Variations]"
Add component (AddParameter): Name = "Channel ID"; Value = ""; VariantName = "[No Variations]"
Add component (AddParameter): Name = "ConvertToPcb"; Value = "yes"; VariantName = "[No Variations]"
Add component (AddParameter): Name = "Device"; Value = "Res_0603"; VariantName = "[No Variations]"
Add component (AddParameter): Name = "FootprintName"; Value = "R0603"; VariantName = "[No Variations]"
Add component (AddParameter): Name = "Group ID"; Value = ""; VariantName = "[No Variations]"
Add component (AddParameter): Name = "ModelId"; Value = "fc143cca1e79419f9cd78b61e9279f08"; VariantName = "[No Variations]"
Add component (AddParameter): Name = "ModelName"; Value = "R0603"; VariantName = "[No Variations]"
Add component (AddParameter): Name = "ModelTransform"; Value = "31.8897,63.7794,0,90,0,0,0,0,0"; VariantName = "[No Variations]"
Add component (AddParameter): Name = "Reuse Block"; Value = ""; VariantName = "[No Variations]"
Add component (AddParameter): Name = "Supplier Footprint"; Value = "0603"; VariantName = "[No Variations]"
Add component (AddParameter): Name = "Symbol"; Value = "电阻"; VariantName = "[No Variations]"
Add component (AddParameter): Name = "Value"; Value = "000"; VariantName = "[No Variations]"
Added Component: Designator=R38(R0603)
Add component. Clean all parameters for all variants
Add component (AddParameter): Name = "AddInBom"; Value = "yes"; VariantName = "[No Variations]"
Add component (AddParameter): Name = "Channel ID"; Value = ""; VariantName = "[No Variations]"
Add component (AddParameter): Name = "ConvertToPcb"; Value = "yes"; VariantName = "[No Variations]"
Add component (AddParameter): Name = "Device"; Value = "Res_0603"; VariantName = "[No Variations]"
Add component (AddParameter): Name = "FootprintName"; Value = "R0603"; VariantName = "[No Variations]"
Add component (AddParameter): Name = "Group ID"; Value = ""; VariantName = "[No Variations]"
Add component (AddParameter): Name = "ModelId"; Value = "fc143cca1e79419f9cd78b61e9279f08"; VariantName = "[No Variations]"
Add component (AddParameter): Name = "ModelName"; Value = "R0603"; VariantName = "[No Variations]"
Add component (AddParameter): Name = "ModelTransform"; Value = "31.8897,63.7794,0,90,0,0,0,0,0"; VariantName = "[No Variations]"
Add component (AddParameter): Name = "Reuse Block"; Value = ""; VariantName = "[No Variations]"
Add component (AddParameter): Name = "Supplier Footprint"; Value = "0603"; VariantName = "[No Variations]"
Add component (AddParameter): Name = "Symbol"; Value = "电阻"; VariantName = "[No Variations]"
Add component (AddParameter): Name = "Value"; Value = "000"; VariantName = "[No Variations]"
Added Component: Designator=R39(R0603)
Add component. Clean all parameters for all variants
Add component (AddParameter): Name = "AddInBom"; Value = "yes"; VariantName = "[No Variations]"
Add component (AddParameter): Name = "Channel ID"; Value = ""; VariantName = "[No Variations]"
Add component (AddParameter): Name = "ConvertToPcb"; Value = "yes"; VariantName = "[No Variations]"
Add component (AddParameter): Name = "Device"; Value = "Res_0603"; VariantName = "[No Variations]"
Add component (AddParameter): Name = "FootprintName"; Value = "R0603"; VariantName = "[No Variations]"
Add component (AddParameter): Name = "Group ID"; Value = ""; VariantName = "[No Variations]"
Add component (AddParameter): Name = "ModelId"; Value = "fc143cca1e79419f9cd78b61e9279f08"; VariantName = "[No Variations]"
Add component (AddParameter): Name = "ModelName"; Value = "R0603"; VariantName = "[No Variations]"
Add component (AddParameter): Name = "ModelTransform"; Value = "31.8897,63.7794,0,90,0,0,0,0,0"; VariantName = "[No Variations]"
Add component (AddParameter): Name = "Reuse Block"; Value = ""; VariantName = "[No Variations]"
Add component (AddParameter): Name = "Supplier Footprint"; Value = "0603"; VariantName = "[No Variations]"
Add component (AddParameter): Name = "Symbol"; Value = "电阻"; VariantName = "[No Variations]"
Add component (AddParameter): Name = "Value"; Value = "10k"; VariantName = "[No Variations]"
Added Component: Designator=R40(R0603)
Add component. Clean all parameters for all variants
Add component (AddParameter): Name = "AddInBom"; Value = "yes"; VariantName = "[No Variations]"
Add component (AddParameter): Name = "Channel ID"; Value = ""; VariantName = "[No Variations]"
Add component (AddParameter): Name = "ConvertToPcb"; Value = "yes"; VariantName = "[No Variations]"
Add component (AddParameter): Name = "Device"; Value = "Res_0603"; VariantName = "[No Variations]"
Add component (AddParameter): Name = "FootprintName"; Value = "R0603"; VariantName = "[No Variations]"
Add component (AddParameter): Name = "Group ID"; Value = ""; VariantName = "[No Variations]"
Add component (AddParameter): Name = "ModelId"; Value = "fc143cca1e79419f9cd78b61e9279f08"; VariantName = "[No Variations]"
Add component (AddParameter): Name = "ModelName"; Value = "R0603"; VariantName = "[No Variations]"
Add component (AddParameter): Name = "ModelTransform"; Value = "31.8897,63.7794,0,90,0,0,0,0,0"; VariantName = "[No Variations]"
Add component (AddParameter): Name = "Reuse Block"; Value = ""; VariantName = "[No Variations]"
Add component (AddParameter): Name = "Supplier Footprint"; Value = "0603"; VariantName = "[No Variations]"
Add component (AddParameter): Name = "Symbol"; Value = "电阻"; VariantName = "[No Variations]"
Add component (AddParameter): Name = "Value"; Value = "10k_0.1%"; VariantName = "[No Variations]"
Added Component: Designator=R41(R0603)
Add component. Clean all parameters for all variants
Add component (AddParameter): Name = "AddInBom"; Value = "yes"; VariantName = "[No Variations]"
Add component (AddParameter): Name = "Channel ID"; Value = ""; VariantName = "[No Variations]"
Add component (AddParameter): Name = "ConvertToPcb"; Value = "yes"; VariantName = "[No Variations]"
Add component (AddParameter): Name = "Device"; Value = "Res_0603"; VariantName = "[No Variations]"
Add component (AddParameter): Name = "FootprintName"; Value = "R0603"; VariantName = "[No Variations]"
Add component (AddParameter): Name = "Group ID"; Value = ""; VariantName = "[No Variations]"
Add component (AddParameter): Name = "ModelId"; Value = "fc143cca1e79419f9cd78b61e9279f08"; VariantName = "[No Variations]"
Add component (AddParameter): Name = "ModelName"; Value = "R0603"; VariantName = "[No Variations]"
Add component (AddParameter): Name = "ModelTransform"; Value = "31.8897,63.7794,0,90,0,0,0,0,0"; VariantName = "[No Variations]"
Add component (AddParameter): Name = "Reuse Block"; Value = ""; VariantName = "[No Variations]"
Add component (AddParameter): Name = "Supplier Footprint"; Value = "0603"; VariantName = "[No Variations]"
Add component (AddParameter): Name = "Symbol"; Value = "电阻"; VariantName = "[No Variations]"
Add component (AddParameter): Name = "Value"; Value = "1M"; VariantName = "[No Variations]"
Added Component: Designator=R42(R0603)
Add component. Clean all parameters for all variants
Add component (AddParameter): Name = "AddInBom"; Value = "yes"; VariantName = "[No Variations]"
Add component (AddParameter): Name = "Channel ID"; Value = ""; VariantName = "[No Variations]"
Add component (AddParameter): Name = "ConvertToPcb"; Value = "yes"; VariantName = "[No Variations]"
Add component (AddParameter): Name = "Device"; Value = "Res_0603"; VariantName = "[No Variations]"
Add component (AddParameter): Name = "FootprintName"; Value = "R0603"; VariantName = "[No Variations]"
Add component (AddParameter): Name = "Group ID"; Value = ""; VariantName = "[No Variations]"
Add component (AddParameter): Name = "ModelId"; Value = "fc143cca1e79419f9cd78b61e9279f08"; VariantName = "[No Variations]"
Add component (AddParameter): Name = "ModelName"; Value = "R0603"; VariantName = "[No Variations]"
Add component (AddParameter): Name = "ModelTransform"; Value = "31.8897,63.7794,0,90,0,0,0,0,0"; VariantName = "[No Variations]"
Add component (AddParameter): Name = "Reuse Block"; Value = ""; VariantName = "[No Variations]"
Add component (AddParameter): Name = "Supplier Footprint"; Value = "0603"; VariantName = "[No Variations]"
Add component (AddParameter): Name = "Symbol"; Value = "电阻"; VariantName = "[No Variations]"
Add component (AddParameter): Name = "Value"; Value = "100"; VariantName = "[No Variations]"
Added Component: Designator=R43(R0603)
Add component. Clean all parameters for all variants
Add component (AddParameter): Name = "AddInBom"; Value = "yes"; VariantName = "[No Variations]"
Add component (AddParameter): Name = "Channel ID"; Value = ""; VariantName = "[No Variations]"
Add component (AddParameter): Name = "ConvertToPcb"; Value = "yes"; VariantName = "[No Variations]"
Add component (AddParameter): Name = "Device"; Value = "Res_0603"; VariantName = "[No Variations]"
Add component (AddParameter): Name = "FootprintName"; Value = "R0603"; VariantName = "[No Variations]"
Add component (AddParameter): Name = "Group ID"; Value = ""; VariantName = "[No Variations]"
Add component (AddParameter): Name = "ModelId"; Value = "fc143cca1e79419f9cd78b61e9279f08"; VariantName = "[No Variations]"
Add component (AddParameter): Name = "ModelName"; Value = "R0603"; VariantName = "[No Variations]"
Add component (AddParameter): Name = "ModelTransform"; Value = "31.8897,63.7794,0,90,0,0,0,0,0"; VariantName = "[No Variations]"
Add component (AddParameter): Name = "Reuse Block"; Value = ""; VariantName = "[No Variations]"
Add component (AddParameter): Name = "Supplier Footprint"; Value = "0603"; VariantName = "[No Variations]"
Add component (AddParameter): Name = "Symbol"; Value = "电阻"; VariantName = "[No Variations]"
Add component (AddParameter): Name = "Value"; Value = "5.1K"; VariantName = "[No Variations]"
Added Component: Designator=R44(R0603)
Add component. Clean all parameters for all variants
Add component (AddParameter): Name = "AddInBom"; Value = "yes"; VariantName = "[No Variations]"
Add component (AddParameter): Name = "Channel ID"; Value = ""; VariantName = "[No Variations]"
Add component (AddParameter): Name = "ConvertToPcb"; Value = "yes"; VariantName = "[No Variations]"
Add component (AddParameter): Name = "Device"; Value = "Res_0603"; VariantName = "[No Variations]"
Add component (AddParameter): Name = "FootprintName"; Value = "R0603"; VariantName = "[No Variations]"
Add component (AddParameter): Name = "Group ID"; Value = ""; VariantName = "[No Variations]"
Add component (AddParameter): Name = "ModelId"; Value = "fc143cca1e79419f9cd78b61e9279f08"; VariantName = "[No Variations]"
Add component (AddParameter): Name = "ModelName"; Value = "R0603"; VariantName = "[No Variations]"
Add component (AddParameter): Name = "ModelTransform"; Value = "31.8897,63.7794,0,90,0,0,0,0,0"; VariantName = "[No Variations]"
Add component (AddParameter): Name = "Reuse Block"; Value = ""; VariantName = "[No Variations]"
Add component (AddParameter): Name = "Supplier Footprint"; Value = "0603"; VariantName = "[No Variations]"
Add component (AddParameter): Name = "Symbol"; Value = "电阻"; VariantName = "[No Variations]"
Add component (AddParameter): Name = "Value"; Value = "10K_0.1%"; VariantName = "[No Variations]"
Added Component: Designator=R45(R0603)
Add component. Clean all parameters for all variants
Add component (AddParameter): Name = "AddInBom"; Value = "yes"; VariantName = "[No Variations]"
Add component (AddParameter): Name = "Channel ID"; Value = ""; VariantName = "[No Variations]"
Add component (AddParameter): Name = "ConvertToPcb"; Value = "yes"; VariantName = "[No Variations]"
Add component (AddParameter): Name = "Device"; Value = "Res_0603"; VariantName = "[No Variations]"
Add component (AddParameter): Name = "FootprintName"; Value = "R0603"; VariantName = "[No Variations]"
Add component (AddParameter): Name = "Group ID"; Value = ""; VariantName = "[No Variations]"
Add component (AddParameter): Name = "ModelId"; Value = "fc143cca1e79419f9cd78b61e9279f08"; VariantName = "[No Variations]"
Add component (AddParameter): Name = "ModelName"; Value = "R0603"; VariantName = "[No Variations]"
Add component (AddParameter): Name = "ModelTransform"; Value = "31.8897,63.7794,0,90,0,0,0,0,0"; VariantName = "[No Variations]"
Add component (AddParameter): Name = "Reuse Block"; Value = ""; VariantName = "[No Variations]"
Add component (AddParameter): Name = "Supplier Footprint"; Value = "0603"; VariantName = "[No Variations]"
Add component (AddParameter): Name = "Symbol"; Value = "电阻"; VariantName = "[No Variations]"
Add component (AddParameter): Name = "Value"; Value = "10K_0.1%"; VariantName = "[No Variations]"
Added Component: Designator=R46(R0603)
Add component. Clean all parameters for all variants
Add component (AddParameter): Name = "AddInBom"; Value = "yes"; VariantName = "[No Variations]"
Add component (AddParameter): Name = "Channel ID"; Value = ""; VariantName = "[No Variations]"
Add component (AddParameter): Name = "ConvertToPcb"; Value = "yes"; VariantName = "[No Variations]"
Add component (AddParameter): Name = "Device"; Value = "Res_0603"; VariantName = "[No Variations]"
Add component (AddParameter): Name = "FootprintName"; Value = "R0603"; VariantName = "[No Variations]"
Add component (AddParameter): Name = "Group ID"; Value = ""; VariantName = "[No Variations]"
Add component (AddParameter): Name = "ModelId"; Value = "fc143cca1e79419f9cd78b61e9279f08"; VariantName = "[No Variations]"
Add component (AddParameter): Name = "ModelName"; Value = "R0603"; VariantName = "[No Variations]"
Add component (AddParameter): Name = "ModelTransform"; Value = "31.8897,63.7794,0,90,0,0,0,0,0"; VariantName = "[No Variations]"
Add component (AddParameter): Name = "Reuse Block"; Value = ""; VariantName = "[No Variations]"
Add component (AddParameter): Name = "Supplier Footprint"; Value = "0603"; VariantName = "[No Variations]"
Add component (AddParameter): Name = "Symbol"; Value = "电阻"; VariantName = "[No Variations]"
Add component (AddParameter): Name = "Value"; Value = "51K"; VariantName = "[No Variations]"
Added Component: Designator=R47(R0603)
Add component. Clean all parameters for all variants
Add component (AddParameter): Name = "AddInBom"; Value = "yes"; VariantName = "[No Variations]"
Add component (AddParameter): Name = "Channel ID"; Value = ""; VariantName = "[No Variations]"
Add component (AddParameter): Name = "ConvertToPcb"; Value = "yes"; VariantName = "[No Variations]"
Add component (AddParameter): Name = "Device"; Value = "Res_0603"; VariantName = "[No Variations]"
Add component (AddParameter): Name = "FootprintName"; Value = "R0603"; VariantName = "[No Variations]"
Add component (AddParameter): Name = "Group ID"; Value = ""; VariantName = "[No Variations]"
Add component (AddParameter): Name = "ModelId"; Value = "fc143cca1e79419f9cd78b61e9279f08"; VariantName = "[No Variations]"
Add component (AddParameter): Name = "ModelName"; Value = "R0603"; VariantName = "[No Variations]"
Add component (AddParameter): Name = "ModelTransform"; Value = "31.8897,63.7794,0,90,0,0,0,0,0"; VariantName = "[No Variations]"
Add component (AddParameter): Name = "Reuse Block"; Value = ""; VariantName = "[No Variations]"
Add component (AddParameter): Name = "Supplier Footprint"; Value = "0603"; VariantName = "[No Variations]"
Add component (AddParameter): Name = "Symbol"; Value = "电阻"; VariantName = "[No Variations]"
Add component (AddParameter): Name = "Value"; Value = "51K"; VariantName = "[No Variations]"
Added Component: Designator=R48(R0603)
Add component. Clean all parameters for all variants
Add component (AddParameter): Name = "AddInBom"; Value = "yes"; VariantName = "[No Variations]"
Add component (AddParameter): Name = "Channel ID"; Value = ""; VariantName = "[No Variations]"
Add component (AddParameter): Name = "ConvertToPcb"; Value = "yes"; VariantName = "[No Variations]"
Add component (AddParameter): Name = "Device"; Value = "Res_0603"; VariantName = "[No Variations]"
Add component (AddParameter): Name = "FootprintName"; Value = "R0603"; VariantName = "[No Variations]"
Add component (AddParameter): Name = "Group ID"; Value = ""; VariantName = "[No Variations]"
Add component (AddParameter): Name = "ModelId"; Value = "fc143cca1e79419f9cd78b61e9279f08"; VariantName = "[No Variations]"
Add component (AddParameter): Name = "ModelName"; Value = "R0603"; VariantName = "[No Variations]"
Add component (AddParameter): Name = "ModelTransform"; Value = "31.8897,63.7794,0,90,0,0,0,0,0"; VariantName = "[No Variations]"
Add component (AddParameter): Name = "Reuse Block"; Value = ""; VariantName = "[No Variations]"
Add component (AddParameter): Name = "Supplier Footprint"; Value = "0603"; VariantName = "[No Variations]"
Add component (AddParameter): Name = "Symbol"; Value = "电阻"; VariantName = "[No Variations]"
Add component (AddParameter): Name = "Value"; Value = "10K"; VariantName = "[No Variations]"
Added Component: Designator=R49(R0603)
Add component. Clean all parameters for all variants
Add component (AddParameter): Name = "AddInBom"; Value = "yes"; VariantName = "[No Variations]"
Add component (AddParameter): Name = "Channel ID"; Value = ""; VariantName = "[No Variations]"
Add component (AddParameter): Name = "ConvertToPcb"; Value = "yes"; VariantName = "[No Variations]"
Add component (AddParameter): Name = "Device"; Value = "Res_0603"; VariantName = "[No Variations]"
Add component (AddParameter): Name = "FootprintName"; Value = "R0603"; VariantName = "[No Variations]"
Add component (AddParameter): Name = "Group ID"; Value = ""; VariantName = "[No Variations]"
Add component (AddParameter): Name = "ModelId"; Value = "fc143cca1e79419f9cd78b61e9279f08"; VariantName = "[No Variations]"
Add component (AddParameter): Name = "ModelName"; Value = "R0603"; VariantName = "[No Variations]"
Add component (AddParameter): Name = "ModelTransform"; Value = "31.8897,63.7794,0,90,0,0,0,0,0"; VariantName = "[No Variations]"
Add component (AddParameter): Name = "Reuse Block"; Value = ""; VariantName = "[No Variations]"
Add component (AddParameter): Name = "Supplier Footprint"; Value = "0603"; VariantName = "[No Variations]"
Add component (AddParameter): Name = "Symbol"; Value = "电阻"; VariantName = "[No Variations]"
Add component (AddParameter): Name = "Value"; Value = "10K_0.1%"; VariantName = "[No Variations]"
Added Component: Designator=R50(R0603)
Add component. Clean all parameters for all variants
Add component (AddParameter): Name = "AddInBom"; Value = "yes"; VariantName = "[No Variations]"
Add component (AddParameter): Name = "Channel ID"; Value = ""; VariantName = "[No Variations]"
Add component (AddParameter): Name = "ConvertToPcb"; Value = "yes"; VariantName = "[No Variations]"
Add component (AddParameter): Name = "Device"; Value = "Res_0603"; VariantName = "[No Variations]"
Add component (AddParameter): Name = "FootprintName"; Value = "R0603"; VariantName = "[No Variations]"
Add component (AddParameter): Name = "Group ID"; Value = ""; VariantName = "[No Variations]"
Add component (AddParameter): Name = "ModelId"; Value = "fc143cca1e79419f9cd78b61e9279f08"; VariantName = "[No Variations]"
Add component (AddParameter): Name = "ModelName"; Value = "R0603"; VariantName = "[No Variations]"
Add component (AddParameter): Name = "ModelTransform"; Value = "31.8897,63.7794,0,90,0,0,0,0,0"; VariantName = "[No Variations]"
Add component (AddParameter): Name = "Reuse Block"; Value = ""; VariantName = "[No Variations]"
Add component (AddParameter): Name = "Supplier Footprint"; Value = "0603"; VariantName = "[No Variations]"
Add component (AddParameter): Name = "Symbol"; Value = "电阻"; VariantName = "[No Variations]"
Add component (AddParameter): Name = "Value"; Value = "10K_0.1%"; VariantName = "[No Variations]"
Added Component: Designator=R51(R0603)
Add component. Clean all parameters for all variants
Add component (AddParameter): Name = "AddInBom"; Value = "yes"; VariantName = "[No Variations]"
Add component (AddParameter): Name = "Channel ID"; Value = ""; VariantName = "[No Variations]"
Add component (AddParameter): Name = "ConvertToPcb"; Value = "yes"; VariantName = "[No Variations]"
Add component (AddParameter): Name = "Device"; Value = "Res_0603"; VariantName = "[No Variations]"
Add component (AddParameter): Name = "FootprintName"; Value = "R0603"; VariantName = "[No Variations]"
Add component (AddParameter): Name = "Group ID"; Value = ""; VariantName = "[No Variations]"
Add component (AddParameter): Name = "ModelId"; Value = "fc143cca1e79419f9cd78b61e9279f08"; VariantName = "[No Variations]"
Add component (AddParameter): Name = "ModelName"; Value = "R0603"; VariantName = "[No Variations]"
Add component (AddParameter): Name = "ModelTransform"; Value = "31.8897,63.7794,0,90,0,0,0,0,0"; VariantName = "[No Variations]"
Add component (AddParameter): Name = "Reuse Block"; Value = ""; VariantName = "[No Variations]"
Add component (AddParameter): Name = "Supplier Footprint"; Value = "0603"; VariantName = "[No Variations]"
Add component (AddParameter): Name = "Symbol"; Value = "电阻"; VariantName = "[No Variations]"
Add component (AddParameter): Name = "Value"; Value = "1k"; VariantName = "[No Variations]"
Added Component: Designator=R52(R0603)
Add component. Clean all parameters for all variants
Add component (AddParameter): Name = "AddInBom"; Value = "yes"; VariantName = "[No Variations]"
Add component (AddParameter): Name = "Channel ID"; Value = ""; VariantName = "[No Variations]"
Add component (AddParameter): Name = "ConvertToPcb"; Value = "yes"; VariantName = "[No Variations]"
Add component (AddParameter): Name = "Device"; Value = "Res_0603"; VariantName = "[No Variations]"
Add component (AddParameter): Name = "FootprintName"; Value = "R0603"; VariantName = "[No Variations]"
Add component (AddParameter): Name = "Group ID"; Value = ""; VariantName = "[No Variations]"
Add component (AddParameter): Name = "ModelId"; Value = "fc143cca1e79419f9cd78b61e9279f08"; VariantName = "[No Variations]"
Add component (AddParameter): Name = "ModelName"; Value = "R0603"; VariantName = "[No Variations]"
Add component (AddParameter): Name = "ModelTransform"; Value = "31.8897,63.7794,0,90,0,0,0,0,0"; VariantName = "[No Variations]"
Add component (AddParameter): Name = "Reuse Block"; Value = ""; VariantName = "[No Variations]"
Add component (AddParameter): Name = "Supplier Footprint"; Value = "0603"; VariantName = "[No Variations]"
Add component (AddParameter): Name = "Symbol"; Value = "电阻"; VariantName = "[No Variations]"
Add component (AddParameter): Name = "Value"; Value = "100k"; VariantName = "[No Variations]"
Added Component: Designator=R53(R0603)
Add component. Clean all parameters for all variants
Add component (AddParameter): Name = "AddInBom"; Value = "yes"; VariantName = "[No Variations]"
Add component (AddParameter): Name = "Channel ID"; Value = ""; VariantName = "[No Variations]"
Add component (AddParameter): Name = "ConvertToPcb"; Value = "yes"; VariantName = "[No Variations]"
Add component (AddParameter): Name = "Device"; Value = "Res_0603"; VariantName = "[No Variations]"
Add component (AddParameter): Name = "FootprintName"; Value = "R0603"; VariantName = "[No Variations]"
Add component (AddParameter): Name = "Group ID"; Value = ""; VariantName = "[No Variations]"
Add component (AddParameter): Name = "ModelId"; Value = "fc143cca1e79419f9cd78b61e9279f08"; VariantName = "[No Variations]"
Add component (AddParameter): Name = "ModelName"; Value = "R0603"; VariantName = "[No Variations]"
Add component (AddParameter): Name = "ModelTransform"; Value = "31.8897,63.7794,0,90,0,0,0,0,0"; VariantName = "[No Variations]"
Add component (AddParameter): Name = "Reuse Block"; Value = ""; VariantName = "[No Variations]"
Add component (AddParameter): Name = "Supplier Footprint"; Value = "0603"; VariantName = "[No Variations]"
Add component (AddParameter): Name = "Symbol"; Value = "电阻"; VariantName = "[No Variations]"
Add component (AddParameter): Name = "Value"; Value = "10k"; VariantName = "[No Variations]"
Added Component: Designator=R54(R0603)
Add component. Clean all parameters for all variants
Add component (AddParameter): Name = "AddInBom"; Value = "yes"; VariantName = "[No Variations]"
Add component (AddParameter): Name = "Channel ID"; Value = ""; VariantName = "[No Variations]"
Add component (AddParameter): Name = "ConvertToPcb"; Value = "yes"; VariantName = "[No Variations]"
Add component (AddParameter): Name = "Device"; Value = "Res_0603"; VariantName = "[No Variations]"
Add component (AddParameter): Name = "FootprintName"; Value = "R0603"; VariantName = "[No Variations]"
Add component (AddParameter): Name = "Group ID"; Value = ""; VariantName = "[No Variations]"
Add component (AddParameter): Name = "ModelId"; Value = "fc143cca1e79419f9cd78b61e9279f08"; VariantName = "[No Variations]"
Add component (AddParameter): Name = "ModelName"; Value = "R0603"; VariantName = "[No Variations]"
Add component (AddParameter): Name = "ModelTransform"; Value = "31.8897,63.7794,0,90,0,0,0,0,0"; VariantName = "[No Variations]"
Add component (AddParameter): Name = "Reuse Block"; Value = ""; VariantName = "[No Variations]"
Add component (AddParameter): Name = "Supplier Footprint"; Value = "0603"; VariantName = "[No Variations]"
Add component (AddParameter): Name = "Symbol"; Value = "电阻"; VariantName = "[No Variations]"
Add component (AddParameter): Name = "Value"; Value = "1k"; VariantName = "[No Variations]"
Added Component: Designator=R55(R0603)
Add component. Clean all parameters for all variants
Add component (AddParameter): Name = "AddInBom"; Value = "yes"; VariantName = "[No Variations]"
Add component (AddParameter): Name = "Channel ID"; Value = ""; VariantName = "[No Variations]"
Add component (AddParameter): Name = "ConvertToPcb"; Value = "yes"; VariantName = "[No Variations]"
Add component (AddParameter): Name = "Device"; Value = "Res_0603"; VariantName = "[No Variations]"
Add component (AddParameter): Name = "FootprintName"; Value = "R0603"; VariantName = "[No Variations]"
Add component (AddParameter): Name = "Group ID"; Value = ""; VariantName = "[No Variations]"
Add component (AddParameter): Name = "ModelId"; Value = "fc143cca1e79419f9cd78b61e9279f08"; VariantName = "[No Variations]"
Add component (AddParameter): Name = "ModelName"; Value = "R0603"; VariantName = "[No Variations]"
Add component (AddParameter): Name = "ModelTransform"; Value = "31.8897,63.7794,0,90,0,0,0,0,0"; VariantName = "[No Variations]"
Add component (AddParameter): Name = "Reuse Block"; Value = ""; VariantName = "[No Variations]"
Add component (AddParameter): Name = "Supplier Footprint"; Value = "0603"; VariantName = "[No Variations]"
Add component (AddParameter): Name = "Symbol"; Value = "电阻"; VariantName = "[No Variations]"
Add component (AddParameter): Name = "Value"; Value = "20"; VariantName = "[No Variations]"
Added Component: Designator=R56(R0603)
Add component. Clean all parameters for all variants
Add component (AddParameter): Name = "AddInBom"; Value = "yes"; VariantName = "[No Variations]"
Add component (AddParameter): Name = "Channel ID"; Value = ""; VariantName = "[No Variations]"
Add component (AddParameter): Name = "ConvertToPcb"; Value = "yes"; VariantName = "[No Variations]"
Add component (AddParameter): Name = "Device"; Value = "Res_0603"; VariantName = "[No Variations]"
Add component (AddParameter): Name = "FootprintName"; Value = "R0603"; VariantName = "[No Variations]"
Add component (AddParameter): Name = "Group ID"; Value = ""; VariantName = "[No Variations]"
Add component (AddParameter): Name = "ModelId"; Value = "fc143cca1e79419f9cd78b61e9279f08"; VariantName = "[No Variations]"
Add component (AddParameter): Name = "ModelName"; Value = "R0603"; VariantName = "[No Variations]"
Add component (AddParameter): Name = "ModelTransform"; Value = "31.8897,63.7794,0,90,0,0,0,0,0"; VariantName = "[No Variations]"
Add component (AddParameter): Name = "Reuse Block"; Value = ""; VariantName = "[No Variations]"
Add component (AddParameter): Name = "Supplier Footprint"; Value = "0603"; VariantName = "[No Variations]"
Add component (AddParameter): Name = "Symbol"; Value = "电阻"; VariantName = "[No Variations]"
Add component (AddParameter): Name = "Value"; Value = "10K"; VariantName = "[No Variations]"
Added Component: Designator=R57(R0603)
Add component. Clean all parameters for all variants
Add component (AddParameter): Name = "AddInBom"; Value = "yes"; VariantName = "[No Variations]"
Add component (AddParameter): Name = "Channel ID"; Value = ""; VariantName = "[No Variations]"
Add component (AddParameter): Name = "ConvertToPcb"; Value = "yes"; VariantName = "[No Variations]"
Add component (AddParameter): Name = "Device"; Value = "Res_0603"; VariantName = "[No Variations]"
Add component (AddParameter): Name = "FootprintName"; Value = "R0603"; VariantName = "[No Variations]"
Add component (AddParameter): Name = "Group ID"; Value = ""; VariantName = "[No Variations]"
Add component (AddParameter): Name = "ModelId"; Value = "fc143cca1e79419f9cd78b61e9279f08"; VariantName = "[No Variations]"
Add component (AddParameter): Name = "ModelName"; Value = "R0603"; VariantName = "[No Variations]"
Add component (AddParameter): Name = "ModelTransform"; Value = "31.8897,63.7794,0,90,0,0,0,0,0"; VariantName = "[No Variations]"
Add component (AddParameter): Name = "Reuse Block"; Value = ""; VariantName = "[No Variations]"
Add component (AddParameter): Name = "Supplier Footprint"; Value = "0603"; VariantName = "[No Variations]"
Add component (AddParameter): Name = "Symbol"; Value = "电阻"; VariantName = "[No Variations]"
Add component (AddParameter): Name = "Value"; Value = "10K"; VariantName = "[No Variations]"
Added Component: Designator=R58(R0603)
Add component. Clean all parameters for all variants
Add component (AddParameter): Name = "AddInBom"; Value = "yes"; VariantName = "[No Variations]"
Add component (AddParameter): Name = "Channel ID"; Value = ""; VariantName = "[No Variations]"
Add component (AddParameter): Name = "ConvertToPcb"; Value = "yes"; VariantName = "[No Variations]"
Add component (AddParameter): Name = "Device"; Value = "Res_0603"; VariantName = "[No Variations]"
Add component (AddParameter): Name = "FootprintName"; Value = "R0603"; VariantName = "[No Variations]"
Add component (AddParameter): Name = "Group ID"; Value = ""; VariantName = "[No Variations]"
Add component (AddParameter): Name = "ModelId"; Value = "fc143cca1e79419f9cd78b61e9279f08"; VariantName = "[No Variations]"
Add component (AddParameter): Name = "ModelName"; Value = "R0603"; VariantName = "[No Variations]"
Add component (AddParameter): Name = "ModelTransform"; Value = "31.8897,63.7794,0,90,0,0,0,0,0"; VariantName = "[No Variations]"
Add component (AddParameter): Name = "Reuse Block"; Value = ""; VariantName = "[No Variations]"
Add component (AddParameter): Name = "Supplier Footprint"; Value = "0603"; VariantName = "[No Variations]"
Add component (AddParameter): Name = "Symbol"; Value = "电阻"; VariantName = "[No Variations]"
Add component (AddParameter): Name = "Value"; Value = "20"; VariantName = "[No Variations]"
Added Component: Designator=R59(R0603)
Add component. Clean all parameters for all variants
Add component (AddParameter): Name = "AddInBom"; Value = "yes"; VariantName = "[No Variations]"
Add component (AddParameter): Name = "Channel ID"; Value = ""; VariantName = "[No Variations]"
Add component (AddParameter): Name = "ConvertToPcb"; Value = "yes"; VariantName = "[No Variations]"
Add component (AddParameter): Name = "Device"; Value = "Res_0603"; VariantName = "[No Variations]"
Add component (AddParameter): Name = "FootprintName"; Value = "R0603"; VariantName = "[No Variations]"
Add component (AddParameter): Name = "Group ID"; Value = ""; VariantName = "[No Variations]"
Add component (AddParameter): Name = "ModelId"; Value = "fc143cca1e79419f9cd78b61e9279f08"; VariantName = "[No Variations]"
Add component (AddParameter): Name = "ModelName"; Value = "R0603"; VariantName = "[No Variations]"
Add component (AddParameter): Name = "ModelTransform"; Value = "31.8897,63.7794,0,90,0,0,0,0,0"; VariantName = "[No Variations]"
Add component (AddParameter): Name = "Reuse Block"; Value = ""; VariantName = "[No Variations]"
Add component (AddParameter): Name = "Supplier Footprint"; Value = "0603"; VariantName = "[No Variations]"
Add component (AddParameter): Name = "Symbol"; Value = "电阻"; VariantName = "[No Variations]"
Add component (AddParameter): Name = "Value"; Value = "510"; VariantName = "[No Variations]"
Added Component: Designator=R60(R0603)
Add component. Clean all parameters for all variants
Add component (AddParameter): Name = "AddInBom"; Value = "yes"; VariantName = "[No Variations]"
Add component (AddParameter): Name = "Channel ID"; Value = ""; VariantName = "[No Variations]"
Add component (AddParameter): Name = "ConvertToPcb"; Value = "yes"; VariantName = "[No Variations]"
Add component (AddParameter): Name = "Device"; Value = "Res_0603"; VariantName = "[No Variations]"
Add component (AddParameter): Name = "FootprintName"; Value = "R0603"; VariantName = "[No Variations]"
Add component (AddParameter): Name = "Group ID"; Value = ""; VariantName = "[No Variations]"
Add component (AddParameter): Name = "ModelId"; Value = "fc143cca1e79419f9cd78b61e9279f08"; VariantName = "[No Variations]"
Add component (AddParameter): Name = "ModelName"; Value = "R0603"; VariantName = "[No Variations]"
Add component (AddParameter): Name = "ModelTransform"; Value = "31.8897,63.7794,0,90,0,0,0,0,0"; VariantName = "[No Variations]"
Add component (AddParameter): Name = "Reuse Block"; Value = ""; VariantName = "[No Variations]"
Add component (AddParameter): Name = "Supplier Footprint"; Value = "0603"; VariantName = "[No Variations]"
Add component (AddParameter): Name = "Symbol"; Value = "电阻"; VariantName = "[No Variations]"
Add component (AddParameter): Name = "Value"; Value = "510"; VariantName = "[No Variations]"
Added Component: Designator=R61(R0603)
Add component. Clean all parameters for all variants
Add component (AddParameter): Name = "AddInBom"; Value = "yes"; VariantName = "[No Variations]"
Add component (AddParameter): Name = "Channel ID"; Value = ""; VariantName = "[No Variations]"
Add component (AddParameter): Name = "ConvertToPcb"; Value = "yes"; VariantName = "[No Variations]"
Add component (AddParameter): Name = "Device"; Value = "Res_0603"; VariantName = "[No Variations]"
Add component (AddParameter): Name = "FootprintName"; Value = "R0603"; VariantName = "[No Variations]"
Add component (AddParameter): Name = "Group ID"; Value = ""; VariantName = "[No Variations]"
Add component (AddParameter): Name = "ModelId"; Value = "fc143cca1e79419f9cd78b61e9279f08"; VariantName = "[No Variations]"
Add component (AddParameter): Name = "ModelName"; Value = "R0603"; VariantName = "[No Variations]"
Add component (AddParameter): Name = "ModelTransform"; Value = "31.8897,63.7794,0,90,0,0,0,0,0"; VariantName = "[No Variations]"
Add component (AddParameter): Name = "Reuse Block"; Value = ""; VariantName = "[No Variations]"
Add component (AddParameter): Name = "Supplier Footprint"; Value = "0603"; VariantName = "[No Variations]"
Add component (AddParameter): Name = "Symbol"; Value = "电阻"; VariantName = "[No Variations]"
Add component (AddParameter): Name = "Value"; Value = "1M"; VariantName = "[No Variations]"
Added Component: Designator=R62(R0603)
Add component. Clean all parameters for all variants
Add component (AddParameter): Name = "AddInBom"; Value = "yes"; VariantName = "[No Variations]"
Add component (AddParameter): Name = "Channel ID"; Value = ""; VariantName = "[No Variations]"
Add component (AddParameter): Name = "ConvertToPcb"; Value = "yes"; VariantName = "[No Variations]"
Add component (AddParameter): Name = "Device"; Value = "Res_0603"; VariantName = "[No Variations]"
Add component (AddParameter): Name = "FootprintName"; Value = "R0603"; VariantName = "[No Variations]"
Add component (AddParameter): Name = "Group ID"; Value = ""; VariantName = "[No Variations]"
Add component (AddParameter): Name = "ModelId"; Value = "fc143cca1e79419f9cd78b61e9279f08"; VariantName = "[No Variations]"
Add component (AddParameter): Name = "ModelName"; Value = "R0603"; VariantName = "[No Variations]"
Add component (AddParameter): Name = "ModelTransform"; Value = "31.8897,63.7794,0,90,0,0,0,0,0"; VariantName = "[No Variations]"
Add component (AddParameter): Name = "Reuse Block"; Value = ""; VariantName = "[No Variations]"
Add component (AddParameter): Name = "Supplier Footprint"; Value = "0603"; VariantName = "[No Variations]"
Add component (AddParameter): Name = "Symbol"; Value = "电阻"; VariantName = "[No Variations]"
Add component (AddParameter): Name = "Value"; Value = "1k"; VariantName = "[No Variations]"
Added Component: Designator=R63(R0603)
Add component. Clean all parameters for all variants
Add component (AddParameter): Name = "AddInBom"; Value = "yes"; VariantName = "[No Variations]"
Add component (AddParameter): Name = "Channel ID"; Value = ""; VariantName = "[No Variations]"
Add component (AddParameter): Name = "ConvertToPcb"; Value = "yes"; VariantName = "[No Variations]"
Add component (AddParameter): Name = "Device"; Value = "Res_0603"; VariantName = "[No Variations]"
Add component (AddParameter): Name = "FootprintName"; Value = "R0603"; VariantName = "[No Variations]"
Add component (AddParameter): Name = "Group ID"; Value = ""; VariantName = "[No Variations]"
Add component (AddParameter): Name = "ModelId"; Value = "fc143cca1e79419f9cd78b61e9279f08"; VariantName = "[No Variations]"
Add component (AddParameter): Name = "ModelName"; Value = "R0603"; VariantName = "[No Variations]"
Add component (AddParameter): Name = "ModelTransform"; Value = "31.8897,63.7794,0,90,0,0,0,0,0"; VariantName = "[No Variations]"
Add component (AddParameter): Name = "Reuse Block"; Value = ""; VariantName = "[No Variations]"
Add component (AddParameter): Name = "Supplier Footprint"; Value = "0603"; VariantName = "[No Variations]"
Add component (AddParameter): Name = "Symbol"; Value = "电阻"; VariantName = "[No Variations]"
Add component (AddParameter): Name = "Value"; Value = "3k"; VariantName = "[No Variations]"
Added Component: Designator=R64(R0603)
Add component. Clean all parameters for all variants
Add component (AddParameter): Name = "AddInBom"; Value = "yes"; VariantName = "[No Variations]"
Add component (AddParameter): Name = "Channel ID"; Value = ""; VariantName = "[No Variations]"
Add component (AddParameter): Name = "ConvertToPcb"; Value = "yes"; VariantName = "[No Variations]"
Add component (AddParameter): Name = "Device"; Value = "Res_0603"; VariantName = "[No Variations]"
Add component (AddParameter): Name = "FootprintName"; Value = "R0603"; VariantName = "[No Variations]"
Add component (AddParameter): Name = "Group ID"; Value = ""; VariantName = "[No Variations]"
Add component (AddParameter): Name = "ModelId"; Value = "fc143cca1e79419f9cd78b61e9279f08"; VariantName = "[No Variations]"
Add component (AddParameter): Name = "ModelName"; Value = "R0603"; VariantName = "[No Variations]"
Add component (AddParameter): Name = "ModelTransform"; Value = "31.8897,63.7794,0,90,0,0,0,0,0"; VariantName = "[No Variations]"
Add component (AddParameter): Name = "Reuse Block"; Value = ""; VariantName = "[No Variations]"
Add component (AddParameter): Name = "Supplier Footprint"; Value = "0603"; VariantName = "[No Variations]"
Add component (AddParameter): Name = "Symbol"; Value = "电阻"; VariantName = "[No Variations]"
Add component (AddParameter): Name = "Value"; Value = "100"; VariantName = "[No Variations]"
Added Component: Designator=R65(R0603)
Add component. Clean all parameters for all variants
Add component (AddParameter): Name = "AddInBom"; Value = "yes"; VariantName = "[No Variations]"
Add component (AddParameter): Name = "Channel ID"; Value = ""; VariantName = "[No Variations]"
Add component (AddParameter): Name = "ConvertToPcb"; Value = "yes"; VariantName = "[No Variations]"
Add component (AddParameter): Name = "Device"; Value = "Res_0603"; VariantName = "[No Variations]"
Add component (AddParameter): Name = "FootprintName"; Value = "R0603"; VariantName = "[No Variations]"
Add component (AddParameter): Name = "Group ID"; Value = ""; VariantName = "[No Variations]"
Add component (AddParameter): Name = "ModelId"; Value = "fc143cca1e79419f9cd78b61e9279f08"; VariantName = "[No Variations]"
Add component (AddParameter): Name = "ModelName"; Value = "R0603"; VariantName = "[No Variations]"
Add component (AddParameter): Name = "ModelTransform"; Value = "31.8897,63.7794,0,90,0,0,0,0,0"; VariantName = "[No Variations]"
Add component (AddParameter): Name = "Reuse Block"; Value = ""; VariantName = "[No Variations]"
Add component (AddParameter): Name = "Supplier Footprint"; Value = "0603"; VariantName = "[No Variations]"
Add component (AddParameter): Name = "Symbol"; Value = "电阻"; VariantName = "[No Variations]"
Add component (AddParameter): Name = "Value"; Value = "1k_0.1%"; VariantName = "[No Variations]"
Added Component: Designator=R66(R0603)
Add component. Clean all parameters for all variants
Add component (AddParameter): Name = "AddInBom"; Value = "yes"; VariantName = "[No Variations]"
Add component (AddParameter): Name = "Channel ID"; Value = ""; VariantName = "[No Variations]"
Add component (AddParameter): Name = "ConvertToPcb"; Value = "yes"; VariantName = "[No Variations]"
Add component (AddParameter): Name = "Device"; Value = "Res_0603"; VariantName = "[No Variations]"
Add component (AddParameter): Name = "FootprintName"; Value = "R0603"; VariantName = "[No Variations]"
Add component (AddParameter): Name = "Group ID"; Value = ""; VariantName = "[No Variations]"
Add component (AddParameter): Name = "ModelId"; Value = "fc143cca1e79419f9cd78b61e9279f08"; VariantName = "[No Variations]"
Add component (AddParameter): Name = "ModelName"; Value = "R0603"; VariantName = "[No Variations]"
Add component (AddParameter): Name = "ModelTransform"; Value = "31.8897,63.7794,0,90,0,0,0,0,0"; VariantName = "[No Variations]"
Add component (AddParameter): Name = "Reuse Block"; Value = ""; VariantName = "[No Variations]"
Add component (AddParameter): Name = "Supplier Footprint"; Value = "0603"; VariantName = "[No Variations]"
Add component (AddParameter): Name = "Symbol"; Value = "电阻"; VariantName = "[No Variations]"
Add component (AddParameter): Name = "Value"; Value = "1M"; VariantName = "[No Variations]"
Added Component: Designator=R67(R0603)
Add component. Clean all parameters for all variants
Add component (AddParameter): Name = "AddInBom"; Value = "yes"; VariantName = "[No Variations]"
Add component (AddParameter): Name = "Channel ID"; Value = ""; VariantName = "[No Variations]"
Add component (AddParameter): Name = "ConvertToPcb"; Value = "yes"; VariantName = "[No Variations]"
Add component (AddParameter): Name = "Device"; Value = "Res_0603"; VariantName = "[No Variations]"
Add component (AddParameter): Name = "FootprintName"; Value = "R0603"; VariantName = "[No Variations]"
Add component (AddParameter): Name = "Group ID"; Value = ""; VariantName = "[No Variations]"
Add component (AddParameter): Name = "ModelId"; Value = "fc143cca1e79419f9cd78b61e9279f08"; VariantName = "[No Variations]"
Add component (AddParameter): Name = "ModelName"; Value = "R0603"; VariantName = "[No Variations]"
Add component (AddParameter): Name = "ModelTransform"; Value = "31.8897,63.7794,0,90,0,0,0,0,0"; VariantName = "[No Variations]"
Add component (AddParameter): Name = "Reuse Block"; Value = ""; VariantName = "[No Variations]"
Add component (AddParameter): Name = "Supplier Footprint"; Value = "0603"; VariantName = "[No Variations]"
Add component (AddParameter): Name = "Symbol"; Value = "电阻"; VariantName = "[No Variations]"
Add component (AddParameter): Name = "Value"; Value = "100"; VariantName = "[No Variations]"
Added Component: Designator=R68(R0603)
Add component. Clean all parameters for all variants
Add component (AddParameter): Name = "AddInBom"; Value = "yes"; VariantName = "[No Variations]"
Add component (AddParameter): Name = "Channel ID"; Value = ""; VariantName = "[No Variations]"
Add component (AddParameter): Name = "ConvertToPcb"; Value = "yes"; VariantName = "[No Variations]"
Add component (AddParameter): Name = "Device"; Value = "Res_0603"; VariantName = "[No Variations]"
Add component (AddParameter): Name = "FootprintName"; Value = "R0603"; VariantName = "[No Variations]"
Add component (AddParameter): Name = "Group ID"; Value = ""; VariantName = "[No Variations]"
Add component (AddParameter): Name = "ModelId"; Value = "fc143cca1e79419f9cd78b61e9279f08"; VariantName = "[No Variations]"
Add component (AddParameter): Name = "ModelName"; Value = "R0603"; VariantName = "[No Variations]"
Add component (AddParameter): Name = "ModelTransform"; Value = "31.8897,63.7794,0,90,0,0,0,0,0"; VariantName = "[No Variations]"
Add component (AddParameter): Name = "Reuse Block"; Value = ""; VariantName = "[No Variations]"
Add component (AddParameter): Name = "Supplier Footprint"; Value = "0603"; VariantName = "[No Variations]"
Add component (AddParameter): Name = "Symbol"; Value = "电阻"; VariantName = "[No Variations]"
Add component (AddParameter): Name = "Value"; Value = "1k_0.1%"; VariantName = "[No Variations]"
Added Component: Designator=R69(R0603)
Add component. Clean all parameters for all variants
Add component (AddParameter): Name = "AddInBom"; Value = "yes"; VariantName = "[No Variations]"
Add component (AddParameter): Name = "Channel ID"; Value = ""; VariantName = "[No Variations]"
Add component (AddParameter): Name = "ConvertToPcb"; Value = "yes"; VariantName = "[No Variations]"
Add component (AddParameter): Name = "Device"; Value = "Res_0603"; VariantName = "[No Variations]"
Add component (AddParameter): Name = "FootprintName"; Value = "R0603"; VariantName = "[No Variations]"
Add component (AddParameter): Name = "Group ID"; Value = ""; VariantName = "[No Variations]"
Add component (AddParameter): Name = "ModelId"; Value = "fc143cca1e79419f9cd78b61e9279f08"; VariantName = "[No Variations]"
Add component (AddParameter): Name = "ModelName"; Value = "R0603"; VariantName = "[No Variations]"
Add component (AddParameter): Name = "ModelTransform"; Value = "31.8897,63.7794,0,90,0,0,0,0,0"; VariantName = "[No Variations]"
Add component (AddParameter): Name = "Reuse Block"; Value = ""; VariantName = "[No Variations]"
Add component (AddParameter): Name = "Supplier Footprint"; Value = "0603"; VariantName = "[No Variations]"
Add component (AddParameter): Name = "Symbol"; Value = "电阻"; VariantName = "[No Variations]"
Add component (AddParameter): Name = "Value"; Value = "100"; VariantName = "[No Variations]"
Added Component: Designator=R70(R0603)
Add component. Clean all parameters for all variants
Add component (AddParameter): Name = "AddInBom"; Value = "yes"; VariantName = "[No Variations]"
Add component (AddParameter): Name = "Channel ID"; Value = ""; VariantName = "[No Variations]"
Add component (AddParameter): Name = "ConvertToPcb"; Value = "yes"; VariantName = "[No Variations]"
Add component (AddParameter): Name = "Device"; Value = "Res_0603"; VariantName = "[No Variations]"
Add component (AddParameter): Name = "FootprintName"; Value = "R0603"; VariantName = "[No Variations]"
Add component (AddParameter): Name = "Group ID"; Value = ""; VariantName = "[No Variations]"
Add component (AddParameter): Name = "ModelId"; Value = "fc143cca1e79419f9cd78b61e9279f08"; VariantName = "[No Variations]"
Add component (AddParameter): Name = "ModelName"; Value = "R0603"; VariantName = "[No Variations]"
Add component (AddParameter): Name = "ModelTransform"; Value = "31.8897,63.7794,0,90,0,0,0,0,0"; VariantName = "[No Variations]"
Add component (AddParameter): Name = "Reuse Block"; Value = ""; VariantName = "[No Variations]"
Add component (AddParameter): Name = "Supplier Footprint"; Value = "0603"; VariantName = "[No Variations]"
Add component (AddParameter): Name = "Symbol"; Value = "电阻"; VariantName = "[No Variations]"
Add component (AddParameter): Name = "Value"; Value = "3k"; VariantName = "[No Variations]"
Added Component: Designator=R71(R0603)
Add component. Clean all parameters for all variants
Add component (AddParameter): Name = "AddInBom"; Value = "yes"; VariantName = "[No Variations]"
Add component (AddParameter): Name = "Channel ID"; Value = ""; VariantName = "[No Variations]"
Add component (AddParameter): Name = "ConvertToPcb"; Value = "yes"; VariantName = "[No Variations]"
Add component (AddParameter): Name = "Device"; Value = "Res_0603"; VariantName = "[No Variations]"
Add component (AddParameter): Name = "FootprintName"; Value = "R0603"; VariantName = "[No Variations]"
Add component (AddParameter): Name = "Group ID"; Value = ""; VariantName = "[No Variations]"
Add component (AddParameter): Name = "ModelId"; Value = "fc143cca1e79419f9cd78b61e9279f08"; VariantName = "[No Variations]"
Add component (AddParameter): Name = "ModelName"; Value = "R0603"; VariantName = "[No Variations]"
Add component (AddParameter): Name = "ModelTransform"; Value = "31.8897,63.7794,0,90,0,0,0,0,0"; VariantName = "[No Variations]"
Add component (AddParameter): Name = "Reuse Block"; Value = ""; VariantName = "[No Variations]"
Add component (AddParameter): Name = "Supplier Footprint"; Value = "0603"; VariantName = "[No Variations]"
Add component (AddParameter): Name = "Symbol"; Value = "电阻"; VariantName = "[No Variations]"
Add component (AddParameter): Name = "Value"; Value = "1k"; VariantName = "[No Variations]"
Added Component: Designator=R72(R0603)
Add component. Clean all parameters for all variants
Add component (AddParameter): Name = "AddInBom"; Value = "yes"; VariantName = "[No Variations]"
Add component (AddParameter): Name = "Channel ID"; Value = ""; VariantName = "[No Variations]"
Add component (AddParameter): Name = "ConvertToPcb"; Value = "yes"; VariantName = "[No Variations]"
Add component (AddParameter): Name = "Device"; Value = "Res_0603"; VariantName = "[No Variations]"
Add component (AddParameter): Name = "FootprintName"; Value = "R0603"; VariantName = "[No Variations]"
Add component (AddParameter): Name = "Group ID"; Value = ""; VariantName = "[No Variations]"
Add component (AddParameter): Name = "ModelId"; Value = "fc143cca1e79419f9cd78b61e9279f08"; VariantName = "[No Variations]"
Add component (AddParameter): Name = "ModelName"; Value = "R0603"; VariantName = "[No Variations]"
Add component (AddParameter): Name = "ModelTransform"; Value = "31.8897,63.7794,0,90,0,0,0,0,0"; VariantName = "[No Variations]"
Add component (AddParameter): Name = "Reuse Block"; Value = ""; VariantName = "[No Variations]"
Add component (AddParameter): Name = "Supplier Footprint"; Value = "0603"; VariantName = "[No Variations]"
Add component (AddParameter): Name = "Symbol"; Value = "电阻"; VariantName = "[No Variations]"
Add component (AddParameter): Name = "Value"; Value = "1k"; VariantName = "[No Variations]"
Added Component: Designator=R73(R0603)
Add component. Clean all parameters for all variants
Add component (AddParameter): Name = "AddInBom"; Value = "yes"; VariantName = "[No Variations]"
Add component (AddParameter): Name = "Channel ID"; Value = ""; VariantName = "[No Variations]"
Add component (AddParameter): Name = "ConvertToPcb"; Value = "yes"; VariantName = "[No Variations]"
Add component (AddParameter): Name = "Device"; Value = "Res_0603"; VariantName = "[No Variations]"
Add component (AddParameter): Name = "FootprintName"; Value = "R0603"; VariantName = "[No Variations]"
Add component (AddParameter): Name = "Group ID"; Value = ""; VariantName = "[No Variations]"
Add component (AddParameter): Name = "ModelId"; Value = "fc143cca1e79419f9cd78b61e9279f08"; VariantName = "[No Variations]"
Add component (AddParameter): Name = "ModelName"; Value = "R0603"; VariantName = "[No Variations]"
Add component (AddParameter): Name = "ModelTransform"; Value = "31.8897,63.7794,0,90,0,0,0,0,0"; VariantName = "[No Variations]"
Add component (AddParameter): Name = "Reuse Block"; Value = ""; VariantName = "[No Variations]"
Add component (AddParameter): Name = "Supplier Footprint"; Value = "0603"; VariantName = "[No Variations]"
Add component (AddParameter): Name = "Symbol"; Value = "电阻"; VariantName = "[No Variations]"
Add component (AddParameter): Name = "Value"; Value = "1k"; VariantName = "[No Variations]"
Added Component: Designator=R74(R0603)
Add component. Clean all parameters for all variants
Add component (AddParameter): Name = "AddInBom"; Value = "yes"; VariantName = "[No Variations]"
Add component (AddParameter): Name = "Channel ID"; Value = ""; VariantName = "[No Variations]"
Add component (AddParameter): Name = "ConvertToPcb"; Value = "yes"; VariantName = "[No Variations]"
Add component (AddParameter): Name = "Device"; Value = "Res_0603"; VariantName = "[No Variations]"
Add component (AddParameter): Name = "FootprintName"; Value = "R0603"; VariantName = "[No Variations]"
Add component (AddParameter): Name = "Group ID"; Value = ""; VariantName = "[No Variations]"
Add component (AddParameter): Name = "ModelId"; Value = "fc143cca1e79419f9cd78b61e9279f08"; VariantName = "[No Variations]"
Add component (AddParameter): Name = "ModelName"; Value = "R0603"; VariantName = "[No Variations]"
Add component (AddParameter): Name = "ModelTransform"; Value = "31.8897,63.7794,0,90,0,0,0,0,0"; VariantName = "[No Variations]"
Add component (AddParameter): Name = "Reuse Block"; Value = ""; VariantName = "[No Variations]"
Add component (AddParameter): Name = "Supplier Footprint"; Value = "0603"; VariantName = "[No Variations]"
Add component (AddParameter): Name = "Symbol"; Value = "电阻"; VariantName = "[No Variations]"
Add component (AddParameter): Name = "Value"; Value = "3k"; VariantName = "[No Variations]"
Added Component: Designator=R75(R0603)
Add component. Clean all parameters for all variants
Add component (AddParameter): Name = "AddInBom"; Value = "yes"; VariantName = "[No Variations]"
Add component (AddParameter): Name = "Channel ID"; Value = ""; VariantName = "[No Variations]"
Add component (AddParameter): Name = "ConvertToPcb"; Value = "yes"; VariantName = "[No Variations]"
Add component (AddParameter): Name = "Device"; Value = "Res_0603"; VariantName = "[No Variations]"
Add component (AddParameter): Name = "FootprintName"; Value = "R0603"; VariantName = "[No Variations]"
Add component (AddParameter): Name = "Group ID"; Value = ""; VariantName = "[No Variations]"
Add component (AddParameter): Name = "ModelId"; Value = "fc143cca1e79419f9cd78b61e9279f08"; VariantName = "[No Variations]"
Add component (AddParameter): Name = "ModelName"; Value = "R0603"; VariantName = "[No Variations]"
Add component (AddParameter): Name = "ModelTransform"; Value = "31.8897,63.7794,0,90,0,0,0,0,0"; VariantName = "[No Variations]"
Add component (AddParameter): Name = "Reuse Block"; Value = ""; VariantName = "[No Variations]"
Add component (AddParameter): Name = "Supplier Footprint"; Value = "0603"; VariantName = "[No Variations]"
Add component (AddParameter): Name = "Symbol"; Value = "电阻"; VariantName = "[No Variations]"
Add component (AddParameter): Name = "Value"; Value = "000"; VariantName = "[No Variations]"
Added Component: Designator=R76(R0603)
Add component. Clean all parameters for all variants
Add component (AddParameter): Name = "AddInBom"; Value = "yes"; VariantName = "[No Variations]"
Add component (AddParameter): Name = "Channel ID"; Value = ""; VariantName = "[No Variations]"
Add component (AddParameter): Name = "ConvertToPcb"; Value = "yes"; VariantName = "[No Variations]"
Add component (AddParameter): Name = "Device"; Value = "Res_0603"; VariantName = "[No Variations]"
Add component (AddParameter): Name = "FootprintName"; Value = "R0603"; VariantName = "[No Variations]"
Add component (AddParameter): Name = "Group ID"; Value = ""; VariantName = "[No Variations]"
Add component (AddParameter): Name = "ModelId"; Value = "fc143cca1e79419f9cd78b61e9279f08"; VariantName = "[No Variations]"
Add component (AddParameter): Name = "ModelName"; Value = "R0603"; VariantName = "[No Variations]"
Add component (AddParameter): Name = "ModelTransform"; Value = "31.8897,63.7794,0,90,0,0,0,0,0"; VariantName = "[No Variations]"
Add component (AddParameter): Name = "Reuse Block"; Value = ""; VariantName = "[No Variations]"
Add component (AddParameter): Name = "Supplier Footprint"; Value = "0603"; VariantName = "[No Variations]"
Add component (AddParameter): Name = "Symbol"; Value = "电阻"; VariantName = "[No Variations]"
Add component (AddParameter): Name = "Value"; Value = "1M"; VariantName = "[No Variations]"
Added Component: Designator=R77(R0603)
Add component. Clean all parameters for all variants
Add component (AddParameter): Name = "AddInBom"; Value = "yes"; VariantName = "[No Variations]"
Add component (AddParameter): Name = "Channel ID"; Value = ""; VariantName = "[No Variations]"
Add component (AddParameter): Name = "ConvertToPcb"; Value = "yes"; VariantName = "[No Variations]"
Add component (AddParameter): Name = "Device"; Value = "Res_0603"; VariantName = "[No Variations]"
Add component (AddParameter): Name = "FootprintName"; Value = "R0603"; VariantName = "[No Variations]"
Add component (AddParameter): Name = "Group ID"; Value = ""; VariantName = "[No Variations]"
Add component (AddParameter): Name = "ModelId"; Value = "fc143cca1e79419f9cd78b61e9279f08"; VariantName = "[No Variations]"
Add component (AddParameter): Name = "ModelName"; Value = "R0603"; VariantName = "[No Variations]"
Add component (AddParameter): Name = "ModelTransform"; Value = "31.8897,63.7794,0,90,0,0,0,0,0"; VariantName = "[No Variations]"
Add component (AddParameter): Name = "Reuse Block"; Value = ""; VariantName = "[No Variations]"
Add component (AddParameter): Name = "Supplier Footprint"; Value = "0603"; VariantName = "[No Variations]"
Add component (AddParameter): Name = "Symbol"; Value = "电阻"; VariantName = "[No Variations]"
Add component (AddParameter): Name = "Value"; Value = "10k"; VariantName = "[No Variations]"
Added Component: Designator=R78(R0603)
Add component. Clean all parameters for all variants
Add component (AddParameter): Name = "AddInBom"; Value = "yes"; VariantName = "[No Variations]"
Add component (AddParameter): Name = "Channel ID"; Value = ""; VariantName = "[No Variations]"
Add component (AddParameter): Name = "ConvertToPcb"; Value = "yes"; VariantName = "[No Variations]"
Add component (AddParameter): Name = "Device"; Value = "Res_0603"; VariantName = "[No Variations]"
Add component (AddParameter): Name = "FootprintName"; Value = "R0603"; VariantName = "[No Variations]"
Add component (AddParameter): Name = "Group ID"; Value = ""; VariantName = "[No Variations]"
Add component (AddParameter): Name = "ModelId"; Value = "fc143cca1e79419f9cd78b61e9279f08"; VariantName = "[No Variations]"
Add component (AddParameter): Name = "ModelName"; Value = "R0603"; VariantName = "[No Variations]"
Add component (AddParameter): Name = "ModelTransform"; Value = "31.8897,63.7794,0,90,0,0,0,0,0"; VariantName = "[No Variations]"
Add component (AddParameter): Name = "Reuse Block"; Value = ""; VariantName = "[No Variations]"
Add component (AddParameter): Name = "Supplier Footprint"; Value = "0603"; VariantName = "[No Variations]"
Add component (AddParameter): Name = "Symbol"; Value = "电阻"; VariantName = "[No Variations]"
Add component (AddParameter): Name = "Value"; Value = "16K"; VariantName = "[No Variations]"
Added Component: Designator=R79(R0603)
Add component. Clean all parameters for all variants
Add component (AddParameter): Name = "AddInBom"; Value = "yes"; VariantName = "[No Variations]"
Add component (AddParameter): Name = "Channel ID"; Value = ""; VariantName = "[No Variations]"
Add component (AddParameter): Name = "ConvertToPcb"; Value = "yes"; VariantName = "[No Variations]"
Add component (AddParameter): Name = "Device"; Value = "Res_0603"; VariantName = "[No Variations]"
Add component (AddParameter): Name = "FootprintName"; Value = "R0603"; VariantName = "[No Variations]"
Add component (AddParameter): Name = "Group ID"; Value = ""; VariantName = "[No Variations]"
Add component (AddParameter): Name = "ModelId"; Value = "fc143cca1e79419f9cd78b61e9279f08"; VariantName = "[No Variations]"
Add component (AddParameter): Name = "ModelName"; Value = "R0603"; VariantName = "[No Variations]"
Add component (AddParameter): Name = "ModelTransform"; Value = "31.8897,63.7794,0,90,0,0,0,0,0"; VariantName = "[No Variations]"
Add component (AddParameter): Name = "Reuse Block"; Value = ""; VariantName = "[No Variations]"
Add component (AddParameter): Name = "Supplier Footprint"; Value = "0603"; VariantName = "[No Variations]"
Add component (AddParameter): Name = "Symbol"; Value = "电阻"; VariantName = "[No Variations]"
Add component (AddParameter): Name = "Value"; Value = "16K"; VariantName = "[No Variations]"
Added Component: Designator=R80(R0603)
Add component. Clean all parameters for all variants
Add component (AddParameter): Name = "AddInBom"; Value = "yes"; VariantName = "[No Variations]"
Add component (AddParameter): Name = "Channel ID"; Value = ""; VariantName = "[No Variations]"
Add component (AddParameter): Name = "ConvertToPcb"; Value = "yes"; VariantName = "[No Variations]"
Add component (AddParameter): Name = "Device"; Value = "Res_0603"; VariantName = "[No Variations]"
Add component (AddParameter): Name = "FootprintName"; Value = "R0603"; VariantName = "[No Variations]"
Add component (AddParameter): Name = "Group ID"; Value = ""; VariantName = "[No Variations]"
Add component (AddParameter): Name = "ModelId"; Value = "fc143cca1e79419f9cd78b61e9279f08"; VariantName = "[No Variations]"
Add component (AddParameter): Name = "ModelName"; Value = "R0603"; VariantName = "[No Variations]"
Add component (AddParameter): Name = "ModelTransform"; Value = "31.8897,63.7794,0,90,0,0,0,0,0"; VariantName = "[No Variations]"
Add component (AddParameter): Name = "Reuse Block"; Value = ""; VariantName = "[No Variations]"
Add component (AddParameter): Name = "Supplier Footprint"; Value = "0603"; VariantName = "[No Variations]"
Add component (AddParameter): Name = "Symbol"; Value = "电阻"; VariantName = "[No Variations]"
Add component (AddParameter): Name = "Value"; Value = "16K"; VariantName = "[No Variations]"
Added Component: Designator=R81(R0603)
Add component. Clean all parameters for all variants
Add component (AddParameter): Name = "AddInBom"; Value = "yes"; VariantName = "[No Variations]"
Add component (AddParameter): Name = "Channel ID"; Value = ""; VariantName = "[No Variations]"
Add component (AddParameter): Name = "ConvertToPcb"; Value = "yes"; VariantName = "[No Variations]"
Add component (AddParameter): Name = "Device"; Value = "Res_0603"; VariantName = "[No Variations]"
Add component (AddParameter): Name = "FootprintName"; Value = "R0603"; VariantName = "[No Variations]"
Add component (AddParameter): Name = "Group ID"; Value = ""; VariantName = "[No Variations]"
Add component (AddParameter): Name = "ModelId"; Value = "fc143cca1e79419f9cd78b61e9279f08"; VariantName = "[No Variations]"
Add component (AddParameter): Name = "ModelName"; Value = "R0603"; VariantName = "[No Variations]"
Add component (AddParameter): Name = "ModelTransform"; Value = "31.8897,63.7794,0,90,0,0,0,0,0"; VariantName = "[No Variations]"
Add component (AddParameter): Name = "Reuse Block"; Value = ""; VariantName = "[No Variations]"
Add component (AddParameter): Name = "Supplier Footprint"; Value = "0603"; VariantName = "[No Variations]"
Add component (AddParameter): Name = "Symbol"; Value = "电阻"; VariantName = "[No Variations]"
Add component (AddParameter): Name = "Value"; Value = "16K"; VariantName = "[No Variations]"
Added Component: Designator=R82(R0603)
Add component. Clean all parameters for all variants
Add component (AddParameter): Name = "AddInBom"; Value = "yes"; VariantName = "[No Variations]"
Add component (AddParameter): Name = "Channel ID"; Value = ""; VariantName = "[No Variations]"
Add component (AddParameter): Name = "ConvertToPcb"; Value = "yes"; VariantName = "[No Variations]"
Add component (AddParameter): Name = "Device"; Value = "Res_0603"; VariantName = "[No Variations]"
Add component (AddParameter): Name = "FootprintName"; Value = "R0603"; VariantName = "[No Variations]"
Add component (AddParameter): Name = "Group ID"; Value = ""; VariantName = "[No Variations]"
Add component (AddParameter): Name = "ModelId"; Value = "fc143cca1e79419f9cd78b61e9279f08"; VariantName = "[No Variations]"
Add component (AddParameter): Name = "ModelName"; Value = "R0603"; VariantName = "[No Variations]"
Add component (AddParameter): Name = "ModelTransform"; Value = "31.8897,63.7794,0,90,0,0,0,0,0"; VariantName = "[No Variations]"
Add component (AddParameter): Name = "Reuse Block"; Value = ""; VariantName = "[No Variations]"
Add component (AddParameter): Name = "Supplier Footprint"; Value = "0603"; VariantName = "[No Variations]"
Add component (AddParameter): Name = "Symbol"; Value = "电阻"; VariantName = "[No Variations]"
Add component (AddParameter): Name = "Value"; Value = "100"; VariantName = "[No Variations]"
Added Component: Designator=R83(R0603)
Add component. Clean all parameters for all variants
Add component (AddParameter): Name = "AddInBom"; Value = "yes"; VariantName = "[No Variations]"
Add component (AddParameter): Name = "Channel ID"; Value = ""; VariantName = "[No Variations]"
Add component (AddParameter): Name = "ConvertToPcb"; Value = "yes"; VariantName = "[No Variations]"
Add component (AddParameter): Name = "Device"; Value = "Res_0603"; VariantName = "[No Variations]"
Add component (AddParameter): Name = "FootprintName"; Value = "R0603"; VariantName = "[No Variations]"
Add component (AddParameter): Name = "Group ID"; Value = ""; VariantName = "[No Variations]"
Add component (AddParameter): Name = "ModelId"; Value = "fc143cca1e79419f9cd78b61e9279f08"; VariantName = "[No Variations]"
Add component (AddParameter): Name = "ModelName"; Value = "R0603"; VariantName = "[No Variations]"
Add component (AddParameter): Name = "ModelTransform"; Value = "31.8897,63.7794,0,90,0,0,0,0,0"; VariantName = "[No Variations]"
Add component (AddParameter): Name = "Reuse Block"; Value = ""; VariantName = "[No Variations]"
Add component (AddParameter): Name = "Supplier Footprint"; Value = "0603"; VariantName = "[No Variations]"
Add component (AddParameter): Name = "Symbol"; Value = "电阻"; VariantName = "[No Variations]"
Add component (AddParameter): Name = "Value"; Value = "1M"; VariantName = "[No Variations]"
Added Component: Designator=R84(R0603)
Add component. Clean all parameters for all variants
Add component (AddParameter): Name = "AddInBom"; Value = "yes"; VariantName = "[No Variations]"
Add component (AddParameter): Name = "Channel ID"; Value = ""; VariantName = "[No Variations]"
Add component (AddParameter): Name = "ConvertToPcb"; Value = "yes"; VariantName = "[No Variations]"
Add component (AddParameter): Name = "Device"; Value = "Res_0603"; VariantName = "[No Variations]"
Add component (AddParameter): Name = "FootprintName"; Value = "R0603"; VariantName = "[No Variations]"
Add component (AddParameter): Name = "Group ID"; Value = ""; VariantName = "[No Variations]"
Add component (AddParameter): Name = "ModelId"; Value = "fc143cca1e79419f9cd78b61e9279f08"; VariantName = "[No Variations]"
Add component (AddParameter): Name = "ModelName"; Value = "R0603"; VariantName = "[No Variations]"
Add component (AddParameter): Name = "ModelTransform"; Value = "31.8897,63.7794,0,90,0,0,0,0,0"; VariantName = "[No Variations]"
Add component (AddParameter): Name = "Reuse Block"; Value = ""; VariantName = "[No Variations]"
Add component (AddParameter): Name = "Supplier Footprint"; Value = "0603"; VariantName = "[No Variations]"
Add component (AddParameter): Name = "Symbol"; Value = "电阻"; VariantName = "[No Variations]"
Add component (AddParameter): Name = "Value"; Value = "100"; VariantName = "[No Variations]"
Added Component: Designator=R85(R0603)
Add component. Clean all parameters for all variants
Add component (AddParameter): Name = "AddInBom"; Value = "yes"; VariantName = "[No Variations]"
Add component (AddParameter): Name = "Channel ID"; Value = ""; VariantName = "[No Variations]"
Add component (AddParameter): Name = "ConvertToPcb"; Value = "yes"; VariantName = "[No Variations]"
Add component (AddParameter): Name = "Device"; Value = "Res_0603"; VariantName = "[No Variations]"
Add component (AddParameter): Name = "FootprintName"; Value = "R0603"; VariantName = "[No Variations]"
Add component (AddParameter): Name = "Group ID"; Value = ""; VariantName = "[No Variations]"
Add component (AddParameter): Name = "ModelId"; Value = "fc143cca1e79419f9cd78b61e9279f08"; VariantName = "[No Variations]"
Add component (AddParameter): Name = "ModelName"; Value = "R0603"; VariantName = "[No Variations]"
Add component (AddParameter): Name = "ModelTransform"; Value = "31.8897,63.7794,0,90,0,0,0,0,0"; VariantName = "[No Variations]"
Add component (AddParameter): Name = "Reuse Block"; Value = ""; VariantName = "[No Variations]"
Add component (AddParameter): Name = "Supplier Footprint"; Value = "0603"; VariantName = "[No Variations]"
Add component (AddParameter): Name = "Symbol"; Value = "电阻"; VariantName = "[No Variations]"
Add component (AddParameter): Name = "Value"; Value = "1M"; VariantName = "[No Variations]"
Added Component: Designator=R86(R0603)
Add component. Clean all parameters for all variants
Add component (AddParameter): Name = "AddInBom"; Value = "yes"; VariantName = "[No Variations]"
Add component (AddParameter): Name = "Channel ID"; Value = ""; VariantName = "[No Variations]"
Add component (AddParameter): Name = "ConvertToPcb"; Value = "yes"; VariantName = "[No Variations]"
Add component (AddParameter): Name = "Device"; Value = "Res_0603"; VariantName = "[No Variations]"
Add component (AddParameter): Name = "FootprintName"; Value = "R0603"; VariantName = "[No Variations]"
Add component (AddParameter): Name = "Group ID"; Value = ""; VariantName = "[No Variations]"
Add component (AddParameter): Name = "ModelId"; Value = "fc143cca1e79419f9cd78b61e9279f08"; VariantName = "[No Variations]"
Add component (AddParameter): Name = "ModelName"; Value = "R0603"; VariantName = "[No Variations]"
Add component (AddParameter): Name = "ModelTransform"; Value = "31.8897,63.7794,0,90,0,0,0,0,0"; VariantName = "[No Variations]"
Add component (AddParameter): Name = "Reuse Block"; Value = ""; VariantName = "[No Variations]"
Add component (AddParameter): Name = "Supplier Footprint"; Value = "0603"; VariantName = "[No Variations]"
Add component (AddParameter): Name = "Symbol"; Value = "电阻"; VariantName = "[No Variations]"
Add component (AddParameter): Name = "Value"; Value = "1M"; VariantName = "[No Variations]"
Added Component: Designator=R87(R0603)
Add component. Clean all parameters for all variants
Add component (AddParameter): Name = "AddInBom"; Value = "yes"; VariantName = "[No Variations]"
Add component (AddParameter): Name = "Channel ID"; Value = ""; VariantName = "[No Variations]"
Add component (AddParameter): Name = "ConvertToPcb"; Value = "yes"; VariantName = "[No Variations]"
Add component (AddParameter): Name = "Device"; Value = "Res_0603"; VariantName = "[No Variations]"
Add component (AddParameter): Name = "FootprintName"; Value = "R0603"; VariantName = "[No Variations]"
Add component (AddParameter): Name = "Group ID"; Value = ""; VariantName = "[No Variations]"
Add component (AddParameter): Name = "ModelId"; Value = "fc143cca1e79419f9cd78b61e9279f08"; VariantName = "[No Variations]"
Add component (AddParameter): Name = "ModelName"; Value = "R0603"; VariantName = "[No Variations]"
Add component (AddParameter): Name = "ModelTransform"; Value = "31.8897,63.7794,0,90,0,0,0,0,0"; VariantName = "[No Variations]"
Add component (AddParameter): Name = "Reuse Block"; Value = ""; VariantName = "[No Variations]"
Add component (AddParameter): Name = "Supplier Footprint"; Value = "0603"; VariantName = "[No Variations]"
Add component (AddParameter): Name = "Symbol"; Value = "电阻"; VariantName = "[No Variations]"
Add component (AddParameter): Name = "Value"; Value = "16K"; VariantName = "[No Variations]"
Added Component: Designator=R88(R0603)
Add component. Clean all parameters for all variants
Add component (AddParameter): Name = "AddInBom"; Value = "yes"; VariantName = "[No Variations]"
Add component (AddParameter): Name = "Channel ID"; Value = ""; VariantName = "[No Variations]"
Add component (AddParameter): Name = "ConvertToPcb"; Value = "yes"; VariantName = "[No Variations]"
Add component (AddParameter): Name = "Device"; Value = "Res_0603"; VariantName = "[No Variations]"
Add component (AddParameter): Name = "FootprintName"; Value = "R0603"; VariantName = "[No Variations]"
Add component (AddParameter): Name = "Group ID"; Value = ""; VariantName = "[No Variations]"
Add component (AddParameter): Name = "ModelId"; Value = "fc143cca1e79419f9cd78b61e9279f08"; VariantName = "[No Variations]"
Add component (AddParameter): Name = "ModelName"; Value = "R0603"; VariantName = "[No Variations]"
Add component (AddParameter): Name = "ModelTransform"; Value = "31.8897,63.7794,0,90,0,0,0,0,0"; VariantName = "[No Variations]"
Add component (AddParameter): Name = "Reuse Block"; Value = ""; VariantName = "[No Variations]"
Add component (AddParameter): Name = "Supplier Footprint"; Value = "0603"; VariantName = "[No Variations]"
Add component (AddParameter): Name = "Symbol"; Value = "电阻"; VariantName = "[No Variations]"
Add component (AddParameter): Name = "Value"; Value = "16K"; VariantName = "[No Variations]"
Added Component: Designator=R89(R0603)
Add component. Clean all parameters for all variants
Add component (AddParameter): Name = "AddInBom"; Value = "yes"; VariantName = "[No Variations]"
Add component (AddParameter): Name = "Channel ID"; Value = ""; VariantName = "[No Variations]"
Add component (AddParameter): Name = "ConvertToPcb"; Value = "yes"; VariantName = "[No Variations]"
Add component (AddParameter): Name = "Device"; Value = "Res_0603"; VariantName = "[No Variations]"
Add component (AddParameter): Name = "FootprintName"; Value = "R0603"; VariantName = "[No Variations]"
Add component (AddParameter): Name = "Group ID"; Value = ""; VariantName = "[No Variations]"
Add component (AddParameter): Name = "ModelId"; Value = "fc143cca1e79419f9cd78b61e9279f08"; VariantName = "[No Variations]"
Add component (AddParameter): Name = "ModelName"; Value = "R0603"; VariantName = "[No Variations]"
Add component (AddParameter): Name = "ModelTransform"; Value = "31.8897,63.7794,0,90,0,0,0,0,0"; VariantName = "[No Variations]"
Add component (AddParameter): Name = "Reuse Block"; Value = ""; VariantName = "[No Variations]"
Add component (AddParameter): Name = "Supplier Footprint"; Value = "0603"; VariantName = "[No Variations]"
Add component (AddParameter): Name = "Symbol"; Value = "电阻"; VariantName = "[No Variations]"
Add component (AddParameter): Name = "Value"; Value = "16K"; VariantName = "[No Variations]"
Added Component: Designator=R90(R0603)
Add component. Clean all parameters for all variants
Add component (AddParameter): Name = "AddInBom"; Value = "yes"; VariantName = "[No Variations]"
Add component (AddParameter): Name = "Channel ID"; Value = ""; VariantName = "[No Variations]"
Add component (AddParameter): Name = "ConvertToPcb"; Value = "yes"; VariantName = "[No Variations]"
Add component (AddParameter): Name = "Device"; Value = "Res_0603"; VariantName = "[No Variations]"
Add component (AddParameter): Name = "FootprintName"; Value = "R0603"; VariantName = "[No Variations]"
Add component (AddParameter): Name = "Group ID"; Value = ""; VariantName = "[No Variations]"
Add component (AddParameter): Name = "ModelId"; Value = "fc143cca1e79419f9cd78b61e9279f08"; VariantName = "[No Variations]"
Add component (AddParameter): Name = "ModelName"; Value = "R0603"; VariantName = "[No Variations]"
Add component (AddParameter): Name = "ModelTransform"; Value = "31.8897,63.7794,0,90,0,0,0,0,0"; VariantName = "[No Variations]"
Add component (AddParameter): Name = "Reuse Block"; Value = ""; VariantName = "[No Variations]"
Add component (AddParameter): Name = "Supplier Footprint"; Value = "0603"; VariantName = "[No Variations]"
Add component (AddParameter): Name = "Symbol"; Value = "电阻"; VariantName = "[No Variations]"
Add component (AddParameter): Name = "Value"; Value = "16K"; VariantName = "[No Variations]"
Added Component: Designator=R91(R0603)
Add component. Clean all parameters for all variants
Add component (AddParameter): Name = "AddInBom"; Value = "yes"; VariantName = "[No Variations]"
Add component (AddParameter): Name = "Channel ID"; Value = ""; VariantName = "[No Variations]"
Add component (AddParameter): Name = "ConvertToPcb"; Value = "yes"; VariantName = "[No Variations]"
Add component (AddParameter): Name = "Device"; Value = "Res_0603"; VariantName = "[No Variations]"
Add component (AddParameter): Name = "FootprintName"; Value = "R0603"; VariantName = "[No Variations]"
Add component (AddParameter): Name = "Group ID"; Value = ""; VariantName = "[No Variations]"
Add component (AddParameter): Name = "ModelId"; Value = "fc143cca1e79419f9cd78b61e9279f08"; VariantName = "[No Variations]"
Add component (AddParameter): Name = "ModelName"; Value = "R0603"; VariantName = "[No Variations]"
Add component (AddParameter): Name = "ModelTransform"; Value = "31.8897,63.7794,0,90,0,0,0,0,0"; VariantName = "[No Variations]"
Add component (AddParameter): Name = "Reuse Block"; Value = ""; VariantName = "[No Variations]"
Add component (AddParameter): Name = "Supplier Footprint"; Value = "0603"; VariantName = "[No Variations]"
Add component (AddParameter): Name = "Symbol"; Value = "电阻"; VariantName = "[No Variations]"
Add component (AddParameter): Name = "Value"; Value = "3k"; VariantName = "[No Variations]"
Added Component: Designator=R92(R0603)
Add component. Clean all parameters for all variants
Add component (AddParameter): Name = "AddInBom"; Value = "yes"; VariantName = "[No Variations]"
Add component (AddParameter): Name = "Channel ID"; Value = ""; VariantName = "[No Variations]"
Add component (AddParameter): Name = "ConvertToPcb"; Value = "yes"; VariantName = "[No Variations]"
Add component (AddParameter): Name = "Device"; Value = "Res_0603"; VariantName = "[No Variations]"
Add component (AddParameter): Name = "FootprintName"; Value = "R0603"; VariantName = "[No Variations]"
Add component (AddParameter): Name = "Group ID"; Value = ""; VariantName = "[No Variations]"
Add component (AddParameter): Name = "ModelId"; Value = "fc143cca1e79419f9cd78b61e9279f08"; VariantName = "[No Variations]"
Add component (AddParameter): Name = "ModelName"; Value = "R0603"; VariantName = "[No Variations]"
Add component (AddParameter): Name = "ModelTransform"; Value = "31.8897,63.7794,0,90,0,0,0,0,0"; VariantName = "[No Variations]"
Add component (AddParameter): Name = "Reuse Block"; Value = ""; VariantName = "[No Variations]"
Add component (AddParameter): Name = "Supplier Footprint"; Value = "0603"; VariantName = "[No Variations]"
Add component (AddParameter): Name = "Symbol"; Value = "电阻"; VariantName = "[No Variations]"
Add component (AddParameter): Name = "Value"; Value = "20_0.1%"; VariantName = "[No Variations]"
Added Component: Designator=R93(R0603)
Add component. Clean all parameters for all variants
Add component (AddParameter): Name = "AddInBom"; Value = "yes"; VariantName = "[No Variations]"
Add component (AddParameter): Name = "Channel ID"; Value = ""; VariantName = "[No Variations]"
Add component (AddParameter): Name = "ConvertToPcb"; Value = "yes"; VariantName = "[No Variations]"
Add component (AddParameter): Name = "Device"; Value = "Res_0603"; VariantName = "[No Variations]"
Add component (AddParameter): Name = "FootprintName"; Value = "R0603"; VariantName = "[No Variations]"
Add component (AddParameter): Name = "Group ID"; Value = ""; VariantName = "[No Variations]"
Add component (AddParameter): Name = "ModelId"; Value = "fc143cca1e79419f9cd78b61e9279f08"; VariantName = "[No Variations]"
Add component (AddParameter): Name = "ModelName"; Value = "R0603"; VariantName = "[No Variations]"
Add component (AddParameter): Name = "ModelTransform"; Value = "31.8897,63.7794,0,90,0,0,0,0,0"; VariantName = "[No Variations]"
Add component (AddParameter): Name = "Reuse Block"; Value = ""; VariantName = "[No Variations]"
Add component (AddParameter): Name = "Supplier Footprint"; Value = "0603"; VariantName = "[No Variations]"
Add component (AddParameter): Name = "Symbol"; Value = "电阻"; VariantName = "[No Variations]"
Add component (AddParameter): Name = "Value"; Value = "100"; VariantName = "[No Variations]"
Added Component: Designator=R94(R0603)
Add component. Clean all parameters for all variants
Add component (AddParameter): Name = "AddInBom"; Value = "yes"; VariantName = "[No Variations]"
Add component (AddParameter): Name = "Channel ID"; Value = ""; VariantName = "[No Variations]"
Add component (AddParameter): Name = "ConvertToPcb"; Value = "yes"; VariantName = "[No Variations]"
Add component (AddParameter): Name = "Device"; Value = "Res_0603"; VariantName = "[No Variations]"
Add component (AddParameter): Name = "FootprintName"; Value = "R0603"; VariantName = "[No Variations]"
Add component (AddParameter): Name = "Group ID"; Value = ""; VariantName = "[No Variations]"
Add component (AddParameter): Name = "ModelId"; Value = "fc143cca1e79419f9cd78b61e9279f08"; VariantName = "[No Variations]"
Add component (AddParameter): Name = "ModelName"; Value = "R0603"; VariantName = "[No Variations]"
Add component (AddParameter): Name = "ModelTransform"; Value = "31.8897,63.7794,0,90,0,0,0,0,0"; VariantName = "[No Variations]"
Add component (AddParameter): Name = "Reuse Block"; Value = ""; VariantName = "[No Variations]"
Add component (AddParameter): Name = "Supplier Footprint"; Value = "0603"; VariantName = "[No Variations]"
Add component (AddParameter): Name = "Symbol"; Value = "电阻"; VariantName = "[No Variations]"
Add component (AddParameter): Name = "Value"; Value = "1k_0.1%"; VariantName = "[No Variations]"
Added Component: Designator=R95(R0603)
Add component. Clean all parameters for all variants
Add component (AddParameter): Name = "AddInBom"; Value = "yes"; VariantName = "[No Variations]"
Add component (AddParameter): Name = "Channel ID"; Value = ""; VariantName = "[No Variations]"
Add component (AddParameter): Name = "ConvertToPcb"; Value = "yes"; VariantName = "[No Variations]"
Add component (AddParameter): Name = "Device"; Value = "Res_0603"; VariantName = "[No Variations]"
Add component (AddParameter): Name = "FootprintName"; Value = "R0603"; VariantName = "[No Variations]"
Add component (AddParameter): Name = "Group ID"; Value = ""; VariantName = "[No Variations]"
Add component (AddParameter): Name = "ModelId"; Value = "fc143cca1e79419f9cd78b61e9279f08"; VariantName = "[No Variations]"
Add component (AddParameter): Name = "ModelName"; Value = "R0603"; VariantName = "[No Variations]"
Add component (AddParameter): Name = "ModelTransform"; Value = "31.8897,63.7794,0,90,0,0,0,0,0"; VariantName = "[No Variations]"
Add component (AddParameter): Name = "Reuse Block"; Value = ""; VariantName = "[No Variations]"
Add component (AddParameter): Name = "Supplier Footprint"; Value = "0603"; VariantName = "[No Variations]"
Add component (AddParameter): Name = "Symbol"; Value = "电阻"; VariantName = "[No Variations]"
Add component (AddParameter): Name = "Value"; Value = "10k_0.1%"; VariantName = "[No Variations]"
Added Component: Designator=R96(R0603)
Add component. Clean all parameters for all variants
Add component (AddParameter): Name = "AddInBom"; Value = "yes"; VariantName = "[No Variations]"
Add component (AddParameter): Name = "Channel ID"; Value = ""; VariantName = "[No Variations]"
Add component (AddParameter): Name = "ConvertToPcb"; Value = "yes"; VariantName = "[No Variations]"
Add component (AddParameter): Name = "Device"; Value = "Res_0603"; VariantName = "[No Variations]"
Add component (AddParameter): Name = "FootprintName"; Value = "R0603"; VariantName = "[No Variations]"
Add component (AddParameter): Name = "Group ID"; Value = ""; VariantName = "[No Variations]"
Add component (AddParameter): Name = "ModelId"; Value = "fc143cca1e79419f9cd78b61e9279f08"; VariantName = "[No Variations]"
Add component (AddParameter): Name = "ModelName"; Value = "R0603"; VariantName = "[No Variations]"
Add component (AddParameter): Name = "ModelTransform"; Value = "31.8897,63.7794,0,90,0,0,0,0,0"; VariantName = "[No Variations]"
Add component (AddParameter): Name = "Reuse Block"; Value = ""; VariantName = "[No Variations]"
Add component (AddParameter): Name = "Supplier Footprint"; Value = "0603"; VariantName = "[No Variations]"
Add component (AddParameter): Name = "Symbol"; Value = "电阻"; VariantName = "[No Variations]"
Add component (AddParameter): Name = "Value"; Value = "1k_0.1%"; VariantName = "[No Variations]"
Added Component: Designator=R97(R0603)
Add component. Clean all parameters for all variants
Add component (AddParameter): Name = "AddInBom"; Value = "yes"; VariantName = "[No Variations]"
Add component (AddParameter): Name = "Channel ID"; Value = ""; VariantName = "[No Variations]"
Add component (AddParameter): Name = "ConvertToPcb"; Value = "yes"; VariantName = "[No Variations]"
Add component (AddParameter): Name = "Device"; Value = "Res_0603"; VariantName = "[No Variations]"
Add component (AddParameter): Name = "FootprintName"; Value = "R0603"; VariantName = "[No Variations]"
Add component (AddParameter): Name = "Group ID"; Value = ""; VariantName = "[No Variations]"
Add component (AddParameter): Name = "ModelId"; Value = "fc143cca1e79419f9cd78b61e9279f08"; VariantName = "[No Variations]"
Add component (AddParameter): Name = "ModelName"; Value = "R0603"; VariantName = "[No Variations]"
Add component (AddParameter): Name = "ModelTransform"; Value = "31.8897,63.7794,0,90,0,0,0,0,0"; VariantName = "[No Variations]"
Add component (AddParameter): Name = "Reuse Block"; Value = ""; VariantName = "[No Variations]"
Add component (AddParameter): Name = "Supplier Footprint"; Value = "0603"; VariantName = "[No Variations]"
Add component (AddParameter): Name = "Symbol"; Value = "电阻"; VariantName = "[No Variations]"
Add component (AddParameter): Name = "Value"; Value = "1M"; VariantName = "[No Variations]"
Added Component: Designator=R98(R0603)
Add component. Clean all parameters for all variants
Add component (AddParameter): Name = "AddInBom"; Value = "yes"; VariantName = "[No Variations]"
Add component (AddParameter): Name = "Channel ID"; Value = ""; VariantName = "[No Variations]"
Add component (AddParameter): Name = "ConvertToPcb"; Value = "yes"; VariantName = "[No Variations]"
Add component (AddParameter): Name = "Device"; Value = "Res_0603"; VariantName = "[No Variations]"
Add component (AddParameter): Name = "FootprintName"; Value = "R0603"; VariantName = "[No Variations]"
Add component (AddParameter): Name = "Group ID"; Value = ""; VariantName = "[No Variations]"
Add component (AddParameter): Name = "ModelId"; Value = "fc143cca1e79419f9cd78b61e9279f08"; VariantName = "[No Variations]"
Add component (AddParameter): Name = "ModelName"; Value = "R0603"; VariantName = "[No Variations]"
Add component (AddParameter): Name = "ModelTransform"; Value = "31.8897,63.7794,0,90,0,0,0,0,0"; VariantName = "[No Variations]"
Add component (AddParameter): Name = "Reuse Block"; Value = ""; VariantName = "[No Variations]"
Add component (AddParameter): Name = "Supplier Footprint"; Value = "0603"; VariantName = "[No Variations]"
Add component (AddParameter): Name = "Symbol"; Value = "电阻"; VariantName = "[No Variations]"
Add component (AddParameter): Name = "Value"; Value = "100k_0.1%"; VariantName = "[No Variations]"
Added Component: Designator=R99(R0603)
Add component. Clean all parameters for all variants
Add component (AddParameter): Name = "AddInBom"; Value = "yes"; VariantName = "[No Variations]"
Add component (AddParameter): Name = "Channel ID"; Value = ""; VariantName = "[No Variations]"
Add component (AddParameter): Name = "ConvertToPcb"; Value = "yes"; VariantName = "[No Variations]"
Add component (AddParameter): Name = "Device"; Value = "Res_0603"; VariantName = "[No Variations]"
Add component (AddParameter): Name = "FootprintName"; Value = "R0603"; VariantName = "[No Variations]"
Add component (AddParameter): Name = "Group ID"; Value = ""; VariantName = "[No Variations]"
Add component (AddParameter): Name = "ModelId"; Value = "fc143cca1e79419f9cd78b61e9279f08"; VariantName = "[No Variations]"
Add component (AddParameter): Name = "ModelName"; Value = "R0603"; VariantName = "[No Variations]"
Add component (AddParameter): Name = "ModelTransform"; Value = "31.8897,63.7794,0,90,0,0,0,0,0"; VariantName = "[No Variations]"
Add component (AddParameter): Name = "Reuse Block"; Value = ""; VariantName = "[No Variations]"
Add component (AddParameter): Name = "Supplier Footprint"; Value = "0603"; VariantName = "[No Variations]"
Add component (AddParameter): Name = "Symbol"; Value = "电阻"; VariantName = "[No Variations]"
Add component (AddParameter): Name = "Value"; Value = "100"; VariantName = "[No Variations]"
Added Component: Designator=R100(R0603)
Add component. Clean all parameters for all variants
Add component (AddParameter): Name = "AddInBom"; Value = "yes"; VariantName = "[No Variations]"
Add component (AddParameter): Name = "Channel ID"; Value = ""; VariantName = "[No Variations]"
Add component (AddParameter): Name = "ConvertToPcb"; Value = "yes"; VariantName = "[No Variations]"
Add component (AddParameter): Name = "Device"; Value = "Res_0603"; VariantName = "[No Variations]"
Add component (AddParameter): Name = "FootprintName"; Value = "R0603"; VariantName = "[No Variations]"
Add component (AddParameter): Name = "Group ID"; Value = ""; VariantName = "[No Variations]"
Add component (AddParameter): Name = "ModelId"; Value = "fc143cca1e79419f9cd78b61e9279f08"; VariantName = "[No Variations]"
Add component (AddParameter): Name = "ModelName"; Value = "R0603"; VariantName = "[No Variations]"
Add component (AddParameter): Name = "ModelTransform"; Value = "31.8897,63.7794,0,90,0,0,0,0,0"; VariantName = "[No Variations]"
Add component (AddParameter): Name = "Reuse Block"; Value = ""; VariantName = "[No Variations]"
Add component (AddParameter): Name = "Supplier Footprint"; Value = "0603"; VariantName = "[No Variations]"
Add component (AddParameter): Name = "Symbol"; Value = "电阻"; VariantName = "[No Variations]"
Add component (AddParameter): Name = "Value"; Value = "1k_0.1%"; VariantName = "[No Variations]"
Added Component: Designator=R101(R0603)
Add component. Clean all parameters for all variants
Add component (AddParameter): Name = "AddInBom"; Value = "yes"; VariantName = "[No Variations]"
Add component (AddParameter): Name = "Channel ID"; Value = ""; VariantName = "[No Variations]"
Add component (AddParameter): Name = "ConvertToPcb"; Value = "yes"; VariantName = "[No Variations]"
Add component (AddParameter): Name = "Device"; Value = "Res_0603"; VariantName = "[No Variations]"
Add component (AddParameter): Name = "FootprintName"; Value = "R0603"; VariantName = "[No Variations]"
Add component (AddParameter): Name = "Group ID"; Value = ""; VariantName = "[No Variations]"
Add component (AddParameter): Name = "ModelId"; Value = "fc143cca1e79419f9cd78b61e9279f08"; VariantName = "[No Variations]"
Add component (AddParameter): Name = "ModelName"; Value = "R0603"; VariantName = "[No Variations]"
Add component (AddParameter): Name = "ModelTransform"; Value = "31.8897,63.7794,0,90,0,0,0,0,0"; VariantName = "[No Variations]"
Add component (AddParameter): Name = "Reuse Block"; Value = ""; VariantName = "[No Variations]"
Add component (AddParameter): Name = "Supplier Footprint"; Value = "0603"; VariantName = "[No Variations]"
Add component (AddParameter): Name = "Symbol"; Value = "电阻"; VariantName = "[No Variations]"
Add component (AddParameter): Name = "Value"; Value = "3k"; VariantName = "[No Variations]"
Added Component: Designator=R102(R0603)
Add component. Clean all parameters for all variants
Add component (AddParameter): Name = "AddInBom"; Value = "yes"; VariantName = "[No Variations]"
Add component (AddParameter): Name = "Channel ID"; Value = ""; VariantName = "[No Variations]"
Add component (AddParameter): Name = "ConvertToPcb"; Value = "yes"; VariantName = "[No Variations]"
Add component (AddParameter): Name = "Device"; Value = "Res_0603"; VariantName = "[No Variations]"
Add component (AddParameter): Name = "FootprintName"; Value = "R0603"; VariantName = "[No Variations]"
Add component (AddParameter): Name = "Group ID"; Value = ""; VariantName = "[No Variations]"
Add component (AddParameter): Name = "ModelId"; Value = "fc143cca1e79419f9cd78b61e9279f08"; VariantName = "[No Variations]"
Add component (AddParameter): Name = "ModelName"; Value = "R0603"; VariantName = "[No Variations]"
Add component (AddParameter): Name = "ModelTransform"; Value = "31.8897,63.7794,0,90,0,0,0,0,0"; VariantName = "[No Variations]"
Add component (AddParameter): Name = "Reuse Block"; Value = ""; VariantName = "[No Variations]"
Add component (AddParameter): Name = "Supplier Footprint"; Value = "0603"; VariantName = "[No Variations]"
Add component (AddParameter): Name = "Symbol"; Value = "电阻"; VariantName = "[No Variations]"
Add component (AddParameter): Name = "Value"; Value = "100"; VariantName = "[No Variations]"
Added Component: Designator=SW1(Key_SMD_3.6x6.1x2.5)
Add component. Clean all parameters for all variants
Add component (AddParameter): Name = "AddInBom"; Value = "yes"; VariantName = "[No Variations]"
Add component (AddParameter): Name = "Channel ID"; Value = ""; VariantName = "[No Variations]"
Add component (AddParameter): Name = "ConvertToPcb"; Value = "yes"; VariantName = "[No Variations]"
Add component (AddParameter): Name = "Device"; Value = "Key_SMD_3.6x6.1x2.5"; VariantName = "[No Variations]"
Add component (AddParameter): Name = "FootprintName"; Value = "Key_SMD_3.6x6.1x2.5"; VariantName = "[No Variations]"
Add component (AddParameter): Name = "Group ID"; Value = ""; VariantName = "[No Variations]"
Add component (AddParameter): Name = "ModelId"; Value = "90d18ad19a7e424ebd3215e1b5dcb80c聨0819f05c4eef4c71ace90d822a990e87"; VariantName = "[No Variations]"
Add component (AddParameter): Name = "ModelName"; Value = "KEY-SMD_2P-L6.0-W3.6-H2.5-LS8.0 COPY"; VariantName = "[No Variations]"
Add component (AddParameter): Name = "ModelTransform"; Value = "311.02,141.73,102.36,0,0,0,0,0,0"; VariantName = "[No Variations]"
Add component (AddParameter): Name = "Reuse Block"; Value = ""; VariantName = "[No Variations]"
Add component (AddParameter): Name = "Supplier Footprint"; Value = "SMD"; VariantName = "[No Variations]"
Add component (AddParameter): Name = "SymbolName"; Value = "轻触按键x2"; VariantName = "[No Variations]"
Added Component: Designator=SW2(SW-TH_4P-L6.0-W6.0-P4.50-LS6.5)
Add component. Clean all parameters for all variants
Add component (AddParameter): Name = "AddInBom"; Value = "yes"; VariantName = "[No Variations]"
Add component (AddParameter): Name = "Channel ID"; Value = ""; VariantName = "[No Variations]"
Add component (AddParameter): Name = "ConvertToPcb"; Value = "yes"; VariantName = "[No Variations]"
Add component (AddParameter): Name = "Device"; Value = "Key_TH_6x6x6"; VariantName = "[No Variations]"
Add component (AddParameter): Name = "FootprintName"; Value = "SW-TH_4P-L6.0-W6.0-P4.50-LS6.5"; VariantName = "[No Variations]"
Add component (AddParameter): Name = "Group ID"; Value = ""; VariantName = "[No Variations]"
Add component (AddParameter): Name = "ModelId"; Value = "20eee248bc684ccd8cbdbb1d0d91ec6f"; VariantName = "[No Variations]"
Add component (AddParameter): Name = "ModelName"; Value = "SW-TH_4P-L6.0-W6.0-H5.0-LS6.5-P4.50"; VariantName = "[No Variations]"
Add component (AddParameter): Name = "ModelTransform"; Value = "236.22,323.03,0,90,0,0,0,0,-137.795"; VariantName = "[No Variations]"
Add component (AddParameter): Name = "Reuse Block"; Value = ""; VariantName = "[No Variations]"
Add component (AddParameter): Name = "Supplier Footprint"; Value = "插件"; VariantName = "[No Variations]"
Add component (AddParameter): Name = "SupplierPart"; Value = "C2837516"; VariantName = "[No Variations]"
Add component (AddParameter): Name = "Symbol"; Value = "轻触按键"; VariantName = "[No Variations]"
Added Component: Designator=SW3(SW-TH_4P-L6.0-W6.0-P4.50-LS6.5)
Add component. Clean all parameters for all variants
Add component (AddParameter): Name = "AddInBom"; Value = "yes"; VariantName = "[No Variations]"
Add component (AddParameter): Name = "Channel ID"; Value = ""; VariantName = "[No Variations]"
Add component (AddParameter): Name = "ConvertToPcb"; Value = "yes"; VariantName = "[No Variations]"
Add component (AddParameter): Name = "Device"; Value = "Key_TH_6x6x6"; VariantName = "[No Variations]"
Add component (AddParameter): Name = "FootprintName"; Value = "SW-TH_4P-L6.0-W6.0-P4.50-LS6.5"; VariantName = "[No Variations]"
Add component (AddParameter): Name = "Group ID"; Value = ""; VariantName = "[No Variations]"
Add component (AddParameter): Name = "ModelId"; Value = "20eee248bc684ccd8cbdbb1d0d91ec6f"; VariantName = "[No Variations]"
Add component (AddParameter): Name = "ModelName"; Value = "SW-TH_4P-L6.0-W6.0-H5.0-LS6.5-P4.50"; VariantName = "[No Variations]"
Add component (AddParameter): Name = "ModelTransform"; Value = "236.22,323.03,0,90,0,0,0,0,-137.795"; VariantName = "[No Variations]"
Add component (AddParameter): Name = "Reuse Block"; Value = ""; VariantName = "[No Variations]"
Add component (AddParameter): Name = "Supplier Footprint"; Value = "插件"; VariantName = "[No Variations]"
Add component (AddParameter): Name = "SupplierPart"; Value = "C2837516"; VariantName = "[No Variations]"
Add component (AddParameter): Name = "Symbol"; Value = "轻触按键"; VariantName = "[No Variations]"
Added Component: Designator=SW4(SW-TH_4P-L6.0-W6.0-P4.50-LS6.5)
Add component. Clean all parameters for all variants
Add component (AddParameter): Name = "AddInBom"; Value = "yes"; VariantName = "[No Variations]"
Add component (AddParameter): Name = "Channel ID"; Value = ""; VariantName = "[No Variations]"
Add component (AddParameter): Name = "ConvertToPcb"; Value = "yes"; VariantName = "[No Variations]"
Add component (AddParameter): Name = "Device"; Value = "Key_TH_6x6x6"; VariantName = "[No Variations]"
Add component (AddParameter): Name = "FootprintName"; Value = "SW-TH_4P-L6.0-W6.0-P4.50-LS6.5"; VariantName = "[No Variations]"
Add component (AddParameter): Name = "Group ID"; Value = ""; VariantName = "[No Variations]"
Add component (AddParameter): Name = "ModelId"; Value = "20eee248bc684ccd8cbdbb1d0d91ec6f"; VariantName = "[No Variations]"
Add component (AddParameter): Name = "ModelName"; Value = "SW-TH_4P-L6.0-W6.0-H5.0-LS6.5-P4.50"; VariantName = "[No Variations]"
Add component (AddParameter): Name = "ModelTransform"; Value = "236.22,323.03,0,90,0,0,0,0,-137.795"; VariantName = "[No Variations]"
Add component (AddParameter): Name = "Reuse Block"; Value = ""; VariantName = "[No Variations]"
Add component (AddParameter): Name = "Supplier Footprint"; Value = "插件"; VariantName = "[No Variations]"
Add component (AddParameter): Name = "SupplierPart"; Value = "C2837516"; VariantName = "[No Variations]"
Add component (AddParameter): Name = "Symbol"; Value = "轻触按键"; VariantName = "[No Variations]"
Added Component: Designator=SW5(SW-TH_4P-L6.0-W6.0-P4.50-LS6.5)
Add component. Clean all parameters for all variants
Add component (AddParameter): Name = "AddInBom"; Value = "yes"; VariantName = "[No Variations]"
Add component (AddParameter): Name = "Channel ID"; Value = ""; VariantName = "[No Variations]"
Add component (AddParameter): Name = "ConvertToPcb"; Value = "yes"; VariantName = "[No Variations]"
Add component (AddParameter): Name = "Device"; Value = "Key_TH_6x6x6"; VariantName = "[No Variations]"
Add component (AddParameter): Name = "FootprintName"; Value = "SW-TH_4P-L6.0-W6.0-P4.50-LS6.5"; VariantName = "[No Variations]"
Add component (AddParameter): Name = "Group ID"; Value = ""; VariantName = "[No Variations]"
Add component (AddParameter): Name = "ModelId"; Value = "20eee248bc684ccd8cbdbb1d0d91ec6f"; VariantName = "[No Variations]"
Add component (AddParameter): Name = "ModelName"; Value = "SW-TH_4P-L6.0-W6.0-H5.0-LS6.5-P4.50"; VariantName = "[No Variations]"
Add component (AddParameter): Name = "ModelTransform"; Value = "236.22,323.03,0,90,0,0,0,0,-137.795"; VariantName = "[No Variations]"
Add component (AddParameter): Name = "Reuse Block"; Value = ""; VariantName = "[No Variations]"
Add component (AddParameter): Name = "Supplier Footprint"; Value = "插件"; VariantName = "[No Variations]"
Add component (AddParameter): Name = "SupplierPart"; Value = "C2837516"; VariantName = "[No Variations]"
Add component (AddParameter): Name = "Symbol"; Value = "轻触按键"; VariantName = "[No Variations]"
Added Component: Designator=SW6(SW-TH_6P-L7.0-W7.0-P2.00)
Add component. Clean all parameters for all variants
Add component (AddParameter): Name = "Actuator/Cap Color"; Value = "蓝色"; VariantName = "[No Variations]"
Add component (AddParameter): Name = "Actuator Style"; Value = "矩形按钮"; VariantName = "[No Variations]"
Add component (AddParameter): Name = "AddInBom"; Value = "yes"; VariantName = "[No Variations]"
Add component (AddParameter): Name = "Channel ID"; Value = ""; VariantName = "[No Variations]"
Add component (AddParameter): Name = "Contact Current"; Value = "100mA"; VariantName = "[No Variations]"
Add component (AddParameter): Name = "ConvertToPcb"; Value = "yes"; VariantName = "[No Variations]"
Add component (AddParameter): Name = "Datasheet"; Value = "https://atta.szlcsc.com/upload/public/pdf/source/20211015/75A682A27A424BDE8D93C2CFA14C38FE.pdf"; VariantName = "[No Variations]"
Add component (AddParameter): Name = "Device"; Value = "XKB7070-Z"; VariantName = "[No Variations]"
Add component (AddParameter): Name = "FootprintName"; Value = "SW-TH_6P-L7.0-W7.0-P2.00"; VariantName = "[No Variations]"
Add component (AddParameter): Name = "Group ID"; Value = ""; VariantName = "[No Variations]"
Add component (AddParameter): Name = "Insulation Resistance"; Value = "100MΩ"; VariantName = "[No Variations]"
Add component (AddParameter): Name = "IP Rating"; Value = "-"; VariantName = "[No Variations]"
Add component (AddParameter): Name = "JLCPCB Part Class"; Value = "扩展库"; VariantName = "[No Variations]"
Add component (AddParameter): Name = "LCSC Part Name"; Value = "按键开关   7*7插件自锁 蓝白黑"; VariantName = "[No Variations]"
Add component (AddParameter): Name = "Manufacturer"; Value = "XKB Connectivity(中国星坤)"; VariantName = "[No Variations]"
Add component (AddParameter): Name = "ManufacturerPart"; Value = "XKB7070-Z"; VariantName = "[No Variations]"
Add component (AddParameter): Name = "Mechanical Life"; Value = "10万次"; VariantName = "[No Variations]"
Add component (AddParameter): Name = "ModelId"; Value = "65f5674ceb7247f197b01bc7adea0d8f"; VariantName = "[No Variations]"
Add component (AddParameter): Name = "ModelName"; Value = "SW-TH_6P-L7.0-W7.0-P2.00"; VariantName = "[No Variations]"
Add component (AddParameter): Name = "ModelTransform"; Value = "275.59,275.629,0,0,0,0,0,0,-137.795"; VariantName = "[No Variations]"
Add component (AddParameter): Name = "Mounting Style"; Value = "直插"; VariantName = "[No Variations]"
Add component (AddParameter): Name = "Operating Force"; Value = "160gf"; VariantName = "[No Variations]"
Add component (AddParameter): Name = "Operating Temperature"; Value = "-15℃~+55℃"; VariantName = "[No Variations]"
Add component (AddParameter): Name = "Pin Style"; Value = "PC引脚"; VariantName = "[No Variations]"
Add component (AddParameter): Name = "Reuse Block"; Value = ""; VariantName = "[No Variations]"
Add component (AddParameter): Name = "Self Lock / No Lock"; Value = "自锁"; VariantName = "[No Variations]"
Add component (AddParameter): Name = "Supplier"; Value = "LCSC"; VariantName = "[No Variations]"
Add component (AddParameter): Name = "Supplier Footprint"; Value = "插件"; VariantName = "[No Variations]"
Add component (AddParameter): Name = "SupplierPart"; Value = "C318863"; VariantName = "[No Variations]"
Add component (AddParameter): Name = "Symbol"; Value = "XKB7070-Z"; VariantName = "[No Variations]"
Add component (AddParameter): Name = "Voltage Rating (AC)"; Value = "250V"; VariantName = "[No Variations]"
Add component (AddParameter): Name = "Voltage Rating (DC)"; Value = "30V"; VariantName = "[No Variations]"
Add component (AddParameter): Name = "With Lamp"; Value = "不带"; VariantName = "[No Variations]"
Added Component: Designator=U1(MSOP-8_L3.0-W3.0-P0.65-LS5.0-BL)
Add component. Clean all parameters for all variants
Add component (AddParameter): Name = "-3db Bandwidth"; Value = "250MHz"; VariantName = "[No Variations]"
Add component (AddParameter): Name = "AddInBom"; Value = "yes"; VariantName = "[No Variations]"
Add component (AddParameter): Name = "Channel ID"; Value = ""; VariantName = "[No Variations]"
Add component (AddParameter): Name = "ConvertToPcb"; Value = "yes"; VariantName = "[No Variations]"
Add component (AddParameter): Name = "Current - Input Bias(Ib)"; Value = "1pA"; VariantName = "[No Variations]"
Add component (AddParameter): Name = "Datasheet"; Value = "https://atta.szlcsc.com/upload/public/pdf/source/20180801/C255422_28B98AAAFB3A51C5B40B4289640087D6.pdf"; VariantName = "[No Variations]"
Add component (AddParameter): Name = "Device"; Value = "RS8752XM"; VariantName = "[No Variations]"
Add component (AddParameter): Name = "FootprintName"; Value = "MSOP-8_L3.0-W3.0-P0.65-LS5.0-BL"; VariantName = "[No Variations]"
Add component (AddParameter): Name = "Gain Bandwidth Product(GBP)"; Value = "250MHz"; VariantName = "[No Variations]"
Add component (AddParameter): Name = "Group ID"; Value = ""; VariantName = "[No Variations]"
Add component (AddParameter): Name = "JLCPCB Part Class"; Value = "扩展库"; VariantName = "[No Variations]"
Add component (AddParameter): Name = "LCSC Part Name"; Value = "高速运放RS8752XM"; VariantName = "[No Variations]"
Add component (AddParameter): Name = "Manufacturer"; Value = "RUNIC(润石)"; VariantName = "[No Variations]"
Add component (AddParameter): Name = "ManufacturerPart"; Value = "RS8752XM"; VariantName = "[No Variations]"
Add component (AddParameter): Name = "ModelId"; Value = "1de5a054e9244f539c6db8238d445f94"; VariantName = "[No Variations]"
Add component (AddParameter): Name = "ModelName"; Value = "MSOP-8_L3.0-W3.0-P0.65-LS5.0-BL"; VariantName = "[No Variations]"
Add component (AddParameter): Name = "ModelTransform"; Value = "118.11,196.85,0,0,0,0,0,0,0"; VariantName = "[No Variations]"
Add component (AddParameter): Name = "Multi-Part Group"; Value = ""; VariantName = "[No Variations]"
Add component (AddParameter): Name = "Number of Circuits"; Value = "双路"; VariantName = "[No Variations]"
Add component (AddParameter): Name = "Relevance"; Value = "[]"; VariantName = "[No Variations]"
Add component (AddParameter): Name = "Reuse Block"; Value = ""; VariantName = "[No Variations]"
Add component (AddParameter): Name = "Slew Rate(SR)"; Value = "180V/us"; VariantName = "[No Variations]"
Add component (AddParameter): Name = "Supplier"; Value = "LCSC"; VariantName = "[No Variations]"
Add component (AddParameter): Name = "Supplier Footprint"; Value = "MSOP-8"; VariantName = "[No Variations]"
Add component (AddParameter): Name = "SupplierPart"; Value = "C255421"; VariantName = "[No Variations]"
Add component (AddParameter): Name = "Supply Current"; Value = "2.9mA"; VariantName = "[No Variations]"
Add component (AddParameter): Name = "Symbol"; Value = "RS8752XM"; VariantName = "[No Variations]"
Add component (AddParameter): Name = "Voltage - Input Offset(Vos)"; Value = "1.5mV"; VariantName = "[No Variations]"
Added Component: Designator=U2(SOP-16_L9.9-W3.9-P1.27-LS6.0-BL)
Add component. Clean all parameters for all variants
Add component (AddParameter): Name = "AddInBom"; Value = "yes"; VariantName = "[No Variations]"
Add component (AddParameter): Name = "Channel ID"; Value = ""; VariantName = "[No Variations]"
Add component (AddParameter): Name = "ConvertToPcb"; Value = "yes"; VariantName = "[No Variations]"
Add component (AddParameter): Name = "Datasheet"; Value = "https://atta.szlcsc.com/upload/public/pdf/source/20200402/C507179_EDEF75F06BD662FE8D3145782CF64ACB.pdf"; VariantName = "[No Variations]"
Add component (AddParameter): Name = "Device"; Value = "74HC4052M/TR"; VariantName = "[No Variations]"
Add component (AddParameter): Name = "FootprintName"; Value = "SOP-16_L10.0-W3.9-P1.27-LS6.0-BL"; VariantName = "[No Variations]"
Add component (AddParameter): Name = "Group ID"; Value = ""; VariantName = "[No Variations]"
Add component (AddParameter): Name = "JLCPCB Part Class"; Value = "扩展库"; VariantName = "[No Variations]"
Add component (AddParameter): Name = "LCSC Part Name"; Value = "高速 CMOS 差分 4 通道模拟多路复用器和多路信号分离器"; VariantName = "[No Variations]"
Add component (AddParameter): Name = "Manufacturer"; Value = "HGSEMI(华冠)"; VariantName = "[No Variations]"
Add component (AddParameter): Name = "ManufacturerPart"; Value = "74HC4052M/TR"; VariantName = "[No Variations]"
Add component (AddParameter): Name = "ModelId"; Value = "ed96d47c1e844792b3e705d722a1a1fa"; VariantName = "[No Variations]"
Add component (AddParameter): Name = "ModelName"; Value = "SOP-16_L9.9-W3.9-P1.27-LS6.0-BL"; VariantName = "[No Variations]"
Add component (AddParameter): Name = "ModelTransform"; Value = "389.763,236.22,0,0,0,0,0,0,0"; VariantName = "[No Variations]"
Add component (AddParameter): Name = "Reuse Block"; Value = ""; VariantName = "[No Variations]"
Add component (AddParameter): Name = "Supplier"; Value = "LCSC"; VariantName = "[No Variations]"
Add component (AddParameter): Name = "Supplier Footprint"; Value = "SOP-16"; VariantName = "[No Variations]"
Add component (AddParameter): Name = "SupplierPart"; Value = "C507179"; VariantName = "[No Variations]"
Add component (AddParameter): Name = "SymbolName"; Value = "74HC4052M/TR"; VariantName = "[No Variations]"
Added Component: Designator=U3(MSOP-10_L3.0-W3.0-P0.50-LS5.0-BL)
Add component. Clean all parameters for all variants
Add component (AddParameter): Name = "AddInBom"; Value = "yes"; VariantName = "[No Variations]"
Add component (AddParameter): Name = "Channel ID"; Value = ""; VariantName = "[No Variations]"
Add component (AddParameter): Name = "ConvertToPcb"; Value = "yes"; VariantName = "[No Variations]"
Add component (AddParameter): Name = "Datasheet"; Value = "https://atta.szlcsc.com/upload/public/pdf/source/20121029/1457706544172.pdf"; VariantName = "[No Variations]"
Add component (AddParameter): Name = "Device"; Value = "AD9833BRMZ-REEL7_C9652"; VariantName = "[No Variations]"
Add component (AddParameter): Name = "FootprintName"; Value = "MSOP-10_L3.0-W3.0-P0.50-LS5.0-BL"; VariantName = "[No Variations]"
Add component (AddParameter): Name = "Group ID"; Value = ""; VariantName = "[No Variations]"
Add component (AddParameter): Name = "JLCPCB Part Class"; Value = "扩展库"; VariantName = "[No Variations]"
Add component (AddParameter): Name = "LCSC Part Name"; Value = "AD9833低功耗DDS设备"; VariantName = "[No Variations]"
Add component (AddParameter): Name = "Manufacturer"; Value = "ADI(亚德诺)"; VariantName = "[No Variations]"
Add component (AddParameter): Name = "ManufacturerPart"; Value = "AD9833BRMZ-REEL7"; VariantName = "[No Variations]"
Add component (AddParameter): Name = "ModelId"; Value = "b42a31f9e1fa4643bc7ea573b9bba7ed"; VariantName = "[No Variations]"
Add component (AddParameter): Name = "ModelName"; Value = "MSOP-10_L3.0-W3.0-H1.1-LS5.0-P0.50"; VariantName = "[No Variations]"
Add component (AddParameter): Name = "ModelTransform"; Value = "118.11,196.85,0,0,0,0,0,0,0"; VariantName = "[No Variations]"
Add component (AddParameter): Name = "Operating Temperature"; Value = "-40℃~+85℃"; VariantName = "[No Variations]"
Add component (AddParameter): Name = "Resolution (Bits)"; Value = "10"; VariantName = "[No Variations]"
Add component (AddParameter): Name = "Reuse Block"; Value = ""; VariantName = "[No Variations]"
Add component (AddParameter): Name = "Supplier"; Value = "LCSC"; VariantName = "[No Variations]"
Add component (AddParameter): Name = "Supplier Footprint"; Value = "MSOP-10"; VariantName = "[No Variations]"
Add component (AddParameter): Name = "SupplierPart"; Value = "C9652"; VariantName = "[No Variations]"
Add component (AddParameter): Name = "Supply Voltage"; Value = "2.3V~5.5V"; VariantName = "[No Variations]"
Add component (AddParameter): Name = "Symbol"; Value = "AD9833BRMZ"; VariantName = "[No Variations]"
Add component (AddParameter): Name = "The main FCLK"; Value = "25MHz"; VariantName = "[No Variations]"
Add component (AddParameter): Name = "Tuning  Word Width(Max)"; Value = "28b"; VariantName = "[No Variations]"
Added Component: Designator=U4(LQFP-48_L7.0-W7.0-P0.50-LS9.0-BL)
Add component. Clean all parameters for all variants
Add component (AddParameter): Name = "AddInBom"; Value = "yes"; VariantName = "[No Variations]"
Add component (AddParameter): Name = "Channel ID"; Value = ""; VariantName = "[No Variations]"
Add component (AddParameter): Name = "ConvertToPcb"; Value = "yes"; VariantName = "[No Variations]"
Add component (AddParameter): Name = "Datasheet"; Value = "https://atta.szlcsc.com/upload/public/pdf/source/20241226/E8981118341CB9C62D3D58EFD7554832.pdf"; VariantName = "[No Variations]"
Add component (AddParameter): Name = "Device"; Value = "STC32G12K128-35I-LQFP48"; VariantName = "[No Variations]"
Add component (AddParameter): Name = "FootprintName"; Value = "LQFP-48_L7.0-W7.0-P0.50-LS9.0-BL"; VariantName = "[No Variations]"
Add component (AddParameter): Name = "Group ID"; Value = ""; VariantName = "[No Variations]"
Add component (AddParameter): Name = "JLCPCB Part Class"; Value = "扩展库"; VariantName = "[No Variations]"
Add component (AddParameter): Name = "LCSC Part Name"; Value = "STC32G12K128-35I-LQFP48"; VariantName = "[No Variations]"
Add component (AddParameter): Name = "Manufacturer"; Value = "STC"; VariantName = "[No Variations]"
Add component (AddParameter): Name = "ManufacturerPart"; Value = "STC32G12K128-35I-LQFP48"; VariantName = "[No Variations]"
Add component (AddParameter): Name = "ModelId"; Value = "093be70396ff421eb2cdb946d5311efc"; VariantName = "[No Variations]"
Add component (AddParameter): Name = "ModelName"; Value = "LQFP-48_L7.0-W7.0-H1.4-LS9.0-P0.50"; VariantName = "[No Variations]"
Add component (AddParameter): Name = "ModelTransform"; Value = "354.331,354.331,0,0,0,0,0,0,0"; VariantName = "[No Variations]"
Add component (AddParameter): Name = "Reuse Block"; Value = ""; VariantName = "[No Variations]"
Add component (AddParameter): Name = "Supplier"; Value = "LCSC"; VariantName = "[No Variations]"
Add component (AddParameter): Name = "Supplier Footprint"; Value = "LQFP-48(7x7)"; VariantName = "[No Variations]"
Add component (AddParameter): Name = "SupplierPart"; Value = "C5210760"; VariantName = "[No Variations]"
Add component (AddParameter): Name = "Symbol"; Value = "STC32G12K128-35I-LQFP48"; VariantName = "[No Variations]"
Added Component: Designator=U5(SOP-8_L4.9-W3.9-P1.27-LS6.0-BL)
Add component. Clean all parameters for all variants
Add component (AddParameter): Name = "AddInBom"; Value = "yes"; VariantName = "[No Variations]"
Add component (AddParameter): Name = "Channel ID"; Value = ""; VariantName = "[No Variations]"
Add component (AddParameter): Name = "ConvertToPcb"; Value = "yes"; VariantName = "[No Variations]"
Add component (AddParameter): Name = "Datasheet"; Value = "https://atta.szlcsc.com/upload/public/pdf/source/20230530/6E401E9554E9F5311886CC8B3F89B62E.pdf"; VariantName = "[No Variations]"
Add component (AddParameter): Name = "Device"; Value = "CH340N"; VariantName = "[No Variations]"
Add component (AddParameter): Name = "FootprintName"; Value = "SOP-8_L4.9-W3.9-P1.27-LS6.0-BL"; VariantName = "[No Variations]"
Add component (AddParameter): Name = "Group ID"; Value = ""; VariantName = "[No Variations]"
Add component (AddParameter): Name = "JLCPCB Part Class"; Value = "扩展库"; VariantName = "[No Variations]"
Add component (AddParameter): Name = "LCSC Part Name"; Value = "USB转串口芯片 CH340"; VariantName = "[No Variations]"
Add component (AddParameter): Name = "Manufacturer"; Value = "WCH(南京沁恒)"; VariantName = "[No Variations]"
Add component (AddParameter): Name = "ManufacturerPart"; Value = "CH340N"; VariantName = "[No Variations]"
Add component (AddParameter): Name = "ModelId"; Value = "75c24a7891ee4dd6bdac16a7163ff87e"; VariantName = "[No Variations]"
Add component (AddParameter): Name = "ModelName"; Value = "SOP-8_L4.9-W3.9-P1.27-LS6.0-BL-1"; VariantName = "[No Variations]"
Add component (AddParameter): Name = "ModelTransform"; Value = "192.913,236.22,0,0,0,0,0,0,0"; VariantName = "[No Variations]"
Add component (AddParameter): Name = "Reuse Block"; Value = ""; VariantName = "[No Variations]"
Add component (AddParameter): Name = "Supplier"; Value = "LCSC"; VariantName = "[No Variations]"
Add component (AddParameter): Name = "Supplier Footprint"; Value = "SOP-8"; VariantName = "[No Variations]"
Add component (AddParameter): Name = "SupplierPart"; Value = "C2977777"; VariantName = "[No Variations]"
Add component (AddParameter): Name = "Symbol"; Value = "CH340N_C2977777"; VariantName = "[No Variations]"
Added Component: Designator=U6(ESOP-8_L4.9-W3.9-P1.27-LS6.0-BL-EP)
Add component. Clean all parameters for all variants
Add component (AddParameter): Name = "AddInBom"; Value = "yes"; VariantName = "[No Variations]"
Add component (AddParameter): Name = "Channel ID"; Value = ""; VariantName = "[No Variations]"
Add component (AddParameter): Name = "ConvertToPcb"; Value = "yes"; VariantName = "[No Variations]"
Add component (AddParameter): Name = "Datasheet"; Value = "https://atta.szlcsc.com/upload/public/pdf/source/20190626/C16581_611BCF5D7CF554EAE465137A8F68DB3E.pdf"; VariantName = "[No Variations]"
Add component (AddParameter): Name = "Device"; Value = "TP4056-42-ESOP8"; VariantName = "[No Variations]"
Add component (AddParameter): Name = "FootprintName"; Value = "ESOP-8_L4.9-W3.9-P1.27-LS6.0-BL-EP"; VariantName = "[No Variations]"
Add component (AddParameter): Name = "Group ID"; Value = ""; VariantName = "[No Variations]"
Add component (AddParameter): Name = "JLCPCB Part Class"; Value = "扩展库"; VariantName = "[No Variations]"
Add component (AddParameter): Name = "LCSC Part Name"; Value = "TP4056-42-ESOP8"; VariantName = "[No Variations]"
Add component (AddParameter): Name = "Manufacturer"; Value = "TOPPOWER(南京拓微)"; VariantName = "[No Variations]"
Add component (AddParameter): Name = "ManufacturerPart"; Value = "TP4056-42-ESOP8"; VariantName = "[No Variations]"
Add component (AddParameter): Name = "ModelId"; Value = "d3e00daa36c445139c055a3b9efb85d2"; VariantName = "[No Variations]"
Add component (AddParameter): Name = "ModelName"; Value = "ESOP-8_L4.9-W3.9-H1.6-LS6.0-P1.27"; VariantName = "[No Variations]"
Add component (AddParameter): Name = "ModelTransform"; Value = "240.157,192.913,0,90,0,0,0,0,0"; VariantName = "[No Variations]"
Add component (AddParameter): Name = "Reuse Block"; Value = ""; VariantName = "[No Variations]"
Add component (AddParameter): Name = "Supplier"; Value = "LCSC"; VariantName = "[No Variations]"
Add component (AddParameter): Name = "Supplier Footprint"; Value = "ESOP-8"; VariantName = "[No Variations]"
Add component (AddParameter): Name = "SupplierPart"; Value = "C16581"; VariantName = "[No Variations]"
Add component (AddParameter): Name = "Symbol"; Value = "TP4056"; VariantName = "[No Variations]"
Added Component: Designator=U7(SOT-23-5_L3.0-W1.7-P0.95-LS2.8-BR)
Add component. Clean all parameters for all variants
Add component (AddParameter): Name = "AddInBom"; Value = "yes"; VariantName = "[No Variations]"
Add component (AddParameter): Name = "Channel ID"; Value = ""; VariantName = "[No Variations]"
Add component (AddParameter): Name = "ConvertToPcb"; Value = "yes"; VariantName = "[No Variations]"
Add component (AddParameter): Name = "Design Item ID"; Value = "RT9193"; VariantName = "[No Variations]"
Add component (AddParameter): Name = "Device"; Value = "RT9193"; VariantName = "[No Variations]"
Add component (AddParameter): Name = "Group ID"; Value = ""; VariantName = "[No Variations]"
Add component (AddParameter): Name = "Origin Footprint"; Value = "SOT23-5"; VariantName = "[No Variations]"
Add component (AddParameter): Name = "Reuse Block"; Value = ""; VariantName = "[No Variations]"
Add component (AddParameter): Name = "Symbol"; Value = "RT9193"; VariantName = "[No Variations]"
Added Component: Designator=U8(SOT-23-6_L2.9-W1.6-P0.95-LS2.8-BL)
Add component. Clean all parameters for all variants
Add component (AddParameter): Name = "AddInBom"; Value = "yes"; VariantName = "[No Variations]"
Add component (AddParameter): Name = "Channel ID"; Value = ""; VariantName = "[No Variations]"
Add component (AddParameter): Name = "ConvertToPcb"; Value = "yes"; VariantName = "[No Variations]"
Add component (AddParameter): Name = "Design Item ID"; Value = "SGM3204"; VariantName = "[No Variations]"
Add component (AddParameter): Name = "Device"; Value = "SGM3204"; VariantName = "[No Variations]"
Add component (AddParameter): Name = "Group ID"; Value = ""; VariantName = "[No Variations]"
Add component (AddParameter): Name = "Origin Footprint"; Value = "SOT23-6"; VariantName = "[No Variations]"
Add component (AddParameter): Name = "Reuse Block"; Value = ""; VariantName = "[No Variations]"
Add component (AddParameter): Name = "Symbol"; Value = "SGM3204"; VariantName = "[No Variations]"
Added Component: Designator=U9(TSSOP-14_L5.0-W4.4-P0.65-LS6.4-BL)
Add component. Clean all parameters for all variants
Add component (AddParameter): Name = "AddInBom"; Value = "yes"; VariantName = "[No Variations]"
Add component (AddParameter): Name = "Channel ID"; Value = ""; VariantName = "[No Variations]"
Add component (AddParameter): Name = "ConvertToPcb"; Value = "yes"; VariantName = "[No Variations]"
Add component (AddParameter): Name = "Datasheet"; Value = "https://atta.szlcsc.com/upload/public/pdf/source/20180801/C255431_5DFA0183D1ACA7F14A60743D93152121.pdf"; VariantName = "[No Variations]"
Add component (AddParameter): Name = "Device"; Value = "RS8554XQ"; VariantName = "[No Variations]"
Add component (AddParameter): Name = "FootprintName"; Value = "TSSOP-14_L5.0-W4.4-P0.65-LS6.4-BL"; VariantName = "[No Variations]"
Add component (AddParameter): Name = "Gain Bandwidth Product(GBP)"; Value = "4.5MHz"; VariantName = "[No Variations]"
Add component (AddParameter): Name = "Group ID"; Value = ""; VariantName = "[No Variations]"
Add component (AddParameter): Name = "JLCPCB Part Class"; Value = "扩展库"; VariantName = "[No Variations]"
Add component (AddParameter): Name = "LCSC Part Name"; Value = "精密运放RS8554XQ"; VariantName = "[No Variations]"
Add component (AddParameter): Name = "Manufacturer"; Value = "RUNIC(润石)"; VariantName = "[No Variations]"
Add component (AddParameter): Name = "ManufacturerPart"; Value = "RS8554XQ"; VariantName = "[No Variations]"
Add component (AddParameter): Name = "ModelId"; Value = "02f1f60386074b2ca8e111040ac061f2"; VariantName = "[No Variations]"
Add component (AddParameter): Name = "ModelName"; Value = "TSSOP-14_L5.0-W4.4-H1.0-LS6.4-P0.65"; VariantName = "[No Variations]"
Add component (AddParameter): Name = "ModelTransform"; Value = "237.007,196.85,0,90,0,0,0,0,0"; VariantName = "[No Variations]"
Add component (AddParameter): Name = "Multi-Part Group"; Value = ""; VariantName = "[No Variations]"
Add component (AddParameter): Name = "Number of Circuits"; Value = "四路"; VariantName = "[No Variations]"
Add component (AddParameter): Name = "Operating Temperature"; Value = "-40℃~+125℃"; VariantName = "[No Variations]"
Add component (AddParameter): Name = "Relevance"; Value = "[]"; VariantName = "[No Variations]"
Add component (AddParameter): Name = "Reuse Block"; Value = ""; VariantName = "[No Variations]"
Add component (AddParameter): Name = "Slew Rate(SR)"; Value = "2.7V/us"; VariantName = "[No Variations]"
Add component (AddParameter): Name = "Supplier"; Value = "LCSC"; VariantName = "[No Variations]"
Add component (AddParameter): Name = "Supplier Footprint"; Value = "TSSOP-14"; VariantName = "[No Variations]"
Add component (AddParameter): Name = "SupplierPart"; Value = "C255429"; VariantName = "[No Variations]"
Add component (AddParameter): Name = "Supply Voltage"; Value = "2.7V~5.5V"; VariantName = "[No Variations]"
Add component (AddParameter): Name = "Symbol"; Value = "RS8554XQ"; VariantName = "[No Variations]"
Added Component: Designator=U10(SOT-23-6_L2.9-W1.6-P0.95-LS2.8-BL)
Add component. Clean all parameters for all variants
Add component (AddParameter): Name = "AddInBom"; Value = "yes"; VariantName = "[No Variations]"
Add component (AddParameter): Name = "Channel ID"; Value = ""; VariantName = "[No Variations]"
Add component (AddParameter): Name = "ConvertToPcb"; Value = "yes"; VariantName = "[No Variations]"
Add component (AddParameter): Name = "Datasheet"; Value = "https://atta.szlcsc.com/upload/public/pdf/source/20160920/1474356679185.pdf"; VariantName = "[No Variations]"
Add component (AddParameter): Name = "Device"; Value = "SX1308"; VariantName = "[No Variations]"
Add component (AddParameter): Name = "FootprintName"; Value = "SOT-23-6_L2.9-W1.6-P0.95-LS2.8-BL"; VariantName = "[No Variations]"
Add component (AddParameter): Name = "Frequency - Switching"; Value = "1.2MHz"; VariantName = "[No Variations]"
Add component (AddParameter): Name = "Function"; Value = "升压型"; VariantName = "[No Variations]"
Add component (AddParameter): Name = "Group ID"; Value = ""; VariantName = "[No Variations]"
Add component (AddParameter): Name = "JLCPCB Part Class"; Value = "扩展库"; VariantName = "[No Variations]"
Add component (AddParameter): Name = "LCSC Part Name"; Value = "高效1.2MHz 2A升压转换器"; VariantName = "[No Variations]"
Add component (AddParameter): Name = "Manufacturer"; Value = "SX(硕芯科技)"; VariantName = "[No Variations]"
Add component (AddParameter): Name = "ManufacturerPart"; Value = "SX1308"; VariantName = "[No Variations]"
Add component (AddParameter): Name = "ModelId"; Value = "18da8f6c14a34920b3e136b5c401a119"; VariantName = "[No Variations]"
Add component (AddParameter): Name = "ModelName"; Value = "SOT-23-6_L2.9-W1.6-H1.5-LS2.8-P0.95"; VariantName = "[No Variations]"
Add component (AddParameter): Name = "ModelTransform"; Value = "110.236,113.364,0,90,0,0,0.0005,0.0005,0"; VariantName = "[No Variations]"
Add component (AddParameter): Name = "Number of Outputs"; Value = "1"; VariantName = "[No Variations]"
Add component (AddParameter): Name = "Operating Temperature"; Value = "-40℃~+85℃"; VariantName = "[No Variations]"
Add component (AddParameter): Name = "Output Current"; Value = "2A"; VariantName = "[No Variations]"
Add component (AddParameter): Name = "Output Type"; Value = "可调"; VariantName = "[No Variations]"
Add component (AddParameter): Name = "Output Voltage"; Value = "28V"; VariantName = "[No Variations]"
Add component (AddParameter): Name = "Quiescent Current"; Value = "100uA"; VariantName = "[No Variations]"
Add component (AddParameter): Name = "Reuse Block"; Value = ""; VariantName = "[No Variations]"
Add component (AddParameter): Name = "Supplier"; Value = "LCSC"; VariantName = "[No Variations]"
Add component (AddParameter): Name = "Supplier Footprint"; Value = "SOT-23-6"; VariantName = "[No Variations]"
Add component (AddParameter): Name = "SupplierPart"; Value = "C78162"; VariantName = "[No Variations]"
Add component (AddParameter): Name = "Switch tube (built-in/external)"; Value = "内置"; VariantName = "[No Variations]"
Add component (AddParameter): Name = "Symbol"; Value = "SX1308"; VariantName = "[No Variations]"
Add component (AddParameter): Name = "Synchronous Rectifier"; Value = "否"; VariantName = "[No Variations]"
Add component (AddParameter): Name = "Topology"; Value = "升压式"; VariantName = "[No Variations]"
Add component (AddParameter): Name = "Voltage - Supply"; Value = "2V~24V"; VariantName = "[No Variations]"
Added Component: Designator=U11(TSSOP-14_L5.0-W4.4-P0.65-LS6.4-BL)
Add component. Clean all parameters for all variants
Add component (AddParameter): Name = "AddInBom"; Value = "yes"; VariantName = "[No Variations]"
Add component (AddParameter): Name = "Channel ID"; Value = ""; VariantName = "[No Variations]"
Add component (AddParameter): Name = "ConvertToPcb"; Value = "yes"; VariantName = "[No Variations]"
Add component (AddParameter): Name = "Current - Input Bias(Ib)"; Value = "1pA"; VariantName = "[No Variations]"
Add component (AddParameter): Name = "Datasheet"; Value = "https://atta.szlcsc.com/upload/public/pdf/source/20180704/C236997_BF74C37E35A725D699BA91BFBED4064A.pdf"; VariantName = "[No Variations]"
Add component (AddParameter): Name = "Device"; Value = "RS8554XP"; VariantName = "[No Variations]"
Add component (AddParameter): Name = "FootprintName"; Value = "TSSOP-14_L5.0-W4.4-P0.65-LS6.4-BL"; VariantName = "[No Variations]"
Add component (AddParameter): Name = "Gain Bandwidth Product(GBP)"; Value = "4.5MHz"; VariantName = "[No Variations]"
Add component (AddParameter): Name = "Group ID"; Value = ""; VariantName = "[No Variations]"
Add component (AddParameter): Name = "JLCPCB Part Class"; Value = "扩展库"; VariantName = "[No Variations]"
Add component (AddParameter): Name = "LCSC Part Name"; Value = "RS8554XP"; VariantName = "[No Variations]"
Add component (AddParameter): Name = "Manufacturer"; Value = "RUNIC(润石)"; VariantName = "[No Variations]"
Add component (AddParameter): Name = "ManufacturerPart"; Value = "RS8554XP"; VariantName = "[No Variations]"
Add component (AddParameter): Name = "ModelId"; Value = "8dbf5b715d42428c85558507ae5a252b"; VariantName = "[No Variations]"
Add component (AddParameter): Name = "ModelName"; Value = "SOIC-14_L8.6-W3.9-H1.8-LS6.0-P1.27"; VariantName = "[No Variations]"
Add component (AddParameter): Name = "ModelTransform"; Value = "338.583,236.22,0,0,0,0,0,-0.001,0"; VariantName = "[No Variations]"
Add component (AddParameter): Name = "Multi-Part Group"; Value = ""; VariantName = "[No Variations]"
Add component (AddParameter): Name = "Number of Circuits"; Value = "四路"; VariantName = "[No Variations]"
Add component (AddParameter): Name = "Operating Temperature"; Value = "-40℃~+125℃"; VariantName = "[No Variations]"
Add component (AddParameter): Name = "Output Current"; Value = "50mA"; VariantName = "[No Variations]"
Add component (AddParameter): Name = "Output Type"; Value = "-"; VariantName = "[No Variations]"
Add component (AddParameter): Name = "Rail to Rail"; Value = "-"; VariantName = "[No Variations]"
Add component (AddParameter): Name = "Reuse Block"; Value = ""; VariantName = "[No Variations]"
Add component (AddParameter): Name = "Slew Rate(SR)"; Value = "2.7V/us"; VariantName = "[No Variations]"
Add component (AddParameter): Name = "Supplier"; Value = "LCSC"; VariantName = "[No Variations]"
Add component (AddParameter): Name = "Supplier Footprint"; Value = "SOIC-14"; VariantName = "[No Variations]"
Add component (AddParameter): Name = "SupplierPart"; Value = "C236997"; VariantName = "[No Variations]"
Add component (AddParameter): Name = "Supply Voltage"; Value = "2.7V~5.5V"; VariantName = "[No Variations]"
Add component (AddParameter): Name = "Symbol"; Value = "RS8554XP"; VariantName = "[No Variations]"
Added Component: Designator=U12(SOP-16_L9.9-W3.9-P1.27-LS6.0-BL)
Add component. Clean all parameters for all variants
Add component (AddParameter): Name = "AddInBom"; Value = "yes"; VariantName = "[No Variations]"
Add component (AddParameter): Name = "Channel ID"; Value = ""; VariantName = "[No Variations]"
Add component (AddParameter): Name = "ConvertToPcb"; Value = "yes"; VariantName = "[No Variations]"
Add component (AddParameter): Name = "Datasheet"; Value = "https://atta.szlcsc.com/upload/public/pdf/source/20231215/0C9D8E7420B1DBE63C1B545CF8B3B4AB.pdf"; VariantName = "[No Variations]"
Add component (AddParameter): Name = "Device"; Value = "CD4053BDTR(XBLW)"; VariantName = "[No Variations]"
Add component (AddParameter): Name = "FootprintName"; Value = "SOP-16_L9.9-W3.9-P1.27-LS6.0-BL"; VariantName = "[No Variations]"
Add component (AddParameter): Name = "Group ID"; Value = ""; VariantName = "[No Variations]"
Add component (AddParameter): Name = "JLCPCB Part Class"; Value = "扩展库"; VariantName = "[No Variations]"
Add component (AddParameter): Name = "LCSC Part Name"; Value = "CD4053BDTR(XBLW)"; VariantName = "[No Variations]"
Add component (AddParameter): Name = "Manufacturer"; Value = "XBLW(芯伯乐)"; VariantName = "[No Variations]"
Add component (AddParameter): Name = "ManufacturerPart"; Value = "CD4053BDTR(XBLW)"; VariantName = "[No Variations]"
Add component (AddParameter): Name = "ModelId"; Value = "ed96d47c1e844792b3e705d722a1a1fa"; VariantName = "[No Variations]"
Add component (AddParameter): Name = "ModelName"; Value = "SOP-16_L9.9-W3.9-P1.27-LS6.0-BL"; VariantName = "[No Variations]"
Add component (AddParameter): Name = "ModelTransform"; Value = "389.763,236.22,0,0,0,0,0,0,0"; VariantName = "[No Variations]"
Add component (AddParameter): Name = "On-State Resistance (Max)"; Value = "350Ω"; VariantName = "[No Variations]"
Add component (AddParameter): Name = "Operating Temperature"; Value = "-40℃~+85℃"; VariantName = "[No Variations]"
Add component (AddParameter): Name = "Reuse Block"; Value = ""; VariantName = "[No Variations]"
Add component (AddParameter): Name = "Supplier"; Value = "LCSC"; VariantName = "[No Variations]"
Add component (AddParameter): Name = "Supplier Footprint"; Value = "SOP-16"; VariantName = "[No Variations]"
Add component (AddParameter): Name = "SupplierPart"; Value = "C19708120"; VariantName = "[No Variations]"
Add component (AddParameter): Name = "Supply Voltage"; Value = "3V~9V"; VariantName = "[No Variations]"
Add component (AddParameter): Name = "Symbol"; Value = "CD4053BDTR(XBLW)"; VariantName = "[No Variations]"
Added Component: Designator=U13(SOP-4_L4.4-W4.0-P2.54-LS7.0-TL)
Add component. Clean all parameters for all variants
Add component (AddParameter): Name = "AddInBom"; Value = "yes"; VariantName = "[No Variations]"
Add component (AddParameter): Name = "Channel ID"; Value = ""; VariantName = "[No Variations]"
Add component (AddParameter): Name = "Continuous Load Current"; Value = "2.5A"; VariantName = "[No Variations]"
Add component (AddParameter): Name = "ConvertToPcb"; Value = "yes"; VariantName = "[No Variations]"
Add component (AddParameter): Name = "Datasheet"; Value = "https://atta.szlcsc.com/upload/public/pdf/source/20241011/4BAA9F2B28F4E3269CE00069A12AE23B.pdf"; VariantName = "[No Variations]"
Add component (AddParameter): Name = "Device"; Value = "GAQY211G2S"; VariantName = "[No Variations]"
Add component (AddParameter): Name = "FootprintName"; Value = "SOP-4_L4.4-W4.0-P2.54-LS7.0-TL"; VariantName = "[No Variations]"
Add component (AddParameter): Name = "Group ID"; Value = ""; VariantName = "[No Variations]"
Add component (AddParameter): Name = "Input Forward Voltage"; Value = "1.2V"; VariantName = "[No Variations]"
Add component (AddParameter): Name = "Isolation Voltage(rms)"; Value = "2.5kV"; VariantName = "[No Variations]"
Add component (AddParameter): Name = "JLCPCB Part Class"; Value = "扩展库"; VariantName = "[No Variations]"
Add component (AddParameter): Name = "LCSC Part Name"; Value = "GAQY211G2S 1 Form A(SPST-NO) 负载电压:40V 连续负载电流:2.5A"; VariantName = "[No Variations]"
Add component (AddParameter): Name = "Load Type"; Value = "-"; VariantName = "[No Variations]"
Add component (AddParameter): Name = "Manufacturer"; Value = "SUPSiC(国晶微半导体)"; VariantName = "[No Variations]"
Add component (AddParameter): Name = "ManufacturerPart"; Value = "GAQY211G2S"; VariantName = "[No Variations]"
Add component (AddParameter): Name = "ModelId"; Value = "7a816c7b730e4b8989440f8e2ea085d3"; VariantName = "[No Variations]"
Add component (AddParameter): Name = "ModelName"; Value = "SOP-4_L4.0-W4.4-H2.1-LS7.0-P2.54"; VariantName = "[No Variations]"
Add component (AddParameter): Name = "ModelTransform"; Value = "157.48,275.591,0,90,0,0,0,0,0"; VariantName = "[No Variations]"
Add component (AddParameter): Name = "On Resistance"; Value = "60mΩ"; VariantName = "[No Variations]"
Add component (AddParameter): Name = "Relay Contact Form"; Value = "-"; VariantName = "[No Variations]"
Add component (AddParameter): Name = "Reuse Block"; Value = ""; VariantName = "[No Variations]"
Add component (AddParameter): Name = "Supplier"; Value = "LCSC"; VariantName = "[No Variations]"
Add component (AddParameter): Name = "Supplier Footprint"; Value = "SOP-4"; VariantName = "[No Variations]"
Add component (AddParameter): Name = "SupplierPart"; Value = "C7435104"; VariantName = "[No Variations]"
Add component (AddParameter): Name = "Symbol"; Value = "GAQY211G2S"; VariantName = "[No Variations]"
Add component (AddParameter): Name = "Turn-off time"; Value = "20us"; VariantName = "[No Variations]"
Add component (AddParameter): Name = "Turn-on time"; Value = "800us"; VariantName = "[No Variations]"
Add component (AddParameter): Name = "Voltage - Load"; Value = "40V"; VariantName = "[No Variations]"
Added Component: Designator=U14(SOP-16_L9.9-W3.9-P1.27-LS6.0-BL)
Add component. Clean all parameters for all variants
Add component (AddParameter): Name = "AddInBom"; Value = "yes"; VariantName = "[No Variations]"
Add component (AddParameter): Name = "Channel ID"; Value = ""; VariantName = "[No Variations]"
Add component (AddParameter): Name = "ConvertToPcb"; Value = "yes"; VariantName = "[No Variations]"
Add component (AddParameter): Name = "Datasheet"; Value = "https://atta.szlcsc.com/upload/public/pdf/source/20200402/C507179_EDEF75F06BD662FE8D3145782CF64ACB.pdf"; VariantName = "[No Variations]"
Add component (AddParameter): Name = "Device"; Value = "74HC4052M/TR"; VariantName = "[No Variations]"
Add component (AddParameter): Name = "FootprintName"; Value = "SOP-16_L10.0-W3.9-P1.27-LS6.0-BL"; VariantName = "[No Variations]"
Add component (AddParameter): Name = "Group ID"; Value = ""; VariantName = "[No Variations]"
Add component (AddParameter): Name = "JLCPCB Part Class"; Value = "扩展库"; VariantName = "[No Variations]"
Add component (AddParameter): Name = "LCSC Part Name"; Value = "高速 CMOS 差分 4 通道模拟多路复用器和多路信号分离器"; VariantName = "[No Variations]"
Add component (AddParameter): Name = "Manufacturer"; Value = "HGSEMI(华冠)"; VariantName = "[No Variations]"
Add component (AddParameter): Name = "ManufacturerPart"; Value = "74HC4052M/TR"; VariantName = "[No Variations]"
Add component (AddParameter): Name = "ModelId"; Value = "ed96d47c1e844792b3e705d722a1a1fa"; VariantName = "[No Variations]"
Add component (AddParameter): Name = "ModelName"; Value = "SOP-16_L9.9-W3.9-P1.27-LS6.0-BL"; VariantName = "[No Variations]"
Add component (AddParameter): Name = "ModelTransform"; Value = "389.763,236.22,0,0,0,0,0,0,0"; VariantName = "[No Variations]"
Add component (AddParameter): Name = "Reuse Block"; Value = ""; VariantName = "[No Variations]"
Add component (AddParameter): Name = "Supplier"; Value = "LCSC"; VariantName = "[No Variations]"
Add component (AddParameter): Name = "Supplier Footprint"; Value = "SOP-16"; VariantName = "[No Variations]"
Add component (AddParameter): Name = "SupplierPart"; Value = "C507179"; VariantName = "[No Variations]"
Add component (AddParameter): Name = "SymbolName"; Value = "74HC4052M/TR"; VariantName = "[No Variations]"
Added Component: Designator=U15(RELAY-SMD_HFD31-XX-L2SR)
Add component. Clean all parameters for all variants
Add component (AddParameter): Name = "AddInBom"; Value = "yes"; VariantName = "[No Variations]"
Add component (AddParameter): Name = "Channel ID"; Value = ""; VariantName = "[No Variations]"
Add component (AddParameter): Name = "ConvertToPcb"; Value = "yes"; VariantName = "[No Variations]"
Add component (AddParameter): Name = "Device"; Value = "hfd31/5"; VariantName = "[No Variations]"
Add component (AddParameter): Name = "FootprintName"; Value = "hfd31/5"; VariantName = "[No Variations]"
Add component (AddParameter): Name = "Group ID"; Value = ""; VariantName = "[No Variations]"
Add component (AddParameter): Name = "ModelId"; Value = ""; VariantName = "[No Variations]"
Add component (AddParameter): Name = "ModelName"; Value = ""; VariantName = "[No Variations]"
Add component (AddParameter): Name = "ModelTransform"; Value = ""; VariantName = "[No Variations]"
Add component (AddParameter): Name = "Reuse Block"; Value = ""; VariantName = "[No Variations]"
Add component (AddParameter): Name = "SymbolName"; Value = "hfd31/5"; VariantName = "[No Variations]"
Added Component: Designator=U16(SOP-16_L9.9-W3.9-P1.27-LS6.0-BL)
Add component. Clean all parameters for all variants
Add component (AddParameter): Name = "AddInBom"; Value = "yes"; VariantName = "[No Variations]"
Add component (AddParameter): Name = "Channel ID"; Value = ""; VariantName = "[No Variations]"
Add component (AddParameter): Name = "ConvertToPcb"; Value = "yes"; VariantName = "[No Variations]"
Add component (AddParameter): Name = "Datasheet"; Value = "https://atta.szlcsc.com/upload/public/pdf/source/20200402/C507179_EDEF75F06BD662FE8D3145782CF64ACB.pdf"; VariantName = "[No Variations]"
Add component (AddParameter): Name = "Device"; Value = "74HC4052M/TR"; VariantName = "[No Variations]"
Add component (AddParameter): Name = "FootprintName"; Value = "SOP-16_L10.0-W3.9-P1.27-LS6.0-BL"; VariantName = "[No Variations]"
Add component (AddParameter): Name = "Group ID"; Value = ""; VariantName = "[No Variations]"
Add component (AddParameter): Name = "JLCPCB Part Class"; Value = "扩展库"; VariantName = "[No Variations]"
Add component (AddParameter): Name = "LCSC Part Name"; Value = "高速 CMOS 差分 4 通道模拟多路复用器和多路信号分离器"; VariantName = "[No Variations]"
Add component (AddParameter): Name = "Manufacturer"; Value = "HGSEMI(华冠)"; VariantName = "[No Variations]"
Add component (AddParameter): Name = "ManufacturerPart"; Value = "74HC4052M/TR"; VariantName = "[No Variations]"
Add component (AddParameter): Name = "ModelId"; Value = "ed96d47c1e844792b3e705d722a1a1fa"; VariantName = "[No Variations]"
Add component (AddParameter): Name = "ModelName"; Value = "SOP-16_L9.9-W3.9-P1.27-LS6.0-BL"; VariantName = "[No Variations]"
Add component (AddParameter): Name = "ModelTransform"; Value = "389.763,236.22,0,0,0,0,0,0,0"; VariantName = "[No Variations]"
Add component (AddParameter): Name = "Reuse Block"; Value = ""; VariantName = "[No Variations]"
Add component (AddParameter): Name = "Supplier"; Value = "LCSC"; VariantName = "[No Variations]"
Add component (AddParameter): Name = "Supplier Footprint"; Value = "SOP-16"; VariantName = "[No Variations]"
Add component (AddParameter): Name = "SupplierPart"; Value = "C507179"; VariantName = "[No Variations]"
Add component (AddParameter): Name = "SymbolName"; Value = "74HC4052M/TR"; VariantName = "[No Variations]"
Added Component: Designator=U17(MSOP-8_L3.0-W3.0-P0.65-LS5.0-BL)
Add component. Clean all parameters for all variants
Add component (AddParameter): Name = "-3db Bandwidth"; Value = "250MHz"; VariantName = "[No Variations]"
Add component (AddParameter): Name = "AddInBom"; Value = "yes"; VariantName = "[No Variations]"
Add component (AddParameter): Name = "Channel ID"; Value = ""; VariantName = "[No Variations]"
Add component (AddParameter): Name = "ConvertToPcb"; Value = "yes"; VariantName = "[No Variations]"
Add component (AddParameter): Name = "Current - Input Bias(Ib)"; Value = "1pA"; VariantName = "[No Variations]"
Add component (AddParameter): Name = "Datasheet"; Value = "https://atta.szlcsc.com/upload/public/pdf/source/20180801/C255422_28B98AAAFB3A51C5B40B4289640087D6.pdf"; VariantName = "[No Variations]"
Add component (AddParameter): Name = "Device"; Value = "RS8752XM"; VariantName = "[No Variations]"
Add component (AddParameter): Name = "FootprintName"; Value = "MSOP-8_L3.0-W3.0-P0.65-LS5.0-BL"; VariantName = "[No Variations]"
Add component (AddParameter): Name = "Gain Bandwidth Product(GBP)"; Value = "250MHz"; VariantName = "[No Variations]"
Add component (AddParameter): Name = "Group ID"; Value = ""; VariantName = "[No Variations]"
Add component (AddParameter): Name = "JLCPCB Part Class"; Value = "扩展库"; VariantName = "[No Variations]"
Add component (AddParameter): Name = "LCSC Part Name"; Value = "高速运放RS8752XM"; VariantName = "[No Variations]"
Add component (AddParameter): Name = "Manufacturer"; Value = "RUNIC(润石)"; VariantName = "[No Variations]"
Add component (AddParameter): Name = "ManufacturerPart"; Value = "RS8752XM"; VariantName = "[No Variations]"
Add component (AddParameter): Name = "ModelId"; Value = "1de5a054e9244f539c6db8238d445f94"; VariantName = "[No Variations]"
Add component (AddParameter): Name = "ModelName"; Value = "MSOP-8_L3.0-W3.0-P0.65-LS5.0-BL"; VariantName = "[No Variations]"
Add component (AddParameter): Name = "ModelTransform"; Value = "118.11,196.85,0,0,0,0,0,0,0"; VariantName = "[No Variations]"
Add component (AddParameter): Name = "Multi-Part Group"; Value = ""; VariantName = "[No Variations]"
Add component (AddParameter): Name = "Number of Circuits"; Value = "双路"; VariantName = "[No Variations]"
Add component (AddParameter): Name = "Relevance"; Value = "[]"; VariantName = "[No Variations]"
Add component (AddParameter): Name = "Reuse Block"; Value = ""; VariantName = "[No Variations]"
Add component (AddParameter): Name = "Slew Rate(SR)"; Value = "180V/us"; VariantName = "[No Variations]"
Add component (AddParameter): Name = "Supplier"; Value = "LCSC"; VariantName = "[No Variations]"
Add component (AddParameter): Name = "Supplier Footprint"; Value = "MSOP-8"; VariantName = "[No Variations]"
Add component (AddParameter): Name = "SupplierPart"; Value = "C255421"; VariantName = "[No Variations]"
Add component (AddParameter): Name = "Supply Current"; Value = "2.9mA"; VariantName = "[No Variations]"
Add component (AddParameter): Name = "Symbol"; Value = "RS8752XM"; VariantName = "[No Variations]"
Add component (AddParameter): Name = "Voltage - Input Offset(Vos)"; Value = "1.5mV"; VariantName = "[No Variations]"
Added Component: Designator=U18(TSSOP-14_L5.0-W4.4-P0.65-LS6.4-BL)
Add component. Clean all parameters for all variants
Add component (AddParameter): Name = "AddInBom"; Value = "yes"; VariantName = "[No Variations]"
Add component (AddParameter): Name = "Channel ID"; Value = ""; VariantName = "[No Variations]"
Add component (AddParameter): Name = "ConvertToPcb"; Value = "yes"; VariantName = "[No Variations]"
Add component (AddParameter): Name = "Current - Input Bias(Ib)"; Value = "1pA"; VariantName = "[No Variations]"
Add component (AddParameter): Name = "Datasheet"; Value = "https://atta.szlcsc.com/upload/public/pdf/source/20180704/C236997_BF74C37E35A725D699BA91BFBED4064A.pdf"; VariantName = "[No Variations]"
Add component (AddParameter): Name = "Device"; Value = "RS8554XP"; VariantName = "[No Variations]"
Add component (AddParameter): Name = "FootprintName"; Value = "TSSOP-14_L5.0-W4.4-P0.65-LS6.4-BL"; VariantName = "[No Variations]"
Add component (AddParameter): Name = "Gain Bandwidth Product(GBP)"; Value = "4.5MHz"; VariantName = "[No Variations]"
Add component (AddParameter): Name = "Group ID"; Value = ""; VariantName = "[No Variations]"
Add component (AddParameter): Name = "JLCPCB Part Class"; Value = "扩展库"; VariantName = "[No Variations]"
Add component (AddParameter): Name = "LCSC Part Name"; Value = "RS8554XP"; VariantName = "[No Variations]"
Add component (AddParameter): Name = "Manufacturer"; Value = "RUNIC(润石)"; VariantName = "[No Variations]"
Add component (AddParameter): Name = "ManufacturerPart"; Value = "RS8554XP"; VariantName = "[No Variations]"
Add component (AddParameter): Name = "ModelId"; Value = "8dbf5b715d42428c85558507ae5a252b"; VariantName = "[No Variations]"
Add component (AddParameter): Name = "ModelName"; Value = "SOIC-14_L8.6-W3.9-H1.8-LS6.0-P1.27"; VariantName = "[No Variations]"
Add component (AddParameter): Name = "ModelTransform"; Value = "338.583,236.22,0,0,0,0,0,-0.001,0"; VariantName = "[No Variations]"
Add component (AddParameter): Name = "Multi-Part Group"; Value = ""; VariantName = "[No Variations]"
Add component (AddParameter): Name = "Number of Circuits"; Value = "四路"; VariantName = "[No Variations]"
Add component (AddParameter): Name = "Operating Temperature"; Value = "-40℃~+125℃"; VariantName = "[No Variations]"
Add component (AddParameter): Name = "Output Current"; Value = "50mA"; VariantName = "[No Variations]"
Add component (AddParameter): Name = "Output Type"; Value = "-"; VariantName = "[No Variations]"
Add component (AddParameter): Name = "Rail to Rail"; Value = "-"; VariantName = "[No Variations]"
Add component (AddParameter): Name = "Reuse Block"; Value = ""; VariantName = "[No Variations]"
Add component (AddParameter): Name = "Slew Rate(SR)"; Value = "2.7V/us"; VariantName = "[No Variations]"
Add component (AddParameter): Name = "Supplier"; Value = "LCSC"; VariantName = "[No Variations]"
Add component (AddParameter): Name = "Supplier Footprint"; Value = "SOIC-14"; VariantName = "[No Variations]"
Add component (AddParameter): Name = "SupplierPart"; Value = "C236997"; VariantName = "[No Variations]"
Add component (AddParameter): Name = "Supply Voltage"; Value = "2.7V~5.5V"; VariantName = "[No Variations]"
Add component (AddParameter): Name = "Symbol"; Value = "RS8554XP"; VariantName = "[No Variations]"
Added Component: Designator=U19(SOP-16_L9.9-W3.9-P1.27-LS6.0-BL)
Add component. Clean all parameters for all variants
Add component (AddParameter): Name = "AddInBom"; Value = "yes"; VariantName = "[No Variations]"
Add component (AddParameter): Name = "Channel ID"; Value = ""; VariantName = "[No Variations]"
Add component (AddParameter): Name = "ConvertToPcb"; Value = "yes"; VariantName = "[No Variations]"
Add component (AddParameter): Name = "Datasheet"; Value = "https://atta.szlcsc.com/upload/public/pdf/source/20200402/C507179_EDEF75F06BD662FE8D3145782CF64ACB.pdf"; VariantName = "[No Variations]"
Add component (AddParameter): Name = "Device"; Value = "74HC4052M/TR"; VariantName = "[No Variations]"
Add component (AddParameter): Name = "FootprintName"; Value = "SOP-16_L10.0-W3.9-P1.27-LS6.0-BL"; VariantName = "[No Variations]"
Add component (AddParameter): Name = "Group ID"; Value = ""; VariantName = "[No Variations]"
Add component (AddParameter): Name = "JLCPCB Part Class"; Value = "扩展库"; VariantName = "[No Variations]"
Add component (AddParameter): Name = "LCSC Part Name"; Value = "高速 CMOS 差分 4 通道模拟多路复用器和多路信号分离器"; VariantName = "[No Variations]"
Add component (AddParameter): Name = "Manufacturer"; Value = "HGSEMI(华冠)"; VariantName = "[No Variations]"
Add component (AddParameter): Name = "ManufacturerPart"; Value = "74HC4052M/TR"; VariantName = "[No Variations]"
Add component (AddParameter): Name = "ModelId"; Value = "ed96d47c1e844792b3e705d722a1a1fa"; VariantName = "[No Variations]"
Add component (AddParameter): Name = "ModelName"; Value = "SOP-16_L9.9-W3.9-P1.27-LS6.0-BL"; VariantName = "[No Variations]"
Add component (AddParameter): Name = "ModelTransform"; Value = "389.763,236.22,0,0,0,0,0,0,0"; VariantName = "[No Variations]"
Add component (AddParameter): Name = "Reuse Block"; Value = ""; VariantName = "[No Variations]"
Add component (AddParameter): Name = "Supplier"; Value = "LCSC"; VariantName = "[No Variations]"
Add component (AddParameter): Name = "Supplier Footprint"; Value = "SOP-16"; VariantName = "[No Variations]"
Add component (AddParameter): Name = "SupplierPart"; Value = "C507179"; VariantName = "[No Variations]"
Add component (AddParameter): Name = "SymbolName"; Value = "74HC4052M/TR"; VariantName = "[No Variations]"
Added Component: Designator=U20(SOP-16_L9.9-W3.9-P1.27-LS6.0-BL)
Add component. Clean all parameters for all variants
Add component (AddParameter): Name = "AddInBom"; Value = "yes"; VariantName = "[No Variations]"
Add component (AddParameter): Name = "Channel ID"; Value = ""; VariantName = "[No Variations]"
Add component (AddParameter): Name = "ConvertToPcb"; Value = "yes"; VariantName = "[No Variations]"
Add component (AddParameter): Name = "Datasheet"; Value = "https://atta.szlcsc.com/upload/public/pdf/source/20200402/C507179_EDEF75F06BD662FE8D3145782CF64ACB.pdf"; VariantName = "[No Variations]"
Add component (AddParameter): Name = "Device"; Value = "74HC4052M/TR"; VariantName = "[No Variations]"
Add component (AddParameter): Name = "FootprintName"; Value = "SOP-16_L10.0-W3.9-P1.27-LS6.0-BL"; VariantName = "[No Variations]"
Add component (AddParameter): Name = "Group ID"; Value = ""; VariantName = "[No Variations]"
Add component (AddParameter): Name = "JLCPCB Part Class"; Value = "扩展库"; VariantName = "[No Variations]"
Add component (AddParameter): Name = "LCSC Part Name"; Value = "高速 CMOS 差分 4 通道模拟多路复用器和多路信号分离器"; VariantName = "[No Variations]"
Add component (AddParameter): Name = "Manufacturer"; Value = "HGSEMI(华冠)"; VariantName = "[No Variations]"
Add component (AddParameter): Name = "ManufacturerPart"; Value = "74HC4052M/TR"; VariantName = "[No Variations]"
Add component (AddParameter): Name = "ModelId"; Value = "ed96d47c1e844792b3e705d722a1a1fa"; VariantName = "[No Variations]"
Add component (AddParameter): Name = "ModelName"; Value = "SOP-16_L9.9-W3.9-P1.27-LS6.0-BL"; VariantName = "[No Variations]"
Add component (AddParameter): Name = "ModelTransform"; Value = "389.763,236.22,0,0,0,0,0,0,0"; VariantName = "[No Variations]"
Add component (AddParameter): Name = "Reuse Block"; Value = ""; VariantName = "[No Variations]"
Add component (AddParameter): Name = "Supplier"; Value = "LCSC"; VariantName = "[No Variations]"
Add component (AddParameter): Name = "Supplier Footprint"; Value = "SOP-16"; VariantName = "[No Variations]"
Add component (AddParameter): Name = "SupplierPart"; Value = "C507179"; VariantName = "[No Variations]"
Add component (AddParameter): Name = "SymbolName"; Value = "74HC4052M/TR"; VariantName = "[No Variations]"
Added Component: Designator=USBC1(USB-C_SMD-TYPE-C-31-M-12)
Add component. Clean all parameters for all variants
Add component (AddParameter): Name = "AddInBom"; Value = "yes"; VariantName = "[No Variations]"
Add component (AddParameter): Name = "Channel ID"; Value = ""; VariantName = "[No Variations]"
Add component (AddParameter): Name = "Connector Type"; Value = "Type-C"; VariantName = "[No Variations]"
Add component (AddParameter): Name = "ConvertToPcb"; Value = "yes"; VariantName = "[No Variations]"
Add component (AddParameter): Name = "Current Rating - Power (Max)"; Value = "5A"; VariantName = "[No Variations]"
Add component (AddParameter): Name = "Datasheet"; Value = "https://atta.szlcsc.com/upload/public/pdf/source/20220525/466408E853115E789EDB0DDC29077C05.pdf"; VariantName = "[No Variations]"
Add component (AddParameter): Name = "Device"; Value = "TYPE-C-31-M-12"; VariantName = "[No Variations]"
Add component (AddParameter): Name = "FootprintName"; Value = "USB-C_SMD-TYPE-C-31-M-12"; VariantName = "[No Variations]"
Add component (AddParameter): Name = "Gender"; Value = "母"; VariantName = "[No Variations]"
Add component (AddParameter): Name = "Group ID"; Value = ""; VariantName = "[No Variations]"
Add component (AddParameter): Name = "JLCPCB Part Class"; Value = "扩展库"; VariantName = "[No Variations]"
Add component (AddParameter): Name = "LCSC Part Name"; Value = "Type-C 母"; VariantName = "[No Variations]"
Add component (AddParameter): Name = "Manufacturer"; Value = "韩国韩荣"; VariantName = "[No Variations]"
Add component (AddParameter): Name = "ManufacturerPart"; Value = "TYPE-C-31-M-12"; VariantName = "[No Variations]"
Add component (AddParameter): Name = "ModelId"; Value = "35058e297fd54ee2afd2de30c3ce7155"; VariantName = "[No Variations]"
Add component (AddParameter): Name = "ModelName"; Value = "USB-C_SMD-TYPE-C-31-M-12"; VariantName = "[No Variations]"
Add component (AddParameter): Name = "ModelTransform"; Value = "351.9678,311.023,0,180,0,0,0,-45.041,-39.37"; VariantName = "[No Variations]"
Add component (AddParameter): Name = "Mounting Style"; Value = "-"; VariantName = "[No Variations]"
Add component (AddParameter): Name = "Number of Contacts"; Value = "16P"; VariantName = "[No Variations]"
Add component (AddParameter): Name = "Number of Ports"; Value = "1"; VariantName = "[No Variations]"
Add component (AddParameter): Name = "Operating Temperature Range"; Value = "-"; VariantName = "[No Variations]"
Add component (AddParameter): Name = "Reuse Block"; Value = ""; VariantName = "[No Variations]"
Add component (AddParameter): Name = "Standard"; Value = "-"; VariantName = "[No Variations]"
Add component (AddParameter): Name = "Supplier"; Value = "LCSC"; VariantName = "[No Variations]"
Add component (AddParameter): Name = "Supplier Footprint"; Value = "SMD"; VariantName = "[No Variations]"
Add component (AddParameter): Name = "SupplierPart"; Value = "C165948"; VariantName = "[No Variations]"
Add component (AddParameter): Name = "Symbol"; Value = "TYPE-C-31-M-12"; VariantName = "[No Variations]"
Added Component: Designator=X1(OSC-SMD_4P-L3.2-W2.5-BL)
Add component. Clean all parameters for all variants
Add component (AddParameter): Name = "AddInBom"; Value = "yes"; VariantName = "[No Variations]"
Add component (AddParameter): Name = "Channel ID"; Value = ""; VariantName = "[No Variations]"
Add component (AddParameter): Name = "ConvertToPcb"; Value = "yes"; VariantName = "[No Variations]"
Add component (AddParameter): Name = "Current - Supply"; Value = "5mA"; VariantName = "[No Variations]"
Add component (AddParameter): Name = "Datasheet"; Value = "https://atta.szlcsc.com/upload/public/pdf/source/20240731/596E5F7673E50DA744B7F79F139FB8DF.pdf"; VariantName = "[No Variations]"
Add component (AddParameter): Name = "Device"; Value = "OT322525MJBA4SL"; VariantName = "[No Variations]"
Add component (AddParameter): Name = "FootprintName"; Value = "OSC-SMD_4P-L3.2-W2.5-BL"; VariantName = "[No Variations]"
Add component (AddParameter): Name = "Frequency Stability"; Value = "±20ppm"; VariantName = "[No Variations]"
Add component (AddParameter): Name = "Group ID"; Value = ""; VariantName = "[No Variations]"
Add component (AddParameter): Name = "JLCPCB Part Class"; Value = "扩展库"; VariantName = "[No Variations]"
Add component (AddParameter): Name = "LCSC Part Name"; Value = "25MHz ±10ppm 1.8V~3.3V YSO110TR"; VariantName = "[No Variations]"
Add component (AddParameter): Name = "Manufacturer"; Value = "YXC(扬兴晶振)"; VariantName = "[No Variations]"
Add component (AddParameter): Name = "ManufacturerPart"; Value = "OT322525MJBA4SL"; VariantName = "[No Variations]"
Add component (AddParameter): Name = "ModelId"; Value = "ae22b8d143894765bc8100c37cb6356f"; VariantName = "[No Variations]"
Add component (AddParameter): Name = "ModelName"; Value = "OSC-SMD_4P-L3.2-W2.5-H1.0"; VariantName = "[No Variations]"
Add component (AddParameter): Name = "ModelTransform"; Value = "125.984,98.425,0,0,0,0,0,0,0"; VariantName = "[No Variations]"
Add component (AddParameter): Name = "Normal temperature Frequency Tolerance"; Value = "±10ppm"; VariantName = "[No Variations]"
Add component (AddParameter): Name = "Operating Temperature"; Value = "-40℃~+85℃"; VariantName = "[No Variations]"
Add component (AddParameter): Name = "Output Type"; Value = "CMOS"; VariantName = "[No Variations]"
Add component (AddParameter): Name = "Reuse Block"; Value = ""; VariantName = "[No Variations]"
Add component (AddParameter): Name = "Supplier"; Value = "LCSC"; VariantName = "[No Variations]"
Add component (AddParameter): Name = "Supplier Footprint"; Value = "SMD3225-4P"; VariantName = "[No Variations]"
Add component (AddParameter): Name = "SupplierPart"; Value = "C669088"; VariantName = "[No Variations]"
Add component (AddParameter): Name = "Symbol"; Value = "OT322525MJBA4SL"; VariantName = "[No Variations]"
Add component (AddParameter): Name = "Value"; Value = "25MHz"; VariantName = "[No Variations]"
Add component (AddParameter): Name = "Voltage - Supply"; Value = "1.8V~3.3V"; VariantName = "[No Variations]"
Added Component: Designator=X2(CRYSTAL-SMD_L11.5-W4.8-LS12.7)
Add component. Clean all parameters for all variants
Add component (AddParameter): Name = "AddInBom"; Value = "yes"; VariantName = "[No Variations]"
Add component (AddParameter): Name = "Channel ID"; Value = ""; VariantName = "[No Variations]"
Add component (AddParameter): Name = "ConvertToPcb"; Value = "yes"; VariantName = "[No Variations]"
Add component (AddParameter): Name = "Crystal Type"; Value = "贴片晶振"; VariantName = "[No Variations]"
Add component (AddParameter): Name = "Datasheet"; Value = "https://atta.szlcsc.com/upload/public/pdf/source/20240329/3EBF42EBCAB50CA65B6FA9D7CFA1955A.pdf"; VariantName = "[No Variations]"
Add component (AddParameter): Name = "Device"; Value = "X49SM8MSD2SC"; VariantName = "[No Variations]"
Add component (AddParameter): Name = "External load capacitor"; Value = "20pF"; VariantName = "[No Variations]"
Add component (AddParameter): Name = "FootprintName"; Value = "CRYSTAL-SMD_L11.5-W4.8-LS12.7"; VariantName = "[No Variations]"
Add component (AddParameter): Name = "Frequency Stability(Full temperature range)"; Value = "±30ppm"; VariantName = "[No Variations]"
Add component (AddParameter): Name = "Group ID"; Value = ""; VariantName = "[No Variations]"
Add component (AddParameter): Name = "JLCPCB Part Class"; Value = "基础库"; VariantName = "[No Variations]"
Add component (AddParameter): Name = "LCSC Part Name"; Value = "8MHz ±20ppm 20pF"; VariantName = "[No Variations]"
Add component (AddParameter): Name = "Manufacturer"; Value = "YXC(扬兴晶振)"; VariantName = "[No Variations]"
Add component (AddParameter): Name = "ManufacturerPart"; Value = "X49SM8MSD2SC"; VariantName = "[No Variations]"
Add component (AddParameter): Name = "ModelId"; Value = "6f569b91267b44029b8615eb5c810fba"; VariantName = "[No Variations]"
Add component (AddParameter): Name = "ModelName"; Value = "HC-49S_L11.4-W1.8-H3.0-LS12.7"; VariantName = "[No Variations]"
Add component (AddParameter): Name = "ModelTransform"; Value = "499.999,188.976,0,180,0,0,0.002,-0.002,0"; VariantName = "[No Variations]"
Add component (AddParameter): Name = "Normal temperature Frequency Tolerance"; Value = "±20ppm"; VariantName = "[No Variations]"
Add component (AddParameter): Name = "Operating Temperature"; Value = "-20℃~+70℃"; VariantName = "[No Variations]"
Add component (AddParameter): Name = "Reuse Block"; Value = ""; VariantName = "[No Variations]"
Add component (AddParameter): Name = "Supplier"; Value = "LCSC"; VariantName = "[No Variations]"
Add component (AddParameter): Name = "Supplier Footprint"; Value = "HC-49S-SMD"; VariantName = "[No Variations]"
Add component (AddParameter): Name = "Supplier Part"; Value = ""; VariantName = "[No Variations]"
Add component (AddParameter): Name = "Symbol"; Value = "X49SM8MSD2SC"; VariantName = "[No Variations]"
Add component (AddParameter): Name = "Value"; Value = "24MHz"; VariantName = "[No Variations]"
Added Pin To Net: NetName=+1.4V_VREF Pin=R36-2
Added Pin To Net: NetName=+1.4V_VREF Pin=R49-2
Added Net: Name=+1.4V_VREF
Added Pin To Net: NetName=+2.8V_VREF Pin=C17-1
Added Pin To Net: NetName=+2.8V_VREF Pin=C18-1
Added Pin To Net: NetName=+2.8V_VREF Pin=C19-1
Added Pin To Net: NetName=+2.8V_VREF Pin=L2-2
Added Pin To Net: NetName=+2.8V_VREF Pin=U4-16
Added Net: Name=+2.8V_VREF
Added Pin To Net: NetName=+5V_MCU Pin=BUZZER1-1
Added Pin To Net: NetName=+5V_MCU Pin=C8-2
Added Pin To Net: NetName=+5V_MCU Pin=C12-2
Added Pin To Net: NetName=+5V_MCU Pin=C35-2
Added Pin To Net: NetName=+5V_MCU Pin=CE5-1
Added Pin To Net: NetName=+5V_MCU Pin=H1-2
Added Pin To Net: NetName=+5V_MCU Pin=L1-1
Added Pin To Net: NetName=+5V_MCU Pin=P1-2
Added Pin To Net: NetName=+5V_MCU Pin=Q1-3
Added Pin To Net: NetName=+5V_MCU Pin=R11-2
Added Pin To Net: NetName=+5V_MCU Pin=R12-1
Added Pin To Net: NetName=+5V_MCU Pin=R20-1
Added Pin To Net: NetName=+5V_MCU Pin=R21-1
Added Pin To Net: NetName=+5V_MCU Pin=R22-1
Added Pin To Net: NetName=+5V_MCU Pin=U4-15
Added Pin To Net: NetName=+5V_MCU Pin=U7-1
Added Pin To Net: NetName=+5V_MCU Pin=U7-3
Added Pin To Net: NetName=+5V_MCU Pin=X1-4
Added Net: Name=+5V_MCU
Added Pin To Net: NetName=+5V Pin=C22-2
Added Pin To Net: NetName=+5V Pin=D3-1
Added Pin To Net: NetName=+5V Pin=Q1-2
Added Pin To Net: NetName=+5V Pin=Q3-2
Added Pin To Net: NetName=+5V Pin=R18-2
Added Pin To Net: NetName=+5V Pin=SW6-1
Added Pin To Net: NetName=+5V Pin=U5-5
Added Pin To Net: NetName=+5V Pin=U15-1
Added Net: Name=+5V
Added Pin To Net: NetName=+A2.8V Pin=C20-1
Added Pin To Net: NetName=+A2.8V Pin=C27-2
Added Pin To Net: NetName=+A2.8V Pin=C28-2
Added Pin To Net: NetName=+A2.8V Pin=C29-2
Added Pin To Net: NetName=+A2.8V Pin=C30-2
Added Pin To Net: NetName=+A2.8V Pin=C36-2
Added Pin To Net: NetName=+A2.8V Pin=C39-2
Added Pin To Net: NetName=+A2.8V Pin=CE2-1
Added Pin To Net: NetName=+A2.8V Pin=CE3-1
Added Pin To Net: NetName=+A2.8V Pin=D4-2
Added Pin To Net: NetName=+A2.8V Pin=D5-2
Added Pin To Net: NetName=+A2.8V Pin=L2-1
Added Pin To Net: NetName=+A2.8V Pin=L4-2
Added Pin To Net: NetName=+A2.8V Pin=L7-2
Added Pin To Net: NetName=+A2.8V Pin=L8-2
Added Pin To Net: NetName=+A2.8V Pin=L11-1
Added Pin To Net: NetName=+A2.8V Pin=R29-1
Added Pin To Net: NetName=+A2.8V Pin=U7-5
Added Pin To Net: NetName=+A2.8V Pin=U8-2
Added Pin To Net: NetName=+A2.8V Pin=U8-5
Added Pin To Net: NetName=+A2.8V Pin=U12-16
Added Pin To Net: NetName=+A2.8V Pin=U14-16
Added Pin To Net: NetName=+A2.8V Pin=U16-16
Added Pin To Net: NetName=+A2.8V Pin=U19-16
Added Pin To Net: NetName=+A2.8V Pin=U20-16
Added Net: Name=+A2.8V
Added Pin To Net: NetName=-A2.8V Pin=C31-2
Added Pin To Net: NetName=-A2.8V Pin=C32-2
Added Pin To Net: NetName=-A2.8V Pin=C33-2
Added Pin To Net: NetName=-A2.8V Pin=C34-2
Added Pin To Net: NetName=-A2.8V Pin=C37-2
Added Pin To Net: NetName=-A2.8V Pin=CE4-1
Added Pin To Net: NetName=-A2.8V Pin=D4-1
Added Pin To Net: NetName=-A2.8V Pin=D5-1
Added Pin To Net: NetName=-A2.8V Pin=L5-2
Added Pin To Net: NetName=-A2.8V Pin=L6-1
Added Pin To Net: NetName=-A2.8V Pin=L9-1
Added Pin To Net: NetName=-A2.8V Pin=L10-2
Added Pin To Net: NetName=-A2.8V Pin=U8-1
Added Pin To Net: NetName=-A2.8V Pin=U12-7
Added Pin To Net: NetName=-A2.8V Pin=U14-7
Added Pin To Net: NetName=-A2.8V Pin=U16-7
Added Pin To Net: NetName=-A2.8V Pin=U19-7
Added Pin To Net: NetName=-A2.8V Pin=U20-7
Added Net: Name=-A2.8V
Added Pin To Net: NetName=0ANGLE_SW Pin=U4-33
Added Pin To Net: NetName=0ANGLE_SW Pin=U15-2
Added Net: Name=0ANGLE_SW
Added Pin To Net: NetName=52_S0_DDS Pin=U2-10
Added Pin To Net: NetName=52_S0_DDS Pin=U4-39
Added Net: Name=52_S0_DDS
Added Pin To Net: NetName=52_S0_FIL Pin=U4-41
Added Pin To Net: NetName=52_S0_FIL Pin=U19-10
Added Net: Name=52_S0_FIL
Added Pin To Net: NetName=52_S0_G Pin=U4-25
Added Pin To Net: NetName=52_S0_G Pin=U16-10
Added Net: Name=52_S0_G
Added Pin To Net: NetName=52_S1_DDS Pin=U2-9
Added Pin To Net: NetName=52_S1_DDS Pin=U4-40
Added Net: Name=52_S1_DDS
Added Pin To Net: NetName=52_S1_FIL Pin=U4-42
Added Pin To Net: NetName=52_S1_FIL Pin=U19-9
Added Net: Name=52_S1_FIL
Added Pin To Net: NetName=52_S1_G Pin=U4-24
Added Pin To Net: NetName=52_S1_G Pin=U16-9
Added Net: Name=52_S1_G
Added Pin To Net: NetName=53_S1_IO Pin=U4-37
Added Pin To Net: NetName=53_S1_IO Pin=U12-11
Added Net: Name=53_S1_IO
Added Pin To Net: NetName=53_S3_IO Pin=U4-32
Added Pin To Net: NetName=53_S3_IO Pin=U12-9
Added Net: Name=53_S3_IO
Added Pin To Net: NetName=90ANGLE_SW Pin=U4-35
Added Pin To Net: NetName=90ANGLE_SW Pin=U15-4
Added Net: Name=90ANGLE_SW
Added Pin To Net: NetName=ADC_OUT Pin=C55-1
Added Pin To Net: NetName=ADC_OUT Pin=C57-1
Added Pin To Net: NetName=ADC_OUT Pin=H3-1
Added Pin To Net: NetName=ADC_OUT Pin=R48-2
Added Pin To Net: NetName=ADC_OUT Pin=U4-46
Added Net: Name=ADC_OUT
Added Pin To Net: NetName=ADC_VBAT Pin=C40-2
Added Pin To Net: NetName=ADC_VBAT Pin=R28-1
Added Pin To Net: NetName=ADC_VBAT Pin=R32-2
Added Pin To Net: NetName=ADC_VBAT Pin=U4-47
Added Net: Name=ADC_VBAT
Added Pin To Net: NetName=AGND Pin=C1-1
Added Pin To Net: NetName=AGND Pin=C2-2
Added Pin To Net: NetName=AGND Pin=C4-1
Added Pin To Net: NetName=AGND Pin=C6-1
Added Pin To Net: NetName=AGND Pin=C7-1
Added Pin To Net: NetName=AGND Pin=C9-1
Added Pin To Net: NetName=AGND Pin=C10-1
Added Pin To Net: NetName=AGND Pin=C27-1
Added Pin To Net: NetName=AGND Pin=C28-1
Added Pin To Net: NetName=AGND Pin=C29-1
Added Pin To Net: NetName=AGND Pin=C30-1
Added Pin To Net: NetName=AGND Pin=C31-1
Added Pin To Net: NetName=AGND Pin=C32-1
Added Pin To Net: NetName=AGND Pin=C33-1
Added Pin To Net: NetName=AGND Pin=C34-1
Added Pin To Net: NetName=AGND Pin=C35-1
Added Pin To Net: NetName=AGND Pin=C36-1
Added Pin To Net: NetName=AGND Pin=C37-1
Added Pin To Net: NetName=AGND Pin=C38-1
Added Pin To Net: NetName=AGND Pin=C39-1
Added Pin To Net: NetName=AGND Pin=C41-2
Added Pin To Net: NetName=AGND Pin=C47-2
Added Pin To Net: NetName=AGND Pin=C48-2
Added Pin To Net: NetName=AGND Pin=C49-2
Added Pin To Net: NetName=AGND Pin=C50-2
Added Pin To Net: NetName=AGND Pin=C52-1
Added Pin To Net: NetName=AGND Pin=C53-2
Added Pin To Net: NetName=AGND Pin=C54-2
Added Pin To Net: NetName=AGND Pin=C55-2
Added Pin To Net: NetName=AGND Pin=C61-2
Added Pin To Net: NetName=AGND Pin=C63-2
Added Pin To Net: NetName=AGND Pin=C64-2
Added Pin To Net: NetName=AGND Pin=C71-2
Added Pin To Net: NetName=AGND Pin=C74-2
Added Pin To Net: NetName=AGND Pin=C76-1
Added Pin To Net: NetName=AGND Pin=C77-1
Added Pin To Net: NetName=AGND Pin=C78-1
Added Pin To Net: NetName=AGND Pin=C79-1
Added Pin To Net: NetName=AGND Pin=C80-2
Added Pin To Net: NetName=AGND Pin=CE2-2
Added Pin To Net: NetName=AGND Pin=CE3-2
Added Pin To Net: NetName=AGND Pin=CE4-2
Added Pin To Net: NetName=AGND Pin=CE5-2
Added Pin To Net: NetName=AGND Pin=H2-3
Added Pin To Net: NetName=AGND Pin=H3-2
Added Pin To Net: NetName=AGND Pin=H4-1
Added Pin To Net: NetName=AGND Pin=P1-1
Added Pin To Net: NetName=AGND Pin=Q6-2
Added Pin To Net: NetName=AGND Pin=Q7-2
Added Pin To Net: NetName=AGND Pin=R9-2
Added Pin To Net: NetName=AGND Pin=R31-2
Added Pin To Net: NetName=AGND Pin=R37-2
Added Pin To Net: NetName=AGND Pin=R40-1
Added Pin To Net: NetName=AGND Pin=R41-2
Added Pin To Net: NetName=AGND Pin=R50-2
Added Pin To Net: NetName=AGND Pin=R61-2
Added Pin To Net: NetName=AGND Pin=R66-2
Added Pin To Net: NetName=AGND Pin=R70-1
Added Pin To Net: NetName=AGND Pin=R71-2
Added Pin To Net: NetName=AGND Pin=R75-2
Added Pin To Net: NetName=AGND Pin=R76-1
Added Pin To Net: NetName=AGND Pin=R83-2
Added Pin To Net: NetName=AGND Pin=R85-2
Added Pin To Net: NetName=AGND Pin=R86-1
Added Pin To Net: NetName=AGND Pin=R87-1
Added Pin To Net: NetName=AGND Pin=R88-1
Added Pin To Net: NetName=AGND Pin=R89-1
Added Pin To Net: NetName=AGND Pin=R90-1
Added Pin To Net: NetName=AGND Pin=R91-1
Added Pin To Net: NetName=AGND Pin=R97-2
Added Pin To Net: NetName=AGND Pin=U1-4
Added Pin To Net: NetName=AGND Pin=U2-6
Added Pin To Net: NetName=AGND Pin=U2-7
Added Pin To Net: NetName=AGND Pin=U2-8
Added Pin To Net: NetName=AGND Pin=U3-9
Added Pin To Net: NetName=AGND Pin=U7-2
Added Pin To Net: NetName=AGND Pin=U8-4
Added Pin To Net: NetName=AGND Pin=U12-2
Added Pin To Net: NetName=AGND Pin=U12-6
Added Pin To Net: NetName=AGND Pin=U12-8
Added Pin To Net: NetName=AGND Pin=U13-2
Added Pin To Net: NetName=AGND Pin=U14-6
Added Pin To Net: NetName=AGND Pin=U14-8
Added Pin To Net: NetName=AGND Pin=U16-6
Added Pin To Net: NetName=AGND Pin=U16-8
Added Pin To Net: NetName=AGND Pin=U19-6
Added Pin To Net: NetName=AGND Pin=U19-8
Added Pin To Net: NetName=AGND Pin=U20-6
Added Pin To Net: NetName=AGND Pin=U20-8
Added Net: Name=AGND
Added Pin To Net: NetName=BUZZER Pin=R17-1
Added Pin To Net: NetName=BUZZER Pin=U4-22
Added Net: Name=BUZZER
Added Pin To Net: NetName=CHRG Pin=LED5-1
Added Pin To Net: NetName=CHRG Pin=U4-30
Added Pin To Net: NetName=CHRG Pin=U6-7
Added Net: Name=CHRG
Added Pin To Net: NetName=D+ Pin=U5-1
Added Pin To Net: NetName=D+ Pin=USBC1-A6
Added Pin To Net: NetName=D+ Pin=USBC1-B6
Added Net: Name=D+
Added Pin To Net: NetName=D- Pin=U5-2
Added Pin To Net: NetName=D- Pin=USBC1-A7
Added Pin To Net: NetName=D- Pin=USBC1-B7
Added Net: Name=D-
Added Pin To Net: NetName=DDS_5V Pin=C2-1
Added Pin To Net: NetName=DDS_5V Pin=C5-1
Added Pin To Net: NetName=DDS_5V Pin=C7-2
Added Pin To Net: NetName=DDS_5V Pin=C9-2
Added Pin To Net: NetName=DDS_5V Pin=C10-2
Added Pin To Net: NetName=DDS_5V Pin=L1-2
Added Pin To Net: NetName=DDS_5V Pin=R10-1
Added Pin To Net: NetName=DDS_5V Pin=U1-8
Added Pin To Net: NetName=DDS_5V Pin=U2-16
Added Pin To Net: NetName=DDS_5V Pin=U3-2
Added Net: Name=DDS_5V
Added Pin To Net: NetName=DDS_SIGN Pin=C3-1
Added Pin To Net: NetName=DDS_SIGN Pin=C6-2
Added Pin To Net: NetName=DDS_SIGN Pin=U3-10
Added Net: Name=DDS_SIGN
Added Pin To Net: NetName=DDS_VOUT Pin=R43-2
Added Pin To Net: NetName=DDS_VOUT Pin=U1-6
Added Pin To Net: NetName=DDS_VOUT Pin=U1-7
Added Net: Name=DDS_VOUT
Added Pin To Net: NetName=FSYNC Pin=U3-8
Added Pin To Net: NetName=FSYNC Pin=U4-26
Added Net: Name=FSYNC
Added Pin To Net: NetName=GND Pin=C8-1
Added Pin To Net: NetName=GND Pin=C11-1
Added Pin To Net: NetName=GND Pin=C12-1
Added Pin To Net: NetName=GND Pin=C13-1
Added Pin To Net: NetName=GND Pin=C14-1
Added Pin To Net: NetName=GND Pin=C15-2
Added Pin To Net: NetName=GND Pin=C16-2
Added Pin To Net: NetName=GND Pin=C17-2
Added Pin To Net: NetName=GND Pin=C18-2
Added Pin To Net: NetName=GND Pin=C19-2
Added Pin To Net: NetName=GND Pin=C20-2
Added Pin To Net: NetName=GND Pin=C21-1
Added Pin To Net: NetName=GND Pin=C22-1
Added Pin To Net: NetName=GND Pin=H1-1
Added Pin To Net: NetName=GND Pin=LED1-1
Added Pin To Net: NetName=GND Pin=LED2-1
Added Pin To Net: NetName=GND Pin=LED3-1
Added Pin To Net: NetName=GND Pin=LED4-1
Added Pin To Net: NetName=GND Pin=Q2-2
Added Pin To Net: NetName=GND Pin=Q5-2
Added Pin To Net: NetName=GND Pin=R23-1
Added Pin To Net: NetName=GND Pin=R37-1
Added Pin To Net: NetName=GND Pin=R38-2
Added Pin To Net: NetName=GND Pin=R57-1
Added Pin To Net: NetName=GND Pin=SW1-2
Added Pin To Net: NetName=GND Pin=SW2-3
Added Pin To Net: NetName=GND Pin=SW2-4
Added Pin To Net: NetName=GND Pin=SW3-3
Added Pin To Net: NetName=GND Pin=SW3-4
Added Pin To Net: NetName=GND Pin=SW4-3
Added Pin To Net: NetName=GND Pin=SW4-4
Added Pin To Net: NetName=GND Pin=SW5-3
Added Pin To Net: NetName=GND Pin=SW5-4
Added Pin To Net: NetName=GND Pin=U3-4
Added Pin To Net: NetName=GND Pin=U4-17
Added Pin To Net: NetName=GND Pin=U5-3
Added Pin To Net: NetName=GND Pin=X1-2
Added Net: Name=GND
Added Pin To Net: NetName=I_SIGE1 Pin=H2-1
Added Pin To Net: NetName=I_SIGE1 Pin=R99-1
Added Pin To Net: NetName=I_SIGE1 Pin=U12-5
Added Net: Name=I_SIGE1
Added Pin To Net: NetName=IO1 Pin=R59-2
Added Pin To Net: NetName=IO1 Pin=R60-1
Added Pin To Net: NetName=IO1 Pin=U4-27
Added Net: Name=IO1
Added Pin To Net: NetName=IO2 Pin=R51-1
Added Pin To Net: NetName=IO2 Pin=U4-9
Added Net: Name=IO2
Added Pin To Net: NetName=IR_S0 Pin=U4-7
Added Pin To Net: NetName=IR_S0 Pin=U20-10
Added Net: Name=IR_S0
Added Pin To Net: NetName=IR_S1 Pin=U4-8
Added Pin To Net: NetName=IR_S1 Pin=U20-9
Added Net: Name=IR_S1
Added Pin To Net: NetName=KEY1 Pin=SW2-1
Added Pin To Net: NetName=KEY1 Pin=U4-4
Added Net: Name=KEY1
Added Pin To Net: NetName=KEY2 Pin=SW3-1
Added Pin To Net: NetName=KEY2 Pin=U4-3
Added Net: Name=KEY2
Added Pin To Net: NetName=KEY3 Pin=SW4-1
Added Pin To Net: NetName=KEY3 Pin=U3-5
Added Pin To Net: NetName=KEY3 Pin=U4-2
Added Pin To Net: NetName=KEY3 Pin=X1-3
Added Net: Name=KEY3
Added Pin To Net: NetName=KEY4 Pin=SW5-1
Added Pin To Net: NetName=KEY4 Pin=U4-1
Added Net: Name=KEY4
Added Pin To Net: NetName=LED1 Pin=R13-1
Added Pin To Net: NetName=LED1 Pin=R56-2
Added Pin To Net: NetName=LED1 Pin=U4-45
Added Net: Name=LED1
Added Pin To Net: NetName=LED2 Pin=R16-1
Added Pin To Net: NetName=LED2 Pin=U4-44
Added Net: Name=LED2
Added Pin To Net: NetName=LED3 Pin=R19-1
Added Pin To Net: NetName=LED3 Pin=U4-43
Added Net: Name=LED3
Added Pin To Net: NetName=NetBUZZER1_2 Pin=BUZZER1-2
Added Pin To Net: NetName=NetBUZZER1_2 Pin=Q2-3
Added Net: Name=NetBUZZER1_2
Added Pin To Net: NetName=NetC1_2 Pin=C1-2
Added Pin To Net: NetName=NetC1_2 Pin=R1-1
Added Net: Name=NetC1_2
Added Pin To Net: NetName=NetC3_2 Pin=C3-2
Added Pin To Net: NetName=NetC3_2 Pin=U2-3
Added Net: Name=NetC3_2
Added Pin To Net: NetName=NetC4_2 Pin=C4-2
Added Pin To Net: NetName=NetC4_2 Pin=R3-2
Added Pin To Net: NetName=NetC4_2 Pin=U1-5
Added Net: Name=NetC4_2
Added Pin To Net: NetName=NetC5_2 Pin=C5-2
Added Pin To Net: NetName=NetC5_2 Pin=U3-1
Added Net: Name=NetC5_2
Added Pin To Net: NetName=NetC11_2 Pin=C11-2
Added Pin To Net: NetName=NetC11_2 Pin=U3-3
Added Net: Name=NetC11_2
Added Pin To Net: NetName=NetC16_1 Pin=C16-1
Added Pin To Net: NetName=NetC16_1 Pin=U4-13
Added Net: Name=NetC16_1
Added Pin To Net: NetName=NetC21_2 Pin=C21-2
Added Pin To Net: NetName=NetC21_2 Pin=U5-8
Added Net: Name=NetC21_2
Added Pin To Net: NetName=NetC23_1 Pin=C23-1
Added Pin To Net: NetName=NetC23_1 Pin=U5-4
Added Net: Name=NetC23_1
Added Pin To Net: NetName=NetC23_2 Pin=C23-2
Added Pin To Net: NetName=NetC23_2 Pin=Q3-1
Added Pin To Net: NetName=NetC23_2 Pin=R18-1
Added Net: Name=NetC23_2
Added Pin To Net: NetName=NetC38_2 Pin=C38-2
Added Pin To Net: NetName=NetC38_2 Pin=U7-4
Added Net: Name=NetC38_2
Added Pin To Net: NetName=NetC41_1 Pin=C41-1
Added Pin To Net: NetName=NetC41_1 Pin=L4-1
Added Pin To Net: NetName=NetC41_1 Pin=R35-2
Added Net: Name=NetC41_1
Added Pin To Net: NetName=NetC47_1 Pin=C47-1
Added Pin To Net: NetName=NetC47_1 Pin=R35-1
Added Pin To Net: NetName=NetC47_1 Pin=R40-2
Added Pin To Net: NetName=NetC47_1 Pin=U9-5
Added Net: Name=NetC47_1
Added Pin To Net: NetName=NetC48_1 Pin=C48-1
Added Pin To Net: NetName=NetC48_1 Pin=L5-1
Added Net: Name=NetC48_1
Added Pin To Net: NetName=NetC49_1 Pin=C49-1
Added Pin To Net: NetName=NetC49_1 Pin=L6-2
Added Pin To Net: NetName=NetC49_1 Pin=U11-11
Added Net: Name=NetC49_1
Added Pin To Net: NetName=NetC50_1 Pin=C50-1
Added Pin To Net: NetName=NetC50_1 Pin=C51-2
Added Pin To Net: NetName=NetC50_1 Pin=R43-1
Added Net: Name=NetC50_1
Added Pin To Net: NetName=NetC51_1 Pin=C51-1
Added Pin To Net: NetName=NetC51_1 Pin=R41-1
Added Pin To Net: NetName=NetC51_1 Pin=R42-2
Added Net: Name=NetC51_1
Added Pin To Net: NetName=NetC52_2 Pin=C52-2
Added Pin To Net: NetName=NetC52_2 Pin=L7-1
Added Pin To Net: NetName=NetC52_2 Pin=U11-4
Added Net: Name=NetC52_2
Added Pin To Net: NetName=NetC53_1 Pin=C53-1
Added Pin To Net: NetName=NetC53_1 Pin=C56-1
Added Pin To Net: NetName=NetC53_1 Pin=R46-1
Added Pin To Net: NetName=NetC53_1 Pin=R47-2
Added Net: Name=NetC53_1
Added Pin To Net: NetName=NetC54_1 Pin=C54-1
Added Pin To Net: NetName=NetC54_1 Pin=R47-1
Added Pin To Net: NetName=NetC54_1 Pin=U9-10
Added Net: Name=NetC54_1
Added Pin To Net: NetName=NetC56_2 Pin=C56-2
Added Pin To Net: NetName=NetC56_2 Pin=Q6-3
Added Net: Name=NetC56_2
Added Pin To Net: NetName=NetC57_2 Pin=C57-2
Added Pin To Net: NetName=NetC57_2 Pin=Q7-3
Added Net: Name=NetC57_2
Added Pin To Net: NetName=NetC58_1 Pin=C58-1
Added Pin To Net: NetName=NetC58_1 Pin=C60-1
Added Pin To Net: NetName=NetC58_1 Pin=R63-2
Added Pin To Net: NetName=NetC58_1 Pin=U11-8
Added Net: Name=NetC58_1
Added Pin To Net: NetName=NetC58_2 Pin=C58-2
Added Pin To Net: NetName=NetC58_2 Pin=R63-1
Added Pin To Net: NetName=NetC58_2 Pin=R65-2
Added Pin To Net: NetName=NetC58_2 Pin=U11-9
Added Net: Name=NetC58_2
Added Pin To Net: NetName=NetC59_1 Pin=C59-1
Added Pin To Net: NetName=NetC59_1 Pin=H4-4
Added Pin To Net: NetName=NetC59_1 Pin=R62-1
Added Net: Name=NetC59_1
Added Pin To Net: NetName=NetC59_2 Pin=C59-2
Added Pin To Net: NetName=NetC59_2 Pin=R61-1
Added Pin To Net: NetName=NetC59_2 Pin=R64-1
Added Net: Name=NetC59_2
Added Pin To Net: NetName=NetC60_2 Pin=C60-2
Added Pin To Net: NetName=NetC60_2 Pin=R67-2
Added Net: Name=NetC60_2
Added Pin To Net: NetName=NetC61_1 Pin=C61-1
Added Pin To Net: NetName=NetC61_1 Pin=L8-1
Added Pin To Net: NetName=NetC61_1 Pin=U17-8
Added Net: Name=NetC61_1
Added Pin To Net: NetName=NetC62_1 Pin=C62-1
Added Pin To Net: NetName=NetC62_1 Pin=D5-3
Added Pin To Net: NetName=NetC62_1 Pin=H4-3
Added Pin To Net: NetName=NetC62_1 Pin=R72-2
Added Net: Name=NetC62_1
Added Pin To Net: NetName=NetC62_2 Pin=C62-2
Added Pin To Net: NetName=NetC62_2 Pin=R66-1
Added Pin To Net: NetName=NetC62_2 Pin=R69-1
Added Net: Name=NetC62_2
Added Pin To Net: NetName=NetC63_1 Pin=C63-1
Added Pin To Net: NetName=NetC63_1 Pin=L9-2
Added Pin To Net: NetName=NetC63_1 Pin=U18-11
Added Net: Name=NetC63_1
Added Pin To Net: NetName=NetC64_1 Pin=C64-1
Added Pin To Net: NetName=NetC64_1 Pin=R68-2
Added Pin To Net: NetName=NetC64_1 Pin=R70-2
Added Pin To Net: NetName=NetC64_1 Pin=U11-10
Added Net: Name=NetC64_1
Added Pin To Net: NetName=NetC65_2 Pin=C65-2
Added Pin To Net: NetName=NetC65_2 Pin=R76-2
Added Pin To Net: NetName=NetC65_2 Pin=U17-3
Added Net: Name=NetC65_2
Added Pin To Net: NetName=NetC66_1 Pin=C66-1
Added Pin To Net: NetName=NetC66_1 Pin=R78-2
Added Net: Name=NetC66_1
Added Pin To Net: NetName=NetC66_2 Pin=C66-2
Added Pin To Net: NetName=NetC66_2 Pin=C67-2
Added Pin To Net: NetName=NetC66_2 Pin=C68-2
Added Pin To Net: NetName=NetC66_2 Pin=C69-2
Added Pin To Net: NetName=NetC66_2 Pin=U17-1
Added Pin To Net: NetName=NetC66_2 Pin=U17-2
Added Net: Name=NetC66_2
Added Pin To Net: NetName=NetC67_1 Pin=C67-1
Added Pin To Net: NetName=NetC67_1 Pin=R79-2
Added Net: Name=NetC67_1
Added Pin To Net: NetName=NetC68_1 Pin=C68-1
Added Pin To Net: NetName=NetC68_1 Pin=R80-2
Added Net: Name=NetC68_1
Added Pin To Net: NetName=NetC69_1 Pin=C69-1
Added Pin To Net: NetName=NetC69_1 Pin=R81-2
Added Net: Name=NetC69_1
Added Pin To Net: NetName=NetC70_2 Pin=C70-2
Added Pin To Net: NetName=NetC70_2 Pin=U16-13
Added Pin To Net: NetName=NetC70_2 Pin=U17-6
Added Net: Name=NetC70_2
Added Pin To Net: NetName=NetC71_1 Pin=C71-1
Added Pin To Net: NetName=NetC71_1 Pin=L10-1
Added Pin To Net: NetName=NetC71_1 Pin=U17-4
Added Net: Name=NetC71_1
Added Pin To Net: NetName=NetC73_1 Pin=C73-1
Added Pin To Net: NetName=NetC73_1 Pin=R84-2
Added Pin To Net: NetName=NetC73_1 Pin=R86-2
Added Net: Name=NetC73_1
Added Pin To Net: NetName=NetC73_2 Pin=C73-2
Added Pin To Net: NetName=NetC73_2 Pin=U19-13
Added Net: Name=NetC73_2
Added Pin To Net: NetName=NetC74_1 Pin=C74-1
Added Pin To Net: NetName=NetC74_1 Pin=L11-2
Added Pin To Net: NetName=NetC74_1 Pin=U18-4
Added Net: Name=NetC74_1
Added Pin To Net: NetName=NetC75_1 Pin=C75-1
Added Pin To Net: NetName=NetC75_1 Pin=C83-1
Added Pin To Net: NetName=NetC75_1 Pin=H4-2
Added Pin To Net: NetName=NetC75_1 Pin=R72-1
Added Pin To Net: NetName=NetC75_1 Pin=R82-1
Added Pin To Net: NetName=NetC75_1 Pin=R92-1
Added Pin To Net: NetName=NetC75_1 Pin=R94-1
Added Pin To Net: NetName=NetC75_1 Pin=R95-1
Added Pin To Net: NetName=NetC75_1 Pin=R98-1
Added Net: Name=NetC75_1
Added Pin To Net: NetName=NetC75_2 Pin=C75-2
Added Pin To Net: NetName=NetC75_2 Pin=U18-1
Added Pin To Net: NetName=NetC75_2 Pin=U20-3
Added Net: Name=NetC75_2
Added Pin To Net: NetName=NetC76_2 Pin=C76-2
Added Pin To Net: NetName=NetC76_2 Pin=R78-1
Added Pin To Net: NetName=NetC76_2 Pin=R87-2
Added Pin To Net: NetName=NetC76_2 Pin=U19-12
Added Net: Name=NetC76_2
Added Pin To Net: NetName=NetC77_2 Pin=C77-2
Added Pin To Net: NetName=NetC77_2 Pin=R79-1
Added Pin To Net: NetName=NetC77_2 Pin=R88-2
Added Pin To Net: NetName=NetC77_2 Pin=U19-14
Added Net: Name=NetC77_2
Added Pin To Net: NetName=NetC78_2 Pin=C78-2
Added Pin To Net: NetName=NetC78_2 Pin=R80-1
Added Pin To Net: NetName=NetC78_2 Pin=R89-2
Added Pin To Net: NetName=NetC78_2 Pin=U19-15
Added Net: Name=NetC78_2
Added Pin To Net: NetName=NetC79_2 Pin=C79-2
Added Pin To Net: NetName=NetC79_2 Pin=R81-1
Added Pin To Net: NetName=NetC79_2 Pin=R90-2
Added Pin To Net: NetName=NetC79_2 Pin=U19-11
Added Net: Name=NetC79_2
Added Pin To Net: NetName=NetC80_1 Pin=C80-1
Added Pin To Net: NetName=NetC80_1 Pin=R91-2
Added Pin To Net: NetName=NetC80_1 Pin=R96-2
Added Pin To Net: NetName=NetC80_1 Pin=U18-10
Added Net: Name=NetC80_1
Added Pin To Net: NetName=NetC81_1 Pin=C81-1
Added Pin To Net: NetName=NetC81_1 Pin=U20-13
Added Net: Name=NetC81_1
Added Pin To Net: NetName=NetC81_2 Pin=C81-2
Added Pin To Net: NetName=NetC81_2 Pin=R83-1
Added Pin To Net: NetName=NetC81_2 Pin=R93-1
Added Net: Name=NetC81_2
Added Pin To Net: NetName=NetC82_1 Pin=C82-1
Added Pin To Net: NetName=NetC82_1 Pin=C84-2
Added Pin To Net: NetName=NetC82_1 Pin=R101-1
Added Pin To Net: NetName=NetC82_1 Pin=U18-8
Added Net: Name=NetC82_1
Added Pin To Net: NetName=NetC82_2 Pin=C82-2
Added Pin To Net: NetName=NetC82_2 Pin=R99-2
Added Net: Name=NetC82_2
Added Pin To Net: NetName=NetC83_2 Pin=C83-2
Added Pin To Net: NetName=NetC83_2 Pin=R97-1
Added Pin To Net: NetName=NetC83_2 Pin=R102-1
Added Net: Name=NetC83_2
Added Pin To Net: NetName=NetC84_1 Pin=C84-1
Added Pin To Net: NetName=NetC84_1 Pin=R100-2
Added Pin To Net: NetName=NetC84_1 Pin=R101-2
Added Pin To Net: NetName=NetC84_1 Pin=U18-9
Added Net: Name=NetC84_1
Added Pin To Net: NetName=NetCE1_1 Pin=CE1-1
Added Pin To Net: NetName=NetCE1_1 Pin=U8-6
Added Net: Name=NetCE1_1
Added Pin To Net: NetName=NetCE1_2 Pin=CE1-2
Added Pin To Net: NetName=NetCE1_2 Pin=U8-3
Added Net: Name=NetCE1_2
Added Pin To Net: NetName=NetD1_1 Pin=D1-1
Added Pin To Net: NetName=NetD1_1 Pin=L3-1
Added Pin To Net: NetName=NetD1_1 Pin=U10-1
Added Net: Name=NetD1_1
Added Pin To Net: NetName=NetD3_2 Pin=D3-2
Added Pin To Net: NetName=NetD3_2 Pin=Q5-3
Added Pin To Net: NetName=NetD3_2 Pin=U15-10
Added Net: Name=NetD3_2
Added Pin To Net: NetName=NetD4_3 Pin=D4-3
Added Pin To Net: NetName=NetD4_3 Pin=H4-5
Added Pin To Net: NetName=NetD4_3 Pin=R58-1
Added Pin To Net: NetName=NetD4_3 Pin=R62-2
Added Net: Name=NetD4_3
Added Pin To Net: NetName=NetLED1_2 Pin=LED1-2
Added Pin To Net: NetName=NetLED1_2 Pin=R13-2
Added Net: Name=NetLED1_2
Added Pin To Net: NetName=NetLED2_2 Pin=LED2-2
Added Pin To Net: NetName=NetLED2_2 Pin=R16-2
Added Net: Name=NetLED2_2
Added Pin To Net: NetName=NetLED3_2 Pin=LED3-2
Added Pin To Net: NetName=NetLED3_2 Pin=R19-2
Added Net: Name=NetLED3_2
Added Pin To Net: NetName=NetLED4_2 Pin=LED4-2
Added Pin To Net: NetName=NetLED4_2 Pin=R22-2
Added Net: Name=NetLED4_2
Added Pin To Net: NetName=NetLED5_2 Pin=LED5-2
Added Pin To Net: NetName=NetLED5_2 Pin=LED6-2
Added Pin To Net: NetName=NetLED5_2 Pin=R24-1
Added Net: Name=NetLED5_2
Added Pin To Net: NetName=NetQ1_1 Pin=Q1-1
Added Pin To Net: NetName=NetQ1_1 Pin=Q3-3
Added Pin To Net: NetName=NetQ1_1 Pin=R23-2
Added Net: Name=NetQ1_1
Added Pin To Net: NetName=NetQ2_1 Pin=Q2-1
Added Pin To Net: NetName=NetQ2_1 Pin=R17-2
Added Net: Name=NetQ2_1
Added Pin To Net: NetName=NetQ4_3 Pin=Q4-3
Added Pin To Net: NetName=NetQ4_3 Pin=R33-2
Added Pin To Net: NetName=NetQ4_3 Pin=U10-4
Added Net: Name=NetQ4_3
Added Pin To Net: NetName=NetQ5_1 Pin=Q5-1
Added Pin To Net: NetName=NetQ5_1 Pin=R56-1
Added Pin To Net: NetName=NetQ5_1 Pin=R57-2
Added Net: Name=NetQ5_1
Added Pin To Net: NetName=NetQ6_1 Pin=Q6-1
Added Pin To Net: NetName=NetQ6_1 Pin=Q7-1
Added Pin To Net: NetName=NetQ6_1 Pin=R59-1
Added Pin To Net: NetName=NetQ6_1 Pin=R60-2
Added Net: Name=NetQ6_1
Added Pin To Net: NetName=NetR1_2 Pin=R1-2
Added Pin To Net: NetName=NetR1_2 Pin=R2-1
Added Pin To Net: NetName=NetR1_2 Pin=U1-2
Added Net: Name=NetR1_2
Added Pin To Net: NetName=NetR2_2 Pin=R2-2
Added Pin To Net: NetName=NetR2_2 Pin=R3-1
Added Pin To Net: NetName=NetR2_2 Pin=U1-1
Added Net: Name=NetR2_2
Added Pin To Net: NetName=NetR4_1 Pin=R4-1
Added Pin To Net: NetName=NetR4_1 Pin=U2-1
Added Net: Name=NetR4_1
Added Pin To Net: NetName=NetR4_2 Pin=R4-2
Added Pin To Net: NetName=NetR4_2 Pin=R5-2
Added Pin To Net: NetName=NetR4_2 Pin=R6-2
Added Pin To Net: NetName=NetR4_2 Pin=R7-2
Added Pin To Net: NetName=NetR4_2 Pin=R8-2
Added Pin To Net: NetName=NetR4_2 Pin=U1-3
Added Net: Name=NetR4_2
Added Pin To Net: NetName=NetR5_1 Pin=R5-1
Added Pin To Net: NetName=NetR5_1 Pin=U2-5
Added Net: Name=NetR5_1
Added Pin To Net: NetName=NetR6_1 Pin=R6-1
Added Pin To Net: NetName=NetR6_1 Pin=U2-2
Added Net: Name=NetR6_1
Added Pin To Net: NetName=NetR7_1 Pin=R7-1
Added Pin To Net: NetName=NetR7_1 Pin=U2-4
Added Net: Name=NetR7_1
Added Pin To Net: NetName=NetR8_1 Pin=R8-1
Added Pin To Net: NetName=NetR8_1 Pin=R9-1
Added Pin To Net: NetName=NetR8_1 Pin=R10-2
Added Net: Name=NetR8_1
Added Pin To Net: NetName=NetR11_1 Pin=R11-1
Added Pin To Net: NetName=NetR11_1 Pin=X1-1
Added Net: Name=NetR11_1
Added Pin To Net: NetName=NetR14_1 Pin=R14-1
Added Pin To Net: NetName=NetR14_1 Pin=U5-7
Added Net: Name=NetR14_1
Added Pin To Net: NetName=NetR15_1 Pin=R15-1
Added Pin To Net: NetName=NetR15_1 Pin=U5-6
Added Net: Name=NetR15_1
Added Pin To Net: NetName=NetR25_2 Pin=R25-2
Added Pin To Net: NetName=NetR25_2 Pin=USBC1-B5
Added Net: Name=NetR25_2
Added Pin To Net: NetName=NetR26_1 Pin=R26-1
Added Pin To Net: NetName=NetR26_1 Pin=USBC1-A5
Added Net: Name=NetR26_1
Added Pin To Net: NetName=NetR27_2 Pin=R27-2
Added Pin To Net: NetName=NetR27_2 Pin=U6-2
Added Net: Name=NetR27_2
Added Pin To Net: NetName=NetR29_2 Pin=R29-2
Added Pin To Net: NetName=NetR29_2 Pin=R31-1
Added Pin To Net: NetName=NetR29_2 Pin=U9-3
Added Net: Name=NetR29_2
Added Pin To Net: NetName=NetR30_1 Pin=R30-1
Added Pin To Net: NetName=NetR30_1 Pin=R34-2
Added Pin To Net: NetName=NetR30_1 Pin=U10-3
Added Net: Name=NetR30_1
Added Pin To Net: NetName=NetR36_1 Pin=R36-1
Added Pin To Net: NetName=NetR36_1 Pin=U9-6
Added Pin To Net: NetName=NetR36_1 Pin=U9-7
Added Net: Name=NetR36_1
Added Pin To Net: NetName=NetR42_1 Pin=R42-1
Added Pin To Net: NetName=NetR42_1 Pin=U11-3
Added Net: Name=NetR42_1
Added Pin To Net: NetName=NetR44_1 Pin=R44-1
Added Pin To Net: NetName=NetR44_1 Pin=R48-1
Added Pin To Net: NetName=NetR44_1 Pin=U9-14
Added Net: Name=NetR44_1
Added Pin To Net: NetName=NetR44_2 Pin=R44-2
Added Pin To Net: NetName=NetR44_2 Pin=R45-1
Added Pin To Net: NetName=NetR44_2 Pin=U9-13
Added Net: Name=NetR44_2
Added Pin To Net: NetName=NetR45_2 Pin=R45-2
Added Pin To Net: NetName=NetR45_2 Pin=U9-8
Added Pin To Net: NetName=NetR45_2 Pin=U9-9
Added Net: Name=NetR45_2
Added Pin To Net: NetName=NetR46_2 Pin=R46-2
Added Pin To Net: NetName=NetR46_2 Pin=U12-15
Added Net: Name=NetR46_2
Added Pin To Net: NetName=NetR49_1 Pin=R49-1
Added Pin To Net: NetName=NetR49_1 Pin=R50-1
Added Pin To Net: NetName=NetR49_1 Pin=U9-12
Added Net: Name=NetR49_1
Added Pin To Net: NetName=NetR51_2 Pin=R51-2
Added Pin To Net: NetName=NetR51_2 Pin=U13-1
Added Net: Name=NetR51_2
Added Pin To Net: NetName=NetR52_1 Pin=R52-1
Added Pin To Net: NetName=NetR52_1 Pin=R53-1
Added Pin To Net: NetName=NetR52_1 Pin=R54-1
Added Pin To Net: NetName=NetR52_1 Pin=R55-1
Added Pin To Net: NetName=NetR52_1 Pin=R58-2
Added Net: Name=NetR52_1
Added Pin To Net: NetName=NetR52_2 Pin=R52-2
Added Pin To Net: NetName=NetR52_2 Pin=U14-1
Added Net: Name=NetR52_2
Added Pin To Net: NetName=NetR53_2 Pin=R53-2
Added Pin To Net: NetName=NetR53_2 Pin=U14-5
Added Net: Name=NetR53_2
Added Pin To Net: NetName=NetR54_2 Pin=R54-2
Added Pin To Net: NetName=NetR54_2 Pin=U14-2
Added Net: Name=NetR54_2
Added Pin To Net: NetName=NetR55_2 Pin=R55-2
Added Pin To Net: NetName=NetR55_2 Pin=U13-4
Added Pin To Net: NetName=NetR55_2 Pin=U14-4
Added Net: Name=NetR55_2
Added Pin To Net: NetName=NetR64_2 Pin=R64-2
Added Pin To Net: NetName=NetR64_2 Pin=U11-5
Added Net: Name=NetR64_2
Added Pin To Net: NetName=NetR65_1 Pin=R65-1
Added Pin To Net: NetName=NetR65_1 Pin=U11-6
Added Pin To Net: NetName=NetR65_1 Pin=U11-7
Added Net: Name=NetR65_1
Added Pin To Net: NetName=NetR68_1 Pin=R68-1
Added Pin To Net: NetName=NetR68_1 Pin=U11-13
Added Pin To Net: NetName=NetR68_1 Pin=U11-14
Added Net: Name=NetR68_1
Added Pin To Net: NetName=NetR69_2 Pin=R69-2
Added Pin To Net: NetName=NetR69_2 Pin=U11-12
Added Net: Name=NetR69_2
Added Pin To Net: NetName=NetR71_1 Pin=R71-1
Added Pin To Net: NetName=NetR71_1 Pin=R73-2
Added Pin To Net: NetName=NetR71_1 Pin=U16-11
Added Net: Name=NetR71_1
Added Pin To Net: NetName=NetR73_1 Pin=R73-1
Added Pin To Net: NetName=NetR73_1 Pin=R74-1
Added Pin To Net: NetName=NetR73_1 Pin=U16-15
Added Net: Name=NetR73_1
Added Pin To Net: NetName=NetR74_2 Pin=R74-2
Added Pin To Net: NetName=NetR74_2 Pin=R77-1
Added Pin To Net: NetName=NetR74_2 Pin=U16-14
Added Net: Name=NetR74_2
Added Pin To Net: NetName=NetR75_1 Pin=R75-1
Added Pin To Net: NetName=NetR75_1 Pin=U18-3
Added Net: Name=NetR75_1
Added Pin To Net: NetName=NetR82_2 Pin=R82-2
Added Pin To Net: NetName=NetR82_2 Pin=U18-2
Added Net: Name=NetR82_2
Added Pin To Net: NetName=NetR84_1 Pin=R84-1
Added Pin To Net: NetName=NetR84_1 Pin=U17-5
Added Net: Name=NetR84_1
Added Pin To Net: NetName=NetR92_2 Pin=R92-2
Added Pin To Net: NetName=NetR92_2 Pin=U20-1
Added Pin To Net: NetName=NetR92_2 Pin=U20-12
Added Net: Name=NetR92_2
Added Pin To Net: NetName=NetR93_2 Pin=R93-2
Added Pin To Net: NetName=NetR93_2 Pin=U18-5
Added Net: Name=NetR93_2
Added Pin To Net: NetName=NetR94_2 Pin=R94-2
Added Pin To Net: NetName=NetR94_2 Pin=U20-5
Added Pin To Net: NetName=NetR94_2 Pin=U20-14
Added Net: Name=NetR94_2
Added Pin To Net: NetName=NetR95_2 Pin=R95-2
Added Pin To Net: NetName=NetR95_2 Pin=U20-2
Added Pin To Net: NetName=NetR95_2 Pin=U20-15
Added Net: Name=NetR95_2
Added Pin To Net: NetName=NetR96_1 Pin=R96-1
Added Pin To Net: NetName=NetR96_1 Pin=U18-6
Added Pin To Net: NetName=NetR96_1 Pin=U18-7
Added Net: Name=NetR96_1
Added Pin To Net: NetName=NetR98_2 Pin=R98-2
Added Pin To Net: NetName=NetR98_2 Pin=U20-4
Added Pin To Net: NetName=NetR98_2 Pin=U20-11
Added Net: Name=NetR98_2
Added Pin To Net: NetName=NetR100_1 Pin=R100-1
Added Pin To Net: NetName=NetR100_1 Pin=U18-13
Added Pin To Net: NetName=NetR100_1 Pin=U18-14
Added Net: Name=NetR100_1
Added Pin To Net: NetName=NetR102_2 Pin=R102-2
Added Pin To Net: NetName=NetR102_2 Pin=U18-12
Added Net: Name=NetR102_2
Added Pin To Net: NetName=NetU11_1 Pin=U11-1
Added Pin To Net: NetName=NetU11_1 Pin=U11-2
Added Pin To Net: NetName=NetU11_1 Pin=U13-3
Added Pin To Net: NetName=NetU11_1 Pin=U14-3
Added Net: Name=NetU11_1
Added Pin To Net: NetName=NRST Pin=C14-2
Added Pin To Net: NetName=NRST Pin=R12-2
Added Pin To Net: NetName=NRST Pin=SW1-1
Added Pin To Net: NetName=NRST Pin=U4-14
Added Net: Name=NRST
Added Pin To Net: NetName=P10 Pin=U4-5
Added Pin To Net: NetName=P10 Pin=U14-9
Added Net: Name=P10
Added Pin To Net: NetName=P11 Pin=U4-6
Added Pin To Net: NetName=P11 Pin=U14-10
Added Net: Name=P11
Added Pin To Net: NetName=P13 Pin=U4-12
Added Net: Name=P13
Added Pin To Net: NetName=P16 Pin=C13-2
Added Pin To Net: NetName=P16 Pin=U4-10
Added Pin To Net: NetName=P16 Pin=X2-1
Added Net: Name=P16
Added Pin To Net: NetName=P17 Pin=C15-1
Added Pin To Net: NetName=P17 Pin=U4-11
Added Pin To Net: NetName=P17 Pin=X2-2
Added Net: Name=P17
Added Pin To Net: NetName=P21 Pin=U4-34
Added Net: Name=P21
Added Pin To Net: NetName=P23 Pin=H1-4
Added Pin To Net: NetName=P23 Pin=R20-2
Added Pin To Net: NetName=P23 Pin=U4-36
Added Net: Name=P23
Added Pin To Net: NetName=P25 Pin=H1-3
Added Pin To Net: NetName=P25 Pin=R21-2
Added Pin To Net: NetName=P25 Pin=U4-38
Added Net: Name=P25
Added Pin To Net: NetName=P30 Pin=R15-2
Added Pin To Net: NetName=P30 Pin=U4-19
Added Net: Name=P30
Added Pin To Net: NetName=P31 Pin=R14-2
Added Pin To Net: NetName=P31 Pin=U4-20
Added Net: Name=P31
Added Pin To Net: NetName=P32 Pin=U3-7
Added Pin To Net: NetName=P32 Pin=U4-21
Added Net: Name=P32
Added Pin To Net: NetName=P34 Pin=U3-6
Added Pin To Net: NetName=P34 Pin=U4-23
Added Net: Name=P34
Added Pin To Net: NetName=P37 Pin=U4-28
Added Pin To Net: NetName=P37 Pin=U9-1
Added Net: Name=P37
Added Pin To Net: NetName=P40 Pin=U4-18
Added Net: Name=P40
Added Pin To Net: NetName=P41 Pin=LED6-1
Added Pin To Net: NetName=P41 Pin=U4-29
Added Pin To Net: NetName=P41 Pin=U6-6
Added Net: Name=P41
Added Pin To Net: NetName=P43 Pin=U4-31
Added Net: Name=P43
Added Pin To Net: NetName=P52 Pin=U4-48
Added Net: Name=P52
Added Pin To Net: NetName=PGND Pin=BAT1-2
Added Pin To Net: NetName=PGND Pin=C24-2
Added Pin To Net: NetName=PGND Pin=C25-1
Added Pin To Net: NetName=PGND Pin=C26-1
Added Pin To Net: NetName=PGND Pin=C40-1
Added Pin To Net: NetName=PGND Pin=C42-1
Added Pin To Net: NetName=PGND Pin=C43-1
Added Pin To Net: NetName=PGND Pin=C44-1
Added Pin To Net: NetName=PGND Pin=C45-1
Added Pin To Net: NetName=PGND Pin=C46-1
Added Pin To Net: NetName=PGND Pin=Q4-2
Added Pin To Net: NetName=PGND Pin=R25-1
Added Pin To Net: NetName=PGND Pin=R26-2
Added Pin To Net: NetName=PGND Pin=R27-1
Added Pin To Net: NetName=PGND Pin=R32-1
Added Pin To Net: NetName=PGND Pin=R34-1
Added Pin To Net: NetName=PGND Pin=R38-1
Added Pin To Net: NetName=PGND Pin=R39-2
Added Pin To Net: NetName=PGND Pin=U6-1
Added Pin To Net: NetName=PGND Pin=U6-3
Added Pin To Net: NetName=PGND Pin=U6-9
Added Pin To Net: NetName=PGND Pin=U10-2
Added Pin To Net: NetName=PGND Pin=USBC1-0
Added Pin To Net: NetName=PGND Pin=USBC1-1
Added Pin To Net: NetName=PGND Pin=USBC1-2
Added Pin To Net: NetName=PGND Pin=USBC1-3
Added Pin To Net: NetName=PGND Pin=USBC1-A1
Added Pin To Net: NetName=PGND Pin=USBC1-A12
Added Pin To Net: NetName=PGND Pin=USBC1-B1
Added Pin To Net: NetName=PGND Pin=USBC1-B12
Added Net: Name=PGND
Added Pin To Net: NetName=SIN Pin=C65-1
Added Pin To Net: NetName=SIN Pin=U12-4
Added Net: Name=SIN
Added Pin To Net: NetName=SOGI_VOP Pin=C70-1
Added Pin To Net: NetName=SOGI_VOP Pin=C72-2
Added Pin To Net: NetName=SOGI_VOP Pin=R77-2
Added Pin To Net: NetName=SOGI_VOP Pin=U9-2
Added Pin To Net: NetName=SOGI_VOP Pin=U16-12
Added Pin To Net: NetName=SOGI_VOP Pin=U17-7
Added Net: Name=SOGI_VOP
Added Pin To Net: NetName=SW_IN Pin=C72-1
Added Pin To Net: NetName=SW_IN Pin=R85-1
Added Pin To Net: NetName=SW_IN Pin=U12-1
Added Net: Name=SW_IN
Added Pin To Net: NetName=SW Pin=U12-10
Added Pin To Net: NetName=SW Pin=U15-3
Added Net: Name=SW
Added Pin To Net: NetName=V_SIGE1 Pin=H2-2
Added Pin To Net: NetName=V_SIGE1 Pin=R67-1
Added Pin To Net: NetName=V_SIGE1 Pin=U12-3
Added Net: Name=V_SIGE1
Added Pin To Net: NetName=VBAT_OUT Pin=C42-2
Added Pin To Net: NetName=VBAT_OUT Pin=C43-2
Added Pin To Net: NetName=VBAT_OUT Pin=C44-2
Added Pin To Net: NetName=VBAT_OUT Pin=D1-2
Added Pin To Net: NetName=VBAT_OUT Pin=D2-2
Added Pin To Net: NetName=VBAT_OUT Pin=R30-2
Added Pin To Net: NetName=VBAT_OUT Pin=SW6-2
Added Net: Name=VBAT_OUT
Added Pin To Net: NetName=VBAT Pin=BAT1-1
Added Pin To Net: NetName=VBAT Pin=C26-2
Added Pin To Net: NetName=VBAT Pin=C45-2
Added Pin To Net: NetName=VBAT Pin=C46-2
Added Pin To Net: NetName=VBAT Pin=L3-2
Added Pin To Net: NetName=VBAT Pin=R28-2
Added Pin To Net: NetName=VBAT Pin=R33-1
Added Pin To Net: NetName=VBAT Pin=U6-5
Added Pin To Net: NetName=VBAT Pin=U10-5
Added Net: Name=VBAT
Added Pin To Net: NetName=VIN_5V Pin=C24-1
Added Pin To Net: NetName=VIN_5V Pin=C25-2
Added Pin To Net: NetName=VIN_5V Pin=D2-1
Added Pin To Net: NetName=VIN_5V Pin=Q4-1
Added Pin To Net: NetName=VIN_5V Pin=R24-2
Added Pin To Net: NetName=VIN_5V Pin=R39-1
Added Pin To Net: NetName=VIN_5V Pin=U6-4
Added Pin To Net: NetName=VIN_5V Pin=U6-8
Added Pin To Net: NetName=VIN_5V Pin=USBC1-A4
Added Pin To Net: NetName=VIN_5V Pin=USBC1-A9
Added Pin To Net: NetName=VIN_5V Pin=USBC1-B4
Added Pin To Net: NetName=VIN_5V Pin=USBC1-B9
Added Net: Name=VIN_5V
Added Class: Name=Sheet1
Added Room: Name=Sheet1
