Change Component Description : Designator=SW2 Old Description=触点电流:50mA;额定电压(DC):12V;绝缘电阻:100MΩ;电路结构:单刀单掷;安装方式:直插;按钮形状:圆形按钮;按钮/盖帽颜色:黑色;作用力:260gf@±30gf;工作温度:-25℃~+70℃;引脚样式:PC引脚;开关长度:6mm; New Description=触点电流:50mA;额定电压(DC):12V;绝缘电阻:100MΩ;电路结构:单刀单掷;安装方式:直插;按钮形状:圆形按钮;按钮/盖帽颜色:黑色;作用力:260gf@±30gf;工作温度:-25℃~+70℃;引脚样式:PC引脚;开关长度:6mm;开关宽度:6mm;开关高度:6mm;带支架:否;
Change Component Description : Designator=SW3 Old Description=触点电流:50mA;额定电压(DC):12V;绝缘电阻:100MΩ;电路结构:单刀单掷;安装方式:直插;按钮形状:圆形按钮;按钮/盖帽颜色:黑色;作用力:260gf@±30gf;工作温度:-25℃~+70℃;引脚样式:PC引脚;开关长度:6mm; New Description=触点电流:50mA;额定电压(DC):12V;绝缘电阻:100MΩ;电路结构:单刀单掷;安装方式:直插;按钮形状:圆形按钮;按钮/盖帽颜色:黑色;作用力:260gf@±30gf;工作温度:-25℃~+70℃;引脚样式:PC引脚;开关长度:6mm;开关宽度:6mm;开关高度:6mm;带支架:否;
Change Component Description : Designator=SW4 Old Description=触点电流:50mA;额定电压(DC):12V;绝缘电阻:100MΩ;电路结构:单刀单掷;安装方式:直插;按钮形状:圆形按钮;按钮/盖帽颜色:黑色;作用力:260gf@±30gf;工作温度:-25℃~+70℃;引脚样式:PC引脚;开关长度:6mm; New Description=触点电流:50mA;额定电压(DC):12V;绝缘电阻:100MΩ;电路结构:单刀单掷;安装方式:直插;按钮形状:圆形按钮;按钮/盖帽颜色:黑色;作用力:260gf@±30gf;工作温度:-25℃~+70℃;引脚样式:PC引脚;开关长度:6mm;开关宽度:6mm;开关高度:6mm;带支架:否;
Change Component Description : Designator=SW5 Old Description=触点电流:50mA;额定电压(DC):12V;绝缘电阻:100MΩ;电路结构:单刀单掷;安装方式:直插;按钮形状:圆形按钮;按钮/盖帽颜色:黑色;作用力:260gf@±30gf;工作温度:-25℃~+70℃;引脚样式:PC引脚;开关长度:6mm; New Description=触点电流:50mA;额定电压(DC):12V;绝缘电阻:100MΩ;电路结构:单刀单掷;安装方式:直插;按钮形状:圆形按钮;按钮/盖帽颜色:黑色;作用力:260gf@±30gf;工作温度:-25℃~+70℃;引脚样式:PC引脚;开关长度:6mm;开关宽度:6mm;开关高度:6mm;带支架:否;
Change component parameters: Designator = "U2"; Footprint = "SOP-16_L9.9-W3.9-P1.27-LS6.0-BL"; UniqueID = "\THLWBMQZ"
Change component parameters. Clean all parameters for all variants
Change component parameters (AddParameter): Name = "AddInBom"; Value = "yes"; VariantName = "[No Variations]"
Change component parameters (AddParameter): Name = "Channel ID"; Value = ""; VariantName = "[No Variations]"
Change component parameters (AddParameter): Name = "ConvertToPcb"; Value = "yes"; VariantName = "[No Variations]"
Change component parameters (AddParameter): Name = "Datasheet"; Value = "https://atta.szlcsc.com/upload/public/pdf/source/20200402/C507179_EDEF75F06BD662FE8D3145782CF64ACB.pdf"; VariantName = "[No Variations]"
Change component parameters (AddParameter): Name = "Device"; Value = "74HC4052M/TR"; VariantName = "[No Variations]"
Change component parameters (AddParameter): Name = "FootprintName"; Value = "SOP-16_L10.0-W3.9-P1.27-LS6.0-BL"; VariantName = "[No Variations]"
Change component parameters (AddParameter): Name = "Group ID"; Value = ""; VariantName = "[No Variations]"
Change component parameters (AddParameter): Name = "JLCPCB Part Class"; Value = "扩展库"; VariantName = "[No Variations]"
Change component parameters (AddParameter): Name = "LCSC Part Name"; Value = "高速 CMOS 差分 4 通道模拟多路复用器和多路信号分离器"; VariantName = "[No Variations]"
Change component parameters (AddParameter): Name = "Manufacturer"; Value = "HGSEMI(华冠)"; VariantName = "[No Variations]"
Change component parameters (AddParameter): Name = "ManufacturerPart"; Value = "74HC4052M/TR"; VariantName = "[No Variations]"
Change component parameters (AddParameter): Name = "ModelId"; Value = "ed96d47c1e844792b3e705d722a1a1fa"; VariantName = "[No Variations]"
Change component parameters (AddParameter): Name = "ModelName"; Value = "SOP-16_L9.9-W3.9-P1.27-LS6.0-BL"; VariantName = "[No Variations]"
Change component parameters (AddParameter): Name = "ModelTransform"; Value = "389.763,236.22,0,0,0,0,0,0,0"; VariantName = "[No Variations]"
Change component parameters (AddParameter): Name = "Reuse Block"; Value = ""; VariantName = "[No Variations]"
Change component parameters (AddParameter): Name = "Supplier"; Value = "LCSC"; VariantName = "[No Variations]"
Change component parameters (AddParameter): Name = "Supplier Footprint"; Value = "SOP-16"; VariantName = "[No Variations]"
Change component parameters (AddParameter): Name = "SupplierPart"; Value = "C507179"; VariantName = "[No Variations]"
Change component parameters (AddParameter): Name = "SymbolName"; Value = "74HC4052M/TR"; VariantName = "[No Variations]"
Change component parameters: Designator = "U14"; Footprint = "SOP-16_L9.9-W3.9-P1.27-LS6.0-BL"; UniqueID = "\ITVLMZDL"
Change component parameters. Clean all parameters for all variants
Change component parameters (AddParameter): Name = "AddInBom"; Value = "yes"; VariantName = "[No Variations]"
Change component parameters (AddParameter): Name = "Channel ID"; Value = ""; VariantName = "[No Variations]"
Change component parameters (AddParameter): Name = "ConvertToPcb"; Value = "yes"; VariantName = "[No Variations]"
Change component parameters (AddParameter): Name = "Datasheet"; Value = "https://atta.szlcsc.com/upload/public/pdf/source/20200402/C507179_EDEF75F06BD662FE8D3145782CF64ACB.pdf"; VariantName = "[No Variations]"
Change component parameters (AddParameter): Name = "Device"; Value = "74HC4052M/TR"; VariantName = "[No Variations]"
Change component parameters (AddParameter): Name = "FootprintName"; Value = "SOP-16_L10.0-W3.9-P1.27-LS6.0-BL"; VariantName = "[No Variations]"
Change component parameters (AddParameter): Name = "Group ID"; Value = ""; VariantName = "[No Variations]"
Change component parameters (AddParameter): Name = "JLCPCB Part Class"; Value = "扩展库"; VariantName = "[No Variations]"
Change component parameters (AddParameter): Name = "LCSC Part Name"; Value = "高速 CMOS 差分 4 通道模拟多路复用器和多路信号分离器"; VariantName = "[No Variations]"
Change component parameters (AddParameter): Name = "Manufacturer"; Value = "HGSEMI(华冠)"; VariantName = "[No Variations]"
Change component parameters (AddParameter): Name = "ManufacturerPart"; Value = "74HC4052M/TR"; VariantName = "[No Variations]"
Change component parameters (AddParameter): Name = "ModelId"; Value = "ed96d47c1e844792b3e705d722a1a1fa"; VariantName = "[No Variations]"
Change component parameters (AddParameter): Name = "ModelName"; Value = "SOP-16_L9.9-W3.9-P1.27-LS6.0-BL"; VariantName = "[No Variations]"
Change component parameters (AddParameter): Name = "ModelTransform"; Value = "389.763,236.22,0,0,0,0,0,0,0"; VariantName = "[No Variations]"
Change component parameters (AddParameter): Name = "Reuse Block"; Value = ""; VariantName = "[No Variations]"
Change component parameters (AddParameter): Name = "Supplier"; Value = "LCSC"; VariantName = "[No Variations]"
Change component parameters (AddParameter): Name = "Supplier Footprint"; Value = "SOP-16"; VariantName = "[No Variations]"
Change component parameters (AddParameter): Name = "SupplierPart"; Value = "C507179"; VariantName = "[No Variations]"
Change component parameters (AddParameter): Name = "SymbolName"; Value = "74HC4052M/TR"; VariantName = "[No Variations]"
Change component parameters: Designator = "U16"; Footprint = "SOP-16_L9.9-W3.9-P1.27-LS6.0-BL"; UniqueID = "\QSLGONUC"
Change component parameters. Clean all parameters for all variants
Change component parameters (AddParameter): Name = "AddInBom"; Value = "yes"; VariantName = "[No Variations]"
Change component parameters (AddParameter): Name = "Channel ID"; Value = ""; VariantName = "[No Variations]"
Change component parameters (AddParameter): Name = "ConvertToPcb"; Value = "yes"; VariantName = "[No Variations]"
Change component parameters (AddParameter): Name = "Datasheet"; Value = "https://atta.szlcsc.com/upload/public/pdf/source/20200402/C507179_EDEF75F06BD662FE8D3145782CF64ACB.pdf"; VariantName = "[No Variations]"
Change component parameters (AddParameter): Name = "Device"; Value = "74HC4052M/TR"; VariantName = "[No Variations]"
Change component parameters (AddParameter): Name = "FootprintName"; Value = "SOP-16_L10.0-W3.9-P1.27-LS6.0-BL"; VariantName = "[No Variations]"
Change component parameters (AddParameter): Name = "Group ID"; Value = ""; VariantName = "[No Variations]"
Change component parameters (AddParameter): Name = "JLCPCB Part Class"; Value = "扩展库"; VariantName = "[No Variations]"
Change component parameters (AddParameter): Name = "LCSC Part Name"; Value = "高速 CMOS 差分 4 通道模拟多路复用器和多路信号分离器"; VariantName = "[No Variations]"
Change component parameters (AddParameter): Name = "Manufacturer"; Value = "HGSEMI(华冠)"; VariantName = "[No Variations]"
Change component parameters (AddParameter): Name = "ManufacturerPart"; Value = "74HC4052M/TR"; VariantName = "[No Variations]"
Change component parameters (AddParameter): Name = "ModelId"; Value = "ed96d47c1e844792b3e705d722a1a1fa"; VariantName = "[No Variations]"
Change component parameters (AddParameter): Name = "ModelName"; Value = "SOP-16_L9.9-W3.9-P1.27-LS6.0-BL"; VariantName = "[No Variations]"
Change component parameters (AddParameter): Name = "ModelTransform"; Value = "389.763,236.22,0,0,0,0,0,0,0"; VariantName = "[No Variations]"
Change component parameters (AddParameter): Name = "Reuse Block"; Value = ""; VariantName = "[No Variations]"
Change component parameters (AddParameter): Name = "Supplier"; Value = "LCSC"; VariantName = "[No Variations]"
Change component parameters (AddParameter): Name = "Supplier Footprint"; Value = "SOP-16"; VariantName = "[No Variations]"
Change component parameters (AddParameter): Name = "SupplierPart"; Value = "C507179"; VariantName = "[No Variations]"
Change component parameters (AddParameter): Name = "SymbolName"; Value = "74HC4052M/TR"; VariantName = "[No Variations]"
Change component parameters: Designator = "U19"; Footprint = "SOP-16_L9.9-W3.9-P1.27-LS6.0-BL"; UniqueID = "\WWRTLLOB"
Change component parameters. Clean all parameters for all variants
Change component parameters (AddParameter): Name = "AddInBom"; Value = "yes"; VariantName = "[No Variations]"
Change component parameters (AddParameter): Name = "Channel ID"; Value = ""; VariantName = "[No Variations]"
Change component parameters (AddParameter): Name = "ConvertToPcb"; Value = "yes"; VariantName = "[No Variations]"
Change component parameters (AddParameter): Name = "Datasheet"; Value = "https://atta.szlcsc.com/upload/public/pdf/source/20200402/C507179_EDEF75F06BD662FE8D3145782CF64ACB.pdf"; VariantName = "[No Variations]"
Change component parameters (AddParameter): Name = "Device"; Value = "74HC4052M/TR"; VariantName = "[No Variations]"
Change component parameters (AddParameter): Name = "FootprintName"; Value = "SOP-16_L10.0-W3.9-P1.27-LS6.0-BL"; VariantName = "[No Variations]"
Change component parameters (AddParameter): Name = "Group ID"; Value = ""; VariantName = "[No Variations]"
Change component parameters (AddParameter): Name = "JLCPCB Part Class"; Value = "扩展库"; VariantName = "[No Variations]"
Change component parameters (AddParameter): Name = "LCSC Part Name"; Value = "高速 CMOS 差分 4 通道模拟多路复用器和多路信号分离器"; VariantName = "[No Variations]"
Change component parameters (AddParameter): Name = "Manufacturer"; Value = "HGSEMI(华冠)"; VariantName = "[No Variations]"
Change component parameters (AddParameter): Name = "ManufacturerPart"; Value = "74HC4052M/TR"; VariantName = "[No Variations]"
Change component parameters (AddParameter): Name = "ModelId"; Value = "ed96d47c1e844792b3e705d722a1a1fa"; VariantName = "[No Variations]"
Change component parameters (AddParameter): Name = "ModelName"; Value = "SOP-16_L9.9-W3.9-P1.27-LS6.0-BL"; VariantName = "[No Variations]"
Change component parameters (AddParameter): Name = "ModelTransform"; Value = "389.763,236.22,0,0,0,0,0,0,0"; VariantName = "[No Variations]"
Change component parameters (AddParameter): Name = "Reuse Block"; Value = ""; VariantName = "[No Variations]"
Change component parameters (AddParameter): Name = "Supplier"; Value = "LCSC"; VariantName = "[No Variations]"
Change component parameters (AddParameter): Name = "Supplier Footprint"; Value = "SOP-16"; VariantName = "[No Variations]"
Change component parameters (AddParameter): Name = "SupplierPart"; Value = "C507179"; VariantName = "[No Variations]"
Change component parameters (AddParameter): Name = "SymbolName"; Value = "74HC4052M/TR"; VariantName = "[No Variations]"
Change component parameters: Designator = "U20"; Footprint = "SOP-16_L9.9-W3.9-P1.27-LS6.0-BL"; UniqueID = "\VCVETQHQ"
Change component parameters. Clean all parameters for all variants
Change component parameters (AddParameter): Name = "AddInBom"; Value = "yes"; VariantName = "[No Variations]"
Change component parameters (AddParameter): Name = "Channel ID"; Value = ""; VariantName = "[No Variations]"
Change component parameters (AddParameter): Name = "ConvertToPcb"; Value = "yes"; VariantName = "[No Variations]"
Change component parameters (AddParameter): Name = "Datasheet"; Value = "https://atta.szlcsc.com/upload/public/pdf/source/20200402/C507179_EDEF75F06BD662FE8D3145782CF64ACB.pdf"; VariantName = "[No Variations]"
Change component parameters (AddParameter): Name = "Device"; Value = "74HC4052M/TR"; VariantName = "[No Variations]"
Change component parameters (AddParameter): Name = "FootprintName"; Value = "SOP-16_L10.0-W3.9-P1.27-LS6.0-BL"; VariantName = "[No Variations]"
Change component parameters (AddParameter): Name = "Group ID"; Value = ""; VariantName = "[No Variations]"
Change component parameters (AddParameter): Name = "JLCPCB Part Class"; Value = "扩展库"; VariantName = "[No Variations]"
Change component parameters (AddParameter): Name = "LCSC Part Name"; Value = "高速 CMOS 差分 4 通道模拟多路复用器和多路信号分离器"; VariantName = "[No Variations]"
Change component parameters (AddParameter): Name = "Manufacturer"; Value = "HGSEMI(华冠)"; VariantName = "[No Variations]"
Change component parameters (AddParameter): Name = "ManufacturerPart"; Value = "74HC4052M/TR"; VariantName = "[No Variations]"
Change component parameters (AddParameter): Name = "ModelId"; Value = "ed96d47c1e844792b3e705d722a1a1fa"; VariantName = "[No Variations]"
Change component parameters (AddParameter): Name = "ModelName"; Value = "SOP-16_L9.9-W3.9-P1.27-LS6.0-BL"; VariantName = "[No Variations]"
Change component parameters (AddParameter): Name = "ModelTransform"; Value = "389.763,236.22,0,0,0,0,0,0,0"; VariantName = "[No Variations]"
Change component parameters (AddParameter): Name = "Reuse Block"; Value = ""; VariantName = "[No Variations]"
Change component parameters (AddParameter): Name = "Supplier"; Value = "LCSC"; VariantName = "[No Variations]"
Change component parameters (AddParameter): Name = "Supplier Footprint"; Value = "SOP-16"; VariantName = "[No Variations]"
Change component parameters (AddParameter): Name = "SupplierPart"; Value = "C507179"; VariantName = "[No Variations]"
Change component parameters (AddParameter): Name = "SymbolName"; Value = "74HC4052M/TR"; VariantName = "[No Variations]"
Change component parameters: Designator = "U9"; Footprint = "TSSOP-14_L5.0-W4.4-P0.65-LS6.4-BL"; UniqueID = "\LWBNUAZS"
Change component parameters. Clean all parameters for all variants
Change component parameters (AddParameter): Name = "AddInBom"; Value = "yes"; VariantName = "[No Variations]"
Change component parameters (AddParameter): Name = "Channel ID"; Value = ""; VariantName = "[No Variations]"
Change component parameters (AddParameter): Name = "ConvertToPcb"; Value = "yes"; VariantName = "[No Variations]"
Change component parameters (AddParameter): Name = "Datasheet"; Value = "https://atta.szlcsc.com/upload/public/pdf/source/20180801/C255431_5DFA0183D1ACA7F14A60743D93152121.pdf"; VariantName = "[No Variations]"
Change component parameters (AddParameter): Name = "Device"; Value = "RS8554XQ"; VariantName = "[No Variations]"
Change component parameters (AddParameter): Name = "FootprintName"; Value = "TSSOP-14_L5.0-W4.4-P0.65-LS6.4-BL"; VariantName = "[No Variations]"
Change component parameters (AddParameter): Name = "Gain Bandwidth Product(GBP)"; Value = "4.5MHz"; VariantName = "[No Variations]"
Change component parameters (AddParameter): Name = "Group ID"; Value = ""; VariantName = "[No Variations]"
Change component parameters (AddParameter): Name = "JLCPCB Part Class"; Value = "扩展库"; VariantName = "[No Variations]"
Change component parameters (AddParameter): Name = "LCSC Part Name"; Value = "精密运放RS8554XQ"; VariantName = "[No Variations]"
Change component parameters (AddParameter): Name = "Manufacturer"; Value = "RUNIC(润石)"; VariantName = "[No Variations]"
Change component parameters (AddParameter): Name = "ManufacturerPart"; Value = "RS8554XQ"; VariantName = "[No Variations]"
Change component parameters (AddParameter): Name = "ModelId"; Value = "02f1f60386074b2ca8e111040ac061f2"; VariantName = "[No Variations]"
Change component parameters (AddParameter): Name = "ModelName"; Value = "TSSOP-14_L5.0-W4.4-H1.0-LS6.4-P0.65"; VariantName = "[No Variations]"
Change component parameters (AddParameter): Name = "ModelTransform"; Value = "237.007,196.85,0,90,0,0,0,0,0"; VariantName = "[No Variations]"
Change component parameters (AddParameter): Name = "Multi-Part Group"; Value = ""; VariantName = "[No Variations]"
Change component parameters (AddParameter): Name = "Number of Circuits"; Value = "四路"; VariantName = "[No Variations]"
Change component parameters (AddParameter): Name = "Operating Temperature"; Value = "-40℃~+125℃"; VariantName = "[No Variations]"
Change component parameters (AddParameter): Name = "Relevance"; Value = "[]"; VariantName = "[No Variations]"
Change component parameters (AddParameter): Name = "Reuse Block"; Value = ""; VariantName = "[No Variations]"
Change component parameters (AddParameter): Name = "Slew Rate(SR)"; Value = "2.7V/us"; VariantName = "[No Variations]"
Change component parameters (AddParameter): Name = "Supplier"; Value = "LCSC"; VariantName = "[No Variations]"
Change component parameters (AddParameter): Name = "Supplier Footprint"; Value = "TSSOP-14"; VariantName = "[No Variations]"
Change component parameters (AddParameter): Name = "SupplierPart"; Value = "C255429"; VariantName = "[No Variations]"
Change component parameters (AddParameter): Name = "Supply Voltage"; Value = "2.7V~5.5V"; VariantName = "[No Variations]"
Change component parameters (AddParameter): Name = "Symbol"; Value = "RS8554XQ"; VariantName = "[No Variations]"
Change component parameters: Designator = "C27"; Footprint = "C0603"; UniqueID = "\GZRFJWCX"
Change component parameters. Clean all parameters for all variants
Change component parameters (AddParameter): Name = "AddInBom"; Value = "yes"; VariantName = "[No Variations]"
Change component parameters (AddParameter): Name = "BOM名称"; Value = "无极性贴片电容"; VariantName = "[No Variations]"
Change component parameters (AddParameter): Name = "Channel ID"; Value = ""; VariantName = "[No Variations]"
Change component parameters (AddParameter): Name = "ConvertToPcb"; Value = "yes"; VariantName = "[No Variations]"
Change component parameters (AddParameter): Name = "Design Item ID"; Value = "C"; VariantName = "[No Variations]"
Change component parameters (AddParameter): Name = "Device"; Value = "104"; VariantName = "[No Variations]"
Change component parameters (AddParameter): Name = "Group ID"; Value = ""; VariantName = "[No Variations]"
Change component parameters (AddParameter): Name = "Origin Footprint"; Value = "C0603_M"; VariantName = "[No Variations]"
Change component parameters (AddParameter): Name = "Reuse Block"; Value = ""; VariantName = "[No Variations]"
Change component parameters (AddParameter): Name = "Symbol"; Value = "C"; VariantName = "[No Variations]"
Change component parameters (AddParameter): Name = "联系卖家，免费查找封装"; Value = "唯一出售店铺网址https://shop463601444.taobao.com"; VariantName = "[No Variations]"
Change component parameters: Designator = "C28"; Footprint = "C0603"; UniqueID = "\YASMUUQY"
Change component parameters. Clean all parameters for all variants
Change component parameters (AddParameter): Name = "AddInBom"; Value = "yes"; VariantName = "[No Variations]"
Change component parameters (AddParameter): Name = "BOM名称"; Value = "无极性贴片电容"; VariantName = "[No Variations]"
Change component parameters (AddParameter): Name = "Channel ID"; Value = ""; VariantName = "[No Variations]"
Change component parameters (AddParameter): Name = "ConvertToPcb"; Value = "yes"; VariantName = "[No Variations]"
Change component parameters (AddParameter): Name = "Design Item ID"; Value = "C"; VariantName = "[No Variations]"
Change component parameters (AddParameter): Name = "Device"; Value = "104"; VariantName = "[No Variations]"
Change component parameters (AddParameter): Name = "Group ID"; Value = ""; VariantName = "[No Variations]"
Change component parameters (AddParameter): Name = "Origin Footprint"; Value = "C0603_M"; VariantName = "[No Variations]"
Change component parameters (AddParameter): Name = "Reuse Block"; Value = ""; VariantName = "[No Variations]"
Change component parameters (AddParameter): Name = "Symbol"; Value = "C"; VariantName = "[No Variations]"
Change component parameters (AddParameter): Name = "联系卖家，免费查找封装"; Value = "唯一出售店铺网址https://shop463601444.taobao.com"; VariantName = "[No Variations]"
Change component parameters: Designator = "C29"; Footprint = "C0603"; UniqueID = "\OKQQXESS"
Change component parameters. Clean all parameters for all variants
Change component parameters (AddParameter): Name = "AddInBom"; Value = "yes"; VariantName = "[No Variations]"
Change component parameters (AddParameter): Name = "BOM名称"; Value = "无极性贴片电容"; VariantName = "[No Variations]"
Change component parameters (AddParameter): Name = "Channel ID"; Value = ""; VariantName = "[No Variations]"
Change component parameters (AddParameter): Name = "ConvertToPcb"; Value = "yes"; VariantName = "[No Variations]"
Change component parameters (AddParameter): Name = "Design Item ID"; Value = "C"; VariantName = "[No Variations]"
Change component parameters (AddParameter): Name = "Device"; Value = "104"; VariantName = "[No Variations]"
Change component parameters (AddParameter): Name = "Group ID"; Value = ""; VariantName = "[No Variations]"
Change component parameters (AddParameter): Name = "Origin Footprint"; Value = "C0603_M"; VariantName = "[No Variations]"
Change component parameters (AddParameter): Name = "Reuse Block"; Value = ""; VariantName = "[No Variations]"
Change component parameters (AddParameter): Name = "Symbol"; Value = "C"; VariantName = "[No Variations]"
Change component parameters (AddParameter): Name = "联系卖家，免费查找封装"; Value = "唯一出售店铺网址https://shop463601444.taobao.com"; VariantName = "[No Variations]"
Change component parameters: Designator = "C30"; Footprint = "C0603"; UniqueID = "\DQNAIHKQ"
Change component parameters. Clean all parameters for all variants
Change component parameters (AddParameter): Name = "AddInBom"; Value = "yes"; VariantName = "[No Variations]"
Change component parameters (AddParameter): Name = "BOM名称"; Value = "无极性贴片电容"; VariantName = "[No Variations]"
Change component parameters (AddParameter): Name = "Channel ID"; Value = ""; VariantName = "[No Variations]"
Change component parameters (AddParameter): Name = "ConvertToPcb"; Value = "yes"; VariantName = "[No Variations]"
Change component parameters (AddParameter): Name = "Design Item ID"; Value = "C"; VariantName = "[No Variations]"
Change component parameters (AddParameter): Name = "Device"; Value = "104"; VariantName = "[No Variations]"
Change component parameters (AddParameter): Name = "Group ID"; Value = ""; VariantName = "[No Variations]"
Change component parameters (AddParameter): Name = "Origin Footprint"; Value = "C0603_M"; VariantName = "[No Variations]"
Change component parameters (AddParameter): Name = "Reuse Block"; Value = ""; VariantName = "[No Variations]"
Change component parameters (AddParameter): Name = "Symbol"; Value = "C"; VariantName = "[No Variations]"
Change component parameters (AddParameter): Name = "联系卖家，免费查找封装"; Value = "唯一出售店铺网址https://shop463601444.taobao.com"; VariantName = "[No Variations]"
Change component parameters: Designator = "C31"; Footprint = "C0603"; UniqueID = "\CZMZGVNN"
Change component parameters. Clean all parameters for all variants
Change component parameters (AddParameter): Name = "AddInBom"; Value = "yes"; VariantName = "[No Variations]"
Change component parameters (AddParameter): Name = "BOM名称"; Value = "无极性贴片电容"; VariantName = "[No Variations]"
Change component parameters (AddParameter): Name = "Channel ID"; Value = ""; VariantName = "[No Variations]"
Change component parameters (AddParameter): Name = "ConvertToPcb"; Value = "yes"; VariantName = "[No Variations]"
Change component parameters (AddParameter): Name = "Design Item ID"; Value = "C"; VariantName = "[No Variations]"
Change component parameters (AddParameter): Name = "Device"; Value = "104"; VariantName = "[No Variations]"
Change component parameters (AddParameter): Name = "Group ID"; Value = ""; VariantName = "[No Variations]"
Change component parameters (AddParameter): Name = "Origin Footprint"; Value = "C0603_M"; VariantName = "[No Variations]"
Change component parameters (AddParameter): Name = "Reuse Block"; Value = ""; VariantName = "[No Variations]"
Change component parameters (AddParameter): Name = "Symbol"; Value = "C"; VariantName = "[No Variations]"
Change component parameters (AddParameter): Name = "联系卖家，免费查找封装"; Value = "唯一出售店铺网址https://shop463601444.taobao.com"; VariantName = "[No Variations]"
Change component parameters: Designator = "C32"; Footprint = "C0603"; UniqueID = "\ILNGTIQL"
Change component parameters. Clean all parameters for all variants
Change component parameters (AddParameter): Name = "AddInBom"; Value = "yes"; VariantName = "[No Variations]"
Change component parameters (AddParameter): Name = "BOM名称"; Value = "无极性贴片电容"; VariantName = "[No Variations]"
Change component parameters (AddParameter): Name = "Channel ID"; Value = ""; VariantName = "[No Variations]"
Change component parameters (AddParameter): Name = "ConvertToPcb"; Value = "yes"; VariantName = "[No Variations]"
Change component parameters (AddParameter): Name = "Design Item ID"; Value = "C"; VariantName = "[No Variations]"
Change component parameters (AddParameter): Name = "Device"; Value = "104"; VariantName = "[No Variations]"
Change component parameters (AddParameter): Name = "Group ID"; Value = ""; VariantName = "[No Variations]"
Change component parameters (AddParameter): Name = "Origin Footprint"; Value = "C0603_M"; VariantName = "[No Variations]"
Change component parameters (AddParameter): Name = "Reuse Block"; Value = ""; VariantName = "[No Variations]"
Change component parameters (AddParameter): Name = "Symbol"; Value = "C"; VariantName = "[No Variations]"
Change component parameters (AddParameter): Name = "联系卖家，免费查找封装"; Value = "唯一出售店铺网址https://shop463601444.taobao.com"; VariantName = "[No Variations]"
Change component parameters: Designator = "C33"; Footprint = "C0603"; UniqueID = "\SRYYPCQZ"
Change component parameters. Clean all parameters for all variants
Change component parameters (AddParameter): Name = "AddInBom"; Value = "yes"; VariantName = "[No Variations]"
Change component parameters (AddParameter): Name = "BOM名称"; Value = "无极性贴片电容"; VariantName = "[No Variations]"
Change component parameters (AddParameter): Name = "Channel ID"; Value = ""; VariantName = "[No Variations]"
Change component parameters (AddParameter): Name = "ConvertToPcb"; Value = "yes"; VariantName = "[No Variations]"
Change component parameters (AddParameter): Name = "Design Item ID"; Value = "C"; VariantName = "[No Variations]"
Change component parameters (AddParameter): Name = "Device"; Value = "104"; VariantName = "[No Variations]"
Change component parameters (AddParameter): Name = "Group ID"; Value = ""; VariantName = "[No Variations]"
Change component parameters (AddParameter): Name = "Origin Footprint"; Value = "C0603_M"; VariantName = "[No Variations]"
Change component parameters (AddParameter): Name = "Reuse Block"; Value = ""; VariantName = "[No Variations]"
Change component parameters (AddParameter): Name = "Symbol"; Value = "C"; VariantName = "[No Variations]"
Change component parameters (AddParameter): Name = "联系卖家，免费查找封装"; Value = "唯一出售店铺网址https://shop463601444.taobao.com"; VariantName = "[No Variations]"
Change component parameters: Designator = "C34"; Footprint = "C0603"; UniqueID = "\CSODFUHX"
Change component parameters. Clean all parameters for all variants
Change component parameters (AddParameter): Name = "AddInBom"; Value = "yes"; VariantName = "[No Variations]"
Change component parameters (AddParameter): Name = "BOM名称"; Value = "无极性贴片电容"; VariantName = "[No Variations]"
Change component parameters (AddParameter): Name = "Channel ID"; Value = ""; VariantName = "[No Variations]"
Change component parameters (AddParameter): Name = "ConvertToPcb"; Value = "yes"; VariantName = "[No Variations]"
Change component parameters (AddParameter): Name = "Design Item ID"; Value = "C"; VariantName = "[No Variations]"
Change component parameters (AddParameter): Name = "Device"; Value = "104"; VariantName = "[No Variations]"
Change component parameters (AddParameter): Name = "Group ID"; Value = ""; VariantName = "[No Variations]"
Change component parameters (AddParameter): Name = "Origin Footprint"; Value = "C0603_M"; VariantName = "[No Variations]"
Change component parameters (AddParameter): Name = "Reuse Block"; Value = ""; VariantName = "[No Variations]"
Change component parameters (AddParameter): Name = "Symbol"; Value = "C"; VariantName = "[No Variations]"
Change component parameters (AddParameter): Name = "联系卖家，免费查找封装"; Value = "唯一出售店铺网址https://shop463601444.taobao.com"; VariantName = "[No Variations]"
Change component parameters: Designator = "C35"; Footprint = "C0603"; UniqueID = "\CWAFHDUB"
Change component parameters. Clean all parameters for all variants
Change component parameters (AddParameter): Name = "AddInBom"; Value = "yes"; VariantName = "[No Variations]"
Change component parameters (AddParameter): Name = "BOM名称"; Value = "无极性贴片电容"; VariantName = "[No Variations]"
Change component parameters (AddParameter): Name = "Channel ID"; Value = ""; VariantName = "[No Variations]"
Change component parameters (AddParameter): Name = "ConvertToPcb"; Value = "yes"; VariantName = "[No Variations]"
Change component parameters (AddParameter): Name = "Design Item ID"; Value = "C"; VariantName = "[No Variations]"
Change component parameters (AddParameter): Name = "Device"; Value = "104"; VariantName = "[No Variations]"
Change component parameters (AddParameter): Name = "Group ID"; Value = ""; VariantName = "[No Variations]"
Change component parameters (AddParameter): Name = "Origin Footprint"; Value = "C0603_M"; VariantName = "[No Variations]"
Change component parameters (AddParameter): Name = "Reuse Block"; Value = ""; VariantName = "[No Variations]"
Change component parameters (AddParameter): Name = "Symbol"; Value = "C"; VariantName = "[No Variations]"
Change component parameters (AddParameter): Name = "联系卖家，免费查找封装"; Value = "唯一出售店铺网址https://shop463601444.taobao.com"; VariantName = "[No Variations]"
Change component parameters: Designator = "C36"; Footprint = "C0603"; UniqueID = "\AQSWEEOV"
Change component parameters. Clean all parameters for all variants
Change component parameters (AddParameter): Name = "AddInBom"; Value = "yes"; VariantName = "[No Variations]"
Change component parameters (AddParameter): Name = "BOM名称"; Value = "无极性贴片电容"; VariantName = "[No Variations]"
Change component parameters (AddParameter): Name = "Channel ID"; Value = ""; VariantName = "[No Variations]"
Change component parameters (AddParameter): Name = "ConvertToPcb"; Value = "yes"; VariantName = "[No Variations]"
Change component parameters (AddParameter): Name = "Design Item ID"; Value = "C"; VariantName = "[No Variations]"
Change component parameters (AddParameter): Name = "Device"; Value = "104"; VariantName = "[No Variations]"
Change component parameters (AddParameter): Name = "Group ID"; Value = ""; VariantName = "[No Variations]"
Change component parameters (AddParameter): Name = "Origin Footprint"; Value = "C0603_M"; VariantName = "[No Variations]"
Change component parameters (AddParameter): Name = "Reuse Block"; Value = ""; VariantName = "[No Variations]"
Change component parameters (AddParameter): Name = "Symbol"; Value = "C"; VariantName = "[No Variations]"
Change component parameters (AddParameter): Name = "联系卖家，免费查找封装"; Value = "唯一出售店铺网址https://shop463601444.taobao.com"; VariantName = "[No Variations]"
Change component parameters: Designator = "C37"; Footprint = "C0603"; UniqueID = "\NTWHFZUB"
Change component parameters. Clean all parameters for all variants
Change component parameters (AddParameter): Name = "AddInBom"; Value = "yes"; VariantName = "[No Variations]"
Change component parameters (AddParameter): Name = "BOM名称"; Value = "无极性贴片电容"; VariantName = "[No Variations]"
Change component parameters (AddParameter): Name = "Channel ID"; Value = ""; VariantName = "[No Variations]"
Change component parameters (AddParameter): Name = "ConvertToPcb"; Value = "yes"; VariantName = "[No Variations]"
Change component parameters (AddParameter): Name = "Design Item ID"; Value = "C"; VariantName = "[No Variations]"
Change component parameters (AddParameter): Name = "Device"; Value = "104"; VariantName = "[No Variations]"
Change component parameters (AddParameter): Name = "Group ID"; Value = ""; VariantName = "[No Variations]"
Change component parameters (AddParameter): Name = "Origin Footprint"; Value = "C0603_M"; VariantName = "[No Variations]"
Change component parameters (AddParameter): Name = "Reuse Block"; Value = ""; VariantName = "[No Variations]"
Change component parameters (AddParameter): Name = "Symbol"; Value = "C"; VariantName = "[No Variations]"
Change component parameters (AddParameter): Name = "联系卖家，免费查找封装"; Value = "唯一出售店铺网址https://shop463601444.taobao.com"; VariantName = "[No Variations]"
Change component parameters: Designator = "C38"; Footprint = "C0603"; UniqueID = "\KISYXTRR"
Change component parameters. Clean all parameters for all variants
Change component parameters (AddParameter): Name = "AddInBom"; Value = "yes"; VariantName = "[No Variations]"
Change component parameters (AddParameter): Name = "BOM名称"; Value = "无极性贴片电容"; VariantName = "[No Variations]"
Change component parameters (AddParameter): Name = "Channel ID"; Value = ""; VariantName = "[No Variations]"
Change component parameters (AddParameter): Name = "ConvertToPcb"; Value = "yes"; VariantName = "[No Variations]"
Change component parameters (AddParameter): Name = "Design Item ID"; Value = "C"; VariantName = "[No Variations]"
Change component parameters (AddParameter): Name = "Device"; Value = "104"; VariantName = "[No Variations]"
Change component parameters (AddParameter): Name = "Group ID"; Value = ""; VariantName = "[No Variations]"
Change component parameters (AddParameter): Name = "Origin Footprint"; Value = "C0603_M"; VariantName = "[No Variations]"
Change component parameters (AddParameter): Name = "Reuse Block"; Value = ""; VariantName = "[No Variations]"
Change component parameters (AddParameter): Name = "Symbol"; Value = "C"; VariantName = "[No Variations]"
Change component parameters (AddParameter): Name = "联系卖家，免费查找封装"; Value = "唯一出售店铺网址https://shop463601444.taobao.com"; VariantName = "[No Variations]"
Change component parameters: Designator = "C39"; Footprint = "C0603"; UniqueID = "\WXQKTWHX"
Change component parameters. Clean all parameters for all variants
Change component parameters (AddParameter): Name = "AddInBom"; Value = "yes"; VariantName = "[No Variations]"
Change component parameters (AddParameter): Name = "BOM名称"; Value = "无极性贴片电容"; VariantName = "[No Variations]"
Change component parameters (AddParameter): Name = "Channel ID"; Value = ""; VariantName = "[No Variations]"
Change component parameters (AddParameter): Name = "ConvertToPcb"; Value = "yes"; VariantName = "[No Variations]"
Change component parameters (AddParameter): Name = "Design Item ID"; Value = "C"; VariantName = "[No Variations]"
Change component parameters (AddParameter): Name = "Device"; Value = "104"; VariantName = "[No Variations]"
Change component parameters (AddParameter): Name = "Group ID"; Value = ""; VariantName = "[No Variations]"
Change component parameters (AddParameter): Name = "Origin Footprint"; Value = "C0603_M"; VariantName = "[No Variations]"
Change component parameters (AddParameter): Name = "Reuse Block"; Value = ""; VariantName = "[No Variations]"
Change component parameters (AddParameter): Name = "Symbol"; Value = "C"; VariantName = "[No Variations]"
Change component parameters (AddParameter): Name = "联系卖家，免费查找封装"; Value = "唯一出售店铺网址https://shop463601444.taobao.com"; VariantName = "[No Variations]"
Change component parameters: Designator = "CE1"; Footprint = "C0805"; UniqueID = "\RGAEXVGG"
Change component parameters. Clean all parameters for all variants
Change component parameters (AddParameter): Name = "AddInBom"; Value = "yes"; VariantName = "[No Variations]"
Change component parameters (AddParameter): Name = "BOM名称"; Value = "直插电解电容"; VariantName = "[No Variations]"
Change component parameters (AddParameter): Name = "Channel ID"; Value = ""; VariantName = "[No Variations]"
Change component parameters (AddParameter): Name = "ConvertToPcb"; Value = "yes"; VariantName = "[No Variations]"
Change component parameters (AddParameter): Name = "Design Item ID"; Value = "CE"; VariantName = "[No Variations]"
Change component parameters (AddParameter): Name = "Device"; Value = "3.3uF/16V"; VariantName = "[No Variations]"
Change component parameters (AddParameter): Name = "Group ID"; Value = ""; VariantName = "[No Variations]"
Change component parameters (AddParameter): Name = "Origin Footprint 1"; Value = "C0805_M"; VariantName = "[No Variations]"
Change component parameters (AddParameter): Name = "Origin Footprint 2"; Value = "C0805_M"; VariantName = "[No Variations]"
Change component parameters (AddParameter): Name = "Reuse Block"; Value = ""; VariantName = "[No Variations]"
Change component parameters (AddParameter): Name = "Symbol"; Value = "CE"; VariantName = "[No Variations]"
Change component parameters (AddParameter): Name = "联系卖家，免费查找封装"; Value = "唯一出售店铺网址https://shop463601444.taobao.com"; VariantName = "[No Variations]"
Change component parameters: Designator = "CE2"; Footprint = "C0805"; UniqueID = "\QZJZVVMM"
Change component parameters. Clean all parameters for all variants
Change component parameters (AddParameter): Name = "AddInBom"; Value = "yes"; VariantName = "[No Variations]"
Change component parameters (AddParameter): Name = "BOM名称"; Value = "直插电解电容"; VariantName = "[No Variations]"
Change component parameters (AddParameter): Name = "Channel ID"; Value = ""; VariantName = "[No Variations]"
Change component parameters (AddParameter): Name = "ConvertToPcb"; Value = "yes"; VariantName = "[No Variations]"
Change component parameters (AddParameter): Name = "Design Item ID"; Value = "CE"; VariantName = "[No Variations]"
Change component parameters (AddParameter): Name = "Device"; Value = "22uF/16V"; VariantName = "[No Variations]"
Change component parameters (AddParameter): Name = "Group ID"; Value = ""; VariantName = "[No Variations]"
Change component parameters (AddParameter): Name = "Origin Footprint 1"; Value = "C0805_M"; VariantName = "[No Variations]"
Change component parameters (AddParameter): Name = "Origin Footprint 2"; Value = "C0805_M"; VariantName = "[No Variations]"
Change component parameters (AddParameter): Name = "Reuse Block"; Value = ""; VariantName = "[No Variations]"
Change component parameters (AddParameter): Name = "Symbol"; Value = "CE"; VariantName = "[No Variations]"
Change component parameters (AddParameter): Name = "联系卖家，免费查找封装"; Value = "唯一出售店铺网址https://shop463601444.taobao.com"; VariantName = "[No Variations]"
Change component parameters: Designator = "CE3"; Footprint = "C0805"; UniqueID = "\LYODEIRH"
Change component parameters. Clean all parameters for all variants
Change component parameters (AddParameter): Name = "AddInBom"; Value = "yes"; VariantName = "[No Variations]"
Change component parameters (AddParameter): Name = "BOM名称"; Value = "直插电解电容"; VariantName = "[No Variations]"
Change component parameters (AddParameter): Name = "Channel ID"; Value = ""; VariantName = "[No Variations]"
Change component parameters (AddParameter): Name = "ConvertToPcb"; Value = "yes"; VariantName = "[No Variations]"
Change component parameters (AddParameter): Name = "Design Item ID"; Value = "CE"; VariantName = "[No Variations]"
Change component parameters (AddParameter): Name = "Device"; Value = "22uF/16V"; VariantName = "[No Variations]"
Change component parameters (AddParameter): Name = "Group ID"; Value = ""; VariantName = "[No Variations]"
Change component parameters (AddParameter): Name = "Origin Footprint 1"; Value = "C0805_M"; VariantName = "[No Variations]"
Change component parameters (AddParameter): Name = "Origin Footprint 2"; Value = "C0805_M"; VariantName = "[No Variations]"
Change component parameters (AddParameter): Name = "Reuse Block"; Value = ""; VariantName = "[No Variations]"
Change component parameters (AddParameter): Name = "Symbol"; Value = "CE"; VariantName = "[No Variations]"
Change component parameters (AddParameter): Name = "联系卖家，免费查找封装"; Value = "唯一出售店铺网址https://shop463601444.taobao.com"; VariantName = "[No Variations]"
Change component parameters: Designator = "CE4"; Footprint = "C0805"; UniqueID = "\FJWTILFN"
Change component parameters. Clean all parameters for all variants
Change component parameters (AddParameter): Name = "AddInBom"; Value = "yes"; VariantName = "[No Variations]"
Change component parameters (AddParameter): Name = "BOM名称"; Value = "直插电解电容"; VariantName = "[No Variations]"
Change component parameters (AddParameter): Name = "Channel ID"; Value = ""; VariantName = "[No Variations]"
Change component parameters (AddParameter): Name = "ConvertToPcb"; Value = "yes"; VariantName = "[No Variations]"
Change component parameters (AddParameter): Name = "Design Item ID"; Value = "CE"; VariantName = "[No Variations]"
Change component parameters (AddParameter): Name = "Device"; Value = "22uF/16V"; VariantName = "[No Variations]"
Change component parameters (AddParameter): Name = "Group ID"; Value = ""; VariantName = "[No Variations]"
Change component parameters (AddParameter): Name = "Origin Footprint 1"; Value = "C0805_M"; VariantName = "[No Variations]"
Change component parameters (AddParameter): Name = "Origin Footprint 2"; Value = "C0805_M"; VariantName = "[No Variations]"
Change component parameters (AddParameter): Name = "Reuse Block"; Value = ""; VariantName = "[No Variations]"
Change component parameters (AddParameter): Name = "Symbol"; Value = "CE"; VariantName = "[No Variations]"
Change component parameters (AddParameter): Name = "联系卖家，免费查找封装"; Value = "唯一出售店铺网址https://shop463601444.taobao.com"; VariantName = "[No Variations]"
Change component parameters: Designator = "CE5"; Footprint = "C0805"; UniqueID = "\UJVWGVHX"
Change component parameters. Clean all parameters for all variants
Change component parameters (AddParameter): Name = "AddInBom"; Value = "yes"; VariantName = "[No Variations]"
Change component parameters (AddParameter): Name = "BOM名称"; Value = "直插电解电容"; VariantName = "[No Variations]"
Change component parameters (AddParameter): Name = "Channel ID"; Value = ""; VariantName = "[No Variations]"
Change component parameters (AddParameter): Name = "ConvertToPcb"; Value = "yes"; VariantName = "[No Variations]"
Change component parameters (AddParameter): Name = "Design Item ID"; Value = "CE"; VariantName = "[No Variations]"
Change component parameters (AddParameter): Name = "Device"; Value = "22uF/16V"; VariantName = "[No Variations]"
Change component parameters (AddParameter): Name = "Group ID"; Value = ""; VariantName = "[No Variations]"
Change component parameters (AddParameter): Name = "Origin Footprint 1"; Value = "C0805_M"; VariantName = "[No Variations]"
Change component parameters (AddParameter): Name = "Origin Footprint 2"; Value = "C0805_M"; VariantName = "[No Variations]"
Change component parameters (AddParameter): Name = "Reuse Block"; Value = ""; VariantName = "[No Variations]"
Change component parameters (AddParameter): Name = "Symbol"; Value = "CE"; VariantName = "[No Variations]"
Change component parameters (AddParameter): Name = "联系卖家，免费查找封装"; Value = "唯一出售店铺网址https://shop463601444.taobao.com"; VariantName = "[No Variations]"
Change component parameters: Designator = "Q4"; Footprint = "SOT-23-3_L2.9-W1.3-P1.90-LS2.4-BR"; UniqueID = "\FNVUPGFN"
Change component parameters. Clean all parameters for all variants
Change component parameters (AddParameter): Name = "AddInBom"; Value = "yes"; VariantName = "[No Variations]"
Change component parameters (AddParameter): Name = "Channel ID"; Value = ""; VariantName = "[No Variations]"
Change component parameters (AddParameter): Name = "ConvertToPcb"; Value = "yes"; VariantName = "[No Variations]"
Change component parameters (AddParameter): Name = "Device"; Value = "AO3400A_N"; VariantName = "[No Variations]"
Change component parameters (AddParameter): Name = "FootprintName"; Value = "SOT-23-3_L2.9-W1.3-P1.90-LS2.4-BR"; VariantName = "[No Variations]"
Change component parameters (AddParameter): Name = "Group ID"; Value = ""; VariantName = "[No Variations]"
Change component parameters (AddParameter): Name = "ModelId"; Value = "c62791f0466c4ae2a892c056b845b0ca"; VariantName = "[No Variations]"
Change component parameters (AddParameter): Name = "ModelName"; Value = "SOT-23-3P_L2.9-W1.3-H1.0-LS2.4-P0.95"; VariantName = "[No Variations]"
Change component parameters (AddParameter): Name = "ModelTransform"; Value = "98.425,114.173,0,180,0,0,0.0005,-0.0005,0"; VariantName = "[No Variations]"
Change component parameters (AddParameter): Name = "Reuse Block"; Value = ""; VariantName = "[No Variations]"
Change component parameters (AddParameter): Name = "Supplier Footprint"; Value = "SOT-23"; VariantName = "[No Variations]"
Change component parameters (AddParameter): Name = "SupplierPart"; Value = "C700953"; VariantName = "[No Variations]"
Change component parameters (AddParameter): Name = "Symbol"; Value = "N_MOS"; VariantName = "[No Variations]"
Change component parameters: Designator = "SW2"; Footprint = "SW-TH_4P-L6.0-W6.0-P4.50-LS6.5"; UniqueID = "\LGPPCXJB"
Change component parameters. Clean all parameters for all variants
Change component parameters (AddParameter): Name = "AddInBom"; Value = "yes"; VariantName = "[No Variations]"
Change component parameters (AddParameter): Name = "Channel ID"; Value = ""; VariantName = "[No Variations]"
Change component parameters (AddParameter): Name = "ConvertToPcb"; Value = "yes"; VariantName = "[No Variations]"
Change component parameters (AddParameter): Name = "Device"; Value = "Key_TH_6x6x6"; VariantName = "[No Variations]"
Change component parameters (AddParameter): Name = "FootprintName"; Value = "SW-TH_4P-L6.0-W6.0-P4.50-LS6.5"; VariantName = "[No Variations]"
Change component parameters (AddParameter): Name = "Group ID"; Value = ""; VariantName = "[No Variations]"
Change component parameters (AddParameter): Name = "ModelId"; Value = "20eee248bc684ccd8cbdbb1d0d91ec6f"; VariantName = "[No Variations]"
Change component parameters (AddParameter): Name = "ModelName"; Value = "SW-TH_4P-L6.0-W6.0-H5.0-LS6.5-P4.50"; VariantName = "[No Variations]"
Change component parameters (AddParameter): Name = "ModelTransform"; Value = "236.22,323.03,0,90,0,0,0,0,-137.795"; VariantName = "[No Variations]"
Change component parameters (AddParameter): Name = "Reuse Block"; Value = ""; VariantName = "[No Variations]"
Change component parameters (AddParameter): Name = "Supplier Footprint"; Value = "插件"; VariantName = "[No Variations]"
Change component parameters (AddParameter): Name = "SupplierPart"; Value = "C2837516"; VariantName = "[No Variations]"
Change component parameters (AddParameter): Name = "Symbol"; Value = "轻触按键"; VariantName = "[No Variations]"
Change component parameters: Designator = "SW3"; Footprint = "SW-TH_4P-L6.0-W6.0-P4.50-LS6.5"; UniqueID = "\WGCALTLP"
Change component parameters. Clean all parameters for all variants
Change component parameters (AddParameter): Name = "AddInBom"; Value = "yes"; VariantName = "[No Variations]"
Change component parameters (AddParameter): Name = "Channel ID"; Value = ""; VariantName = "[No Variations]"
Change component parameters (AddParameter): Name = "ConvertToPcb"; Value = "yes"; VariantName = "[No Variations]"
Change component parameters (AddParameter): Name = "Device"; Value = "Key_TH_6x6x6"; VariantName = "[No Variations]"
Change component parameters (AddParameter): Name = "FootprintName"; Value = "SW-TH_4P-L6.0-W6.0-P4.50-LS6.5"; VariantName = "[No Variations]"
Change component parameters (AddParameter): Name = "Group ID"; Value = ""; VariantName = "[No Variations]"
Change component parameters (AddParameter): Name = "ModelId"; Value = "20eee248bc684ccd8cbdbb1d0d91ec6f"; VariantName = "[No Variations]"
Change component parameters (AddParameter): Name = "ModelName"; Value = "SW-TH_4P-L6.0-W6.0-H5.0-LS6.5-P4.50"; VariantName = "[No Variations]"
Change component parameters (AddParameter): Name = "ModelTransform"; Value = "236.22,323.03,0,90,0,0,0,0,-137.795"; VariantName = "[No Variations]"
Change component parameters (AddParameter): Name = "Reuse Block"; Value = ""; VariantName = "[No Variations]"
Change component parameters (AddParameter): Name = "Supplier Footprint"; Value = "插件"; VariantName = "[No Variations]"
Change component parameters (AddParameter): Name = "SupplierPart"; Value = "C2837516"; VariantName = "[No Variations]"
Change component parameters (AddParameter): Name = "Symbol"; Value = "轻触按键"; VariantName = "[No Variations]"
Change component parameters: Designator = "SW4"; Footprint = "SW-TH_4P-L6.0-W6.0-P4.50-LS6.5"; UniqueID = "\LVMIEGIE"
Change component parameters. Clean all parameters for all variants
Change component parameters (AddParameter): Name = "AddInBom"; Value = "yes"; VariantName = "[No Variations]"
Change component parameters (AddParameter): Name = "Channel ID"; Value = ""; VariantName = "[No Variations]"
Change component parameters (AddParameter): Name = "ConvertToPcb"; Value = "yes"; VariantName = "[No Variations]"
Change component parameters (AddParameter): Name = "Device"; Value = "Key_TH_6x6x6"; VariantName = "[No Variations]"
Change component parameters (AddParameter): Name = "FootprintName"; Value = "SW-TH_4P-L6.0-W6.0-P4.50-LS6.5"; VariantName = "[No Variations]"
Change component parameters (AddParameter): Name = "Group ID"; Value = ""; VariantName = "[No Variations]"
Change component parameters (AddParameter): Name = "ModelId"; Value = "20eee248bc684ccd8cbdbb1d0d91ec6f"; VariantName = "[No Variations]"
Change component parameters (AddParameter): Name = "ModelName"; Value = "SW-TH_4P-L6.0-W6.0-H5.0-LS6.5-P4.50"; VariantName = "[No Variations]"
Change component parameters (AddParameter): Name = "ModelTransform"; Value = "236.22,323.03,0,90,0,0,0,0,-137.795"; VariantName = "[No Variations]"
Change component parameters (AddParameter): Name = "Reuse Block"; Value = ""; VariantName = "[No Variations]"
Change component parameters (AddParameter): Name = "Supplier Footprint"; Value = "插件"; VariantName = "[No Variations]"
Change component parameters (AddParameter): Name = "SupplierPart"; Value = "C2837516"; VariantName = "[No Variations]"
Change component parameters (AddParameter): Name = "Symbol"; Value = "轻触按键"; VariantName = "[No Variations]"
Change component parameters: Designator = "SW5"; Footprint = "SW-TH_4P-L6.0-W6.0-P4.50-LS6.5"; UniqueID = "\GAVZZLXI"
Change component parameters. Clean all parameters for all variants
Change component parameters (AddParameter): Name = "AddInBom"; Value = "yes"; VariantName = "[No Variations]"
Change component parameters (AddParameter): Name = "Channel ID"; Value = ""; VariantName = "[No Variations]"
Change component parameters (AddParameter): Name = "ConvertToPcb"; Value = "yes"; VariantName = "[No Variations]"
Change component parameters (AddParameter): Name = "Device"; Value = "Key_TH_6x6x6"; VariantName = "[No Variations]"
Change component parameters (AddParameter): Name = "FootprintName"; Value = "SW-TH_4P-L6.0-W6.0-P4.50-LS6.5"; VariantName = "[No Variations]"
Change component parameters (AddParameter): Name = "Group ID"; Value = ""; VariantName = "[No Variations]"
Change component parameters (AddParameter): Name = "ModelId"; Value = "20eee248bc684ccd8cbdbb1d0d91ec6f"; VariantName = "[No Variations]"
Change component parameters (AddParameter): Name = "ModelName"; Value = "SW-TH_4P-L6.0-W6.0-H5.0-LS6.5-P4.50"; VariantName = "[No Variations]"
Change component parameters (AddParameter): Name = "ModelTransform"; Value = "236.22,323.03,0,90,0,0,0,0,-137.795"; VariantName = "[No Variations]"
Change component parameters (AddParameter): Name = "Reuse Block"; Value = ""; VariantName = "[No Variations]"
Change component parameters (AddParameter): Name = "Supplier Footprint"; Value = "插件"; VariantName = "[No Variations]"
Change component parameters (AddParameter): Name = "SupplierPart"; Value = "C2837516"; VariantName = "[No Variations]"
Change component parameters (AddParameter): Name = "Symbol"; Value = "轻触按键"; VariantName = "[No Variations]"
Change component parameters: Designator = "D4"; Footprint = "SOT-23-3_L3.0-W1.7-P0.95-LS2.9-BR"; UniqueID = "\YHVDBWDW"
Change component parameters. Clean all parameters for all variants
Change component parameters (AddParameter): Name = "AddInBom"; Value = "yes"; VariantName = "[No Variations]"
Change component parameters (AddParameter): Name = "Average Rectified Current (Io)"; Value = "200mA"; VariantName = "[No Variations]"
Change component parameters (AddParameter): Name = "Channel ID"; Value = ""; VariantName = "[No Variations]"
Change component parameters (AddParameter): Name = "ConvertToPcb"; Value = "yes"; VariantName = "[No Variations]"
Change component parameters (AddParameter): Name = "Datasheet"; Value = "https://atta.szlcsc.com/upload/public/pdf/source/20180326/C130910_AAC331EF45C4B7D7866DD336DA3C5D86.pdf"; VariantName = "[No Variations]"
Change component parameters (AddParameter): Name = "Device"; Value = "BAT54S,215"; VariantName = "[No Variations]"
Change component parameters (AddParameter): Name = "Diode Configuration"; Value = "1对串联式"; VariantName = "[No Variations]"
Change component parameters (AddParameter): Name = "FootprintName"; Value = "SOT-23-3_L3.0-W1.7-P0.95-LS2.9-BR"; VariantName = "[No Variations]"
Change component parameters (AddParameter): Name = "Forward Voltage (Vf@If)"; Value = "800mV@100mA"; VariantName = "[No Variations]"
Change component parameters (AddParameter): Name = "Group ID"; Value = ""; VariantName = "[No Variations]"
Change component parameters (AddParameter): Name = "JLCPCB Part Class"; Value = "扩展库"; VariantName = "[No Variations]"
Change component parameters (AddParameter): Name = "LCSC Part Name"; Value = "电压:30V 电流:200mA"; VariantName = "[No Variations]"
Change component parameters (AddParameter): Name = "Manufacturer"; Value = "Nexperia(安世)"; VariantName = "[No Variations]"
Change component parameters (AddParameter): Name = "Manufacturer Part"; Value = "BAT54S,215"; VariantName = "[No Variations]"
Change component parameters (AddParameter): Name = "ModelId"; Value = "89cb27a44ab2466697082bb9fd73a7d0"; VariantName = "[No Variations]"
Change component parameters (AddParameter): Name = "ModelName"; Value = "SOT-23-3L_L2.9-W1.6-H1.1-LS2.8-P0.95"; VariantName = "[No Variations]"
Change component parameters (AddParameter): Name = "ModelTransform"; Value = "110.59301,114.173,0,180,0,0,0,-0.0005,0"; VariantName = "[No Variations]"
Change component parameters (AddParameter): Name = "Reuse Block"; Value = ""; VariantName = "[No Variations]"
Change component parameters (AddParameter): Name = "Reverse Leakage Current (Ir)"; Value = "2uA@25V"; VariantName = "[No Variations]"
Change component parameters (AddParameter): Name = "Reverse Voltage (Vr)"; Value = "30V"; VariantName = "[No Variations]"
Change component parameters (AddParameter): Name = "Supplier"; Value = "LCSC"; VariantName = "[No Variations]"
Change component parameters (AddParameter): Name = "Supplier Footprint"; Value = "SOT-23"; VariantName = "[No Variations]"
Change component parameters (AddParameter): Name = "Supplier Part"; Value = "C47546"; VariantName = "[No Variations]"
Change component parameters (AddParameter): Name = "Symbol"; Value = "BAT54S,215"; VariantName = "[No Variations]"
Change component parameters: Designator = "D5"; Footprint = "SOT-23-3_L3.0-W1.7-P0.95-LS2.9-BR"; UniqueID = "\TJQAMMDT"
Change component parameters. Clean all parameters for all variants
Change component parameters (AddParameter): Name = "AddInBom"; Value = "yes"; VariantName = "[No Variations]"
Change component parameters (AddParameter): Name = "Average Rectified Current (Io)"; Value = "200mA"; VariantName = "[No Variations]"
Change component parameters (AddParameter): Name = "Channel ID"; Value = ""; VariantName = "[No Variations]"
Change component parameters (AddParameter): Name = "ConvertToPcb"; Value = "yes"; VariantName = "[No Variations]"
Change component parameters (AddParameter): Name = "Datasheet"; Value = "https://atta.szlcsc.com/upload/public/pdf/source/20180326/C130910_AAC331EF45C4B7D7866DD336DA3C5D86.pdf"; VariantName = "[No Variations]"
Change component parameters (AddParameter): Name = "Device"; Value = "BAT54S,215"; VariantName = "[No Variations]"
Change component parameters (AddParameter): Name = "Diode Configuration"; Value = "1对串联式"; VariantName = "[No Variations]"
Change component parameters (AddParameter): Name = "FootprintName"; Value = "SOT-23-3_L3.0-W1.7-P0.95-LS2.9-BR"; VariantName = "[No Variations]"
Change component parameters (AddParameter): Name = "Forward Voltage (Vf@If)"; Value = "800mV@100mA"; VariantName = "[No Variations]"
Change component parameters (AddParameter): Name = "Group ID"; Value = ""; VariantName = "[No Variations]"
Change component parameters (AddParameter): Name = "JLCPCB Part Class"; Value = "扩展库"; VariantName = "[No Variations]"
Change component parameters (AddParameter): Name = "LCSC Part Name"; Value = "电压:30V 电流:200mA"; VariantName = "[No Variations]"
Change component parameters (AddParameter): Name = "Manufacturer"; Value = "Nexperia(安世)"; VariantName = "[No Variations]"
Change component parameters (AddParameter): Name = "Manufacturer Part"; Value = "BAT54S,215"; VariantName = "[No Variations]"
Change component parameters (AddParameter): Name = "ModelId"; Value = "89cb27a44ab2466697082bb9fd73a7d0"; VariantName = "[No Variations]"
Change component parameters (AddParameter): Name = "ModelName"; Value = "SOT-23-3L_L2.9-W1.6-H1.1-LS2.8-P0.95"; VariantName = "[No Variations]"
Change component parameters (AddParameter): Name = "ModelTransform"; Value = "110.59301,114.173,0,180,0,0,0,-0.0005,0"; VariantName = "[No Variations]"
Change component parameters (AddParameter): Name = "Reuse Block"; Value = ""; VariantName = "[No Variations]"
Change component parameters (AddParameter): Name = "Reverse Leakage Current (Ir)"; Value = "2uA@25V"; VariantName = "[No Variations]"
Change component parameters (AddParameter): Name = "Reverse Voltage (Vr)"; Value = "30V"; VariantName = "[No Variations]"
Change component parameters (AddParameter): Name = "Supplier"; Value = "LCSC"; VariantName = "[No Variations]"
Change component parameters (AddParameter): Name = "Supplier Footprint"; Value = "SOT-23"; VariantName = "[No Variations]"
Change component parameters (AddParameter): Name = "Supplier Part"; Value = "C47546"; VariantName = "[No Variations]"
Change component parameters (AddParameter): Name = "Symbol"; Value = "BAT54S,215"; VariantName = "[No Variations]"
Change component parameters: Designator = "L2"; Footprint = "L0603"; UniqueID = "\OQJNBHOH"
Change component parameters. Clean all parameters for all variants
Change component parameters (AddParameter): Name = "AddInBom"; Value = "yes"; VariantName = "[No Variations]"
Change component parameters (AddParameter): Name = "Channel ID"; Value = ""; VariantName = "[No Variations]"
Change component parameters (AddParameter): Name = "Circuits"; Value = "1"; VariantName = "[No Variations]"
Change component parameters (AddParameter): Name = "ConvertToPcb"; Value = "yes"; VariantName = "[No Variations]"
Change component parameters (AddParameter): Name = "Current Rating"; Value = "300mA"; VariantName = "[No Variations]"
Change component parameters (AddParameter): Name = "Datasheet"; Value = "https://atta.szlcsc.com/upload/public/pdf/source/20181120/C333978_3E581FB55966932B05020139ABDE8E01.pdf"; VariantName = "[No Variations]"
Change component parameters (AddParameter): Name = "DC Resistance"; Value = "650mΩ"; VariantName = "[No Variations]"
Change component parameters (AddParameter): Name = "Device"; Value = "BLM15AG102SN1D"; VariantName = "[No Variations]"
Change component parameters (AddParameter): Name = "FootprintName"; Value = "L0603"; VariantName = "[No Variations]"
Change component parameters (AddParameter): Name = "Group ID"; Value = ""; VariantName = "[No Variations]"
Change component parameters (AddParameter): Name = "Impedance @ Frequency"; Value = "1kΩ@100MHz"; VariantName = "[No Variations]"
Change component parameters (AddParameter): Name = "JLCPCB Part Class"; Value = "扩展库"; VariantName = "[No Variations]"
Change component parameters (AddParameter): Name = "LCSC Part Name"; Value = "单路 0402磁珠 阻抗1kΩ@100MHz"; VariantName = "[No Variations]"
Change component parameters (AddParameter): Name = "Manufacturer"; Value = "muRata(村田)"; VariantName = "[No Variations]"
Change component parameters (AddParameter): Name = "ManufacturerPart"; Value = "BLM15AG102SN1D"; VariantName = "[No Variations]"
Change component parameters (AddParameter): Name = "ModelId"; Value = "d8d36575a3234d4790bfa765c88664a7"; VariantName = "[No Variations]"
Change component parameters (AddParameter): Name = "ModelName"; Value = "L0402_L1.0-W0.5-H0.5_BEAD"; VariantName = "[No Variations]"
Change component parameters (AddParameter): Name = "ModelTransform"; Value = "39.37,19.685,0,0,0,0,0,0.0005,0"; VariantName = "[No Variations]"
Change component parameters (AddParameter): Name = "Reuse Block"; Value = ""; VariantName = "[No Variations]"
Change component parameters (AddParameter): Name = "Supplier"; Value = "LCSC"; VariantName = "[No Variations]"
Change component parameters (AddParameter): Name = "Supplier Footprint"; Value = "0402"; VariantName = "[No Variations]"
Change component parameters (AddParameter): Name = "SupplierPart"; Value = "C76883"; VariantName = "[No Variations]"
Change component parameters (AddParameter): Name = "Symbol"; Value = "BLM15AG102SN1D"; VariantName = "[No Variations]"
Change component parameters (AddParameter): Name = "Tolerance"; Value = "±25%"; VariantName = "[No Variations]"
Change component parameters: Designator = "L6"; Footprint = "L0603"; UniqueID = "\KSTMOQHW"
Change component parameters. Clean all parameters for all variants
Change component parameters (AddParameter): Name = "AddInBom"; Value = "yes"; VariantName = "[No Variations]"
Change component parameters (AddParameter): Name = "Channel ID"; Value = ""; VariantName = "[No Variations]"
Change component parameters (AddParameter): Name = "Circuits"; Value = "1"; VariantName = "[No Variations]"
Change component parameters (AddParameter): Name = "ConvertToPcb"; Value = "yes"; VariantName = "[No Variations]"
Change component parameters (AddParameter): Name = "Current Rating"; Value = "300mA"; VariantName = "[No Variations]"
Change component parameters (AddParameter): Name = "Datasheet"; Value = "https://atta.szlcsc.com/upload/public/pdf/source/20181120/C333978_3E581FB55966932B05020139ABDE8E01.pdf"; VariantName = "[No Variations]"
Change component parameters (AddParameter): Name = "DC Resistance"; Value = "650mΩ"; VariantName = "[No Variations]"
Change component parameters (AddParameter): Name = "Device"; Value = "BLM15AG102SN1D"; VariantName = "[No Variations]"
Change component parameters (AddParameter): Name = "FootprintName"; Value = "L0603"; VariantName = "[No Variations]"
Change component parameters (AddParameter): Name = "Group ID"; Value = ""; VariantName = "[No Variations]"
Change component parameters (AddParameter): Name = "Impedance @ Frequency"; Value = "1kΩ@100MHz"; VariantName = "[No Variations]"
Change component parameters (AddParameter): Name = "JLCPCB Part Class"; Value = "扩展库"; VariantName = "[No Variations]"
Change component parameters (AddParameter): Name = "LCSC Part Name"; Value = "单路 0402磁珠 阻抗1kΩ@100MHz"; VariantName = "[No Variations]"
Change component parameters (AddParameter): Name = "Manufacturer"; Value = "muRata(村田)"; VariantName = "[No Variations]"
Change component parameters (AddParameter): Name = "ManufacturerPart"; Value = "BLM15AG102SN1D"; VariantName = "[No Variations]"
Change component parameters (AddParameter): Name = "ModelId"; Value = "d8d36575a3234d4790bfa765c88664a7"; VariantName = "[No Variations]"
Change component parameters (AddParameter): Name = "ModelName"; Value = "L0402_L1.0-W0.5-H0.5_BEAD"; VariantName = "[No Variations]"
Change component parameters (AddParameter): Name = "ModelTransform"; Value = "39.37,19.685,0,0,0,0,0,0.0005,0"; VariantName = "[No Variations]"
Change component parameters (AddParameter): Name = "Reuse Block"; Value = ""; VariantName = "[No Variations]"
Change component parameters (AddParameter): Name = "Supplier"; Value = "LCSC"; VariantName = "[No Variations]"
Change component parameters (AddParameter): Name = "Supplier Footprint"; Value = "0402"; VariantName = "[No Variations]"
Change component parameters (AddParameter): Name = "SupplierPart"; Value = "C76883"; VariantName = "[No Variations]"
Change component parameters (AddParameter): Name = "Symbol"; Value = "BLM15AG102SN1D"; VariantName = "[No Variations]"
Change component parameters (AddParameter): Name = "Tolerance"; Value = "±25%"; VariantName = "[No Variations]"
Change component parameters: Designator = "L7"; Footprint = "L0603"; UniqueID = "\YFUTHGVU"
Change component parameters. Clean all parameters for all variants
Change component parameters (AddParameter): Name = "AddInBom"; Value = "yes"; VariantName = "[No Variations]"
Change component parameters (AddParameter): Name = "Channel ID"; Value = ""; VariantName = "[No Variations]"
Change component parameters (AddParameter): Name = "Circuits"; Value = "1"; VariantName = "[No Variations]"
Change component parameters (AddParameter): Name = "ConvertToPcb"; Value = "yes"; VariantName = "[No Variations]"
Change component parameters (AddParameter): Name = "Current Rating"; Value = "300mA"; VariantName = "[No Variations]"
Change component parameters (AddParameter): Name = "Datasheet"; Value = "https://atta.szlcsc.com/upload/public/pdf/source/20181120/C333978_3E581FB55966932B05020139ABDE8E01.pdf"; VariantName = "[No Variations]"
Change component parameters (AddParameter): Name = "DC Resistance"; Value = "650mΩ"; VariantName = "[No Variations]"
Change component parameters (AddParameter): Name = "Device"; Value = "BLM15AG102SN1D"; VariantName = "[No Variations]"
Change component parameters (AddParameter): Name = "FootprintName"; Value = "L0603"; VariantName = "[No Variations]"
Change component parameters (AddParameter): Name = "Group ID"; Value = ""; VariantName = "[No Variations]"
Change component parameters (AddParameter): Name = "Impedance @ Frequency"; Value = "1kΩ@100MHz"; VariantName = "[No Variations]"
Change component parameters (AddParameter): Name = "JLCPCB Part Class"; Value = "扩展库"; VariantName = "[No Variations]"
Change component parameters (AddParameter): Name = "LCSC Part Name"; Value = "单路 0402磁珠 阻抗1kΩ@100MHz"; VariantName = "[No Variations]"
Change component parameters (AddParameter): Name = "Manufacturer"; Value = "muRata(村田)"; VariantName = "[No Variations]"
Change component parameters (AddParameter): Name = "ManufacturerPart"; Value = "BLM15AG102SN1D"; VariantName = "[No Variations]"
Change component parameters (AddParameter): Name = "ModelId"; Value = "d8d36575a3234d4790bfa765c88664a7"; VariantName = "[No Variations]"
Change component parameters (AddParameter): Name = "ModelName"; Value = "L0402_L1.0-W0.5-H0.5_BEAD"; VariantName = "[No Variations]"
Change component parameters (AddParameter): Name = "ModelTransform"; Value = "39.37,19.685,0,0,0,0,0,0.0005,0"; VariantName = "[No Variations]"
Change component parameters (AddParameter): Name = "Reuse Block"; Value = ""; VariantName = "[No Variations]"
Change component parameters (AddParameter): Name = "Supplier"; Value = "LCSC"; VariantName = "[No Variations]"
Change component parameters (AddParameter): Name = "Supplier Footprint"; Value = "0402"; VariantName = "[No Variations]"
Change component parameters (AddParameter): Name = "SupplierPart"; Value = "C76883"; VariantName = "[No Variations]"
Change component parameters (AddParameter): Name = "Symbol"; Value = "BLM15AG102SN1D"; VariantName = "[No Variations]"
Change component parameters (AddParameter): Name = "Tolerance"; Value = "±25%"; VariantName = "[No Variations]"
Change component parameters: Designator = "L9"; Footprint = "L0603"; UniqueID = "\DNIYVZWD"
Change component parameters. Clean all parameters for all variants
Change component parameters (AddParameter): Name = "AddInBom"; Value = "yes"; VariantName = "[No Variations]"
Change component parameters (AddParameter): Name = "Channel ID"; Value = ""; VariantName = "[No Variations]"
Change component parameters (AddParameter): Name = "Circuits"; Value = "1"; VariantName = "[No Variations]"
Change component parameters (AddParameter): Name = "ConvertToPcb"; Value = "yes"; VariantName = "[No Variations]"
Change component parameters (AddParameter): Name = "Current Rating"; Value = "300mA"; VariantName = "[No Variations]"
Change component parameters (AddParameter): Name = "Datasheet"; Value = "https://atta.szlcsc.com/upload/public/pdf/source/20181120/C333978_3E581FB55966932B05020139ABDE8E01.pdf"; VariantName = "[No Variations]"
Change component parameters (AddParameter): Name = "DC Resistance"; Value = "650mΩ"; VariantName = "[No Variations]"
Change component parameters (AddParameter): Name = "Device"; Value = "BLM15AG102SN1D"; VariantName = "[No Variations]"
Change component parameters (AddParameter): Name = "FootprintName"; Value = "L0603"; VariantName = "[No Variations]"
Change component parameters (AddParameter): Name = "Group ID"; Value = ""; VariantName = "[No Variations]"
Change component parameters (AddParameter): Name = "Impedance @ Frequency"; Value = "1kΩ@100MHz"; VariantName = "[No Variations]"
Change component parameters (AddParameter): Name = "JLCPCB Part Class"; Value = "扩展库"; VariantName = "[No Variations]"
Change component parameters (AddParameter): Name = "LCSC Part Name"; Value = "单路 0402磁珠 阻抗1kΩ@100MHz"; VariantName = "[No Variations]"
Change component parameters (AddParameter): Name = "Manufacturer"; Value = "muRata(村田)"; VariantName = "[No Variations]"
Change component parameters (AddParameter): Name = "ManufacturerPart"; Value = "BLM15AG102SN1D"; VariantName = "[No Variations]"
Change component parameters (AddParameter): Name = "ModelId"; Value = "d8d36575a3234d4790bfa765c88664a7"; VariantName = "[No Variations]"
Change component parameters (AddParameter): Name = "ModelName"; Value = "L0402_L1.0-W0.5-H0.5_BEAD"; VariantName = "[No Variations]"
Change component parameters (AddParameter): Name = "ModelTransform"; Value = "39.37,19.685,0,0,0,0,0,0.0005,0"; VariantName = "[No Variations]"
Change component parameters (AddParameter): Name = "Reuse Block"; Value = ""; VariantName = "[No Variations]"
Change component parameters (AddParameter): Name = "Supplier"; Value = "LCSC"; VariantName = "[No Variations]"
Change component parameters (AddParameter): Name = "Supplier Footprint"; Value = "0402"; VariantName = "[No Variations]"
Change component parameters (AddParameter): Name = "SupplierPart"; Value = "C76883"; VariantName = "[No Variations]"
Change component parameters (AddParameter): Name = "Symbol"; Value = "BLM15AG102SN1D"; VariantName = "[No Variations]"
Change component parameters (AddParameter): Name = "Tolerance"; Value = "±25%"; VariantName = "[No Variations]"
Change component parameters: Designator = "L11"; Footprint = "L0603"; UniqueID = "\JLYBZRIB"
Change component parameters. Clean all parameters for all variants
Change component parameters (AddParameter): Name = "AddInBom"; Value = "yes"; VariantName = "[No Variations]"
Change component parameters (AddParameter): Name = "Channel ID"; Value = ""; VariantName = "[No Variations]"
Change component parameters (AddParameter): Name = "Circuits"; Value = "1"; VariantName = "[No Variations]"
Change component parameters (AddParameter): Name = "ConvertToPcb"; Value = "yes"; VariantName = "[No Variations]"
Change component parameters (AddParameter): Name = "Current Rating"; Value = "300mA"; VariantName = "[No Variations]"
Change component parameters (AddParameter): Name = "Datasheet"; Value = "https://atta.szlcsc.com/upload/public/pdf/source/20181120/C333978_3E581FB55966932B05020139ABDE8E01.pdf"; VariantName = "[No Variations]"
Change component parameters (AddParameter): Name = "DC Resistance"; Value = "650mΩ"; VariantName = "[No Variations]"
Change component parameters (AddParameter): Name = "Device"; Value = "BLM15AG102SN1D"; VariantName = "[No Variations]"
Change component parameters (AddParameter): Name = "FootprintName"; Value = "L0603"; VariantName = "[No Variations]"
Change component parameters (AddParameter): Name = "Group ID"; Value = ""; VariantName = "[No Variations]"
Change component parameters (AddParameter): Name = "Impedance @ Frequency"; Value = "1kΩ@100MHz"; VariantName = "[No Variations]"
Change component parameters (AddParameter): Name = "JLCPCB Part Class"; Value = "扩展库"; VariantName = "[No Variations]"
Change component parameters (AddParameter): Name = "LCSC Part Name"; Value = "单路 0402磁珠 阻抗1kΩ@100MHz"; VariantName = "[No Variations]"
Change component parameters (AddParameter): Name = "Manufacturer"; Value = "muRata(村田)"; VariantName = "[No Variations]"
Change component parameters (AddParameter): Name = "ManufacturerPart"; Value = "BLM15AG102SN1D"; VariantName = "[No Variations]"
Change component parameters (AddParameter): Name = "ModelId"; Value = "d8d36575a3234d4790bfa765c88664a7"; VariantName = "[No Variations]"
Change component parameters (AddParameter): Name = "ModelName"; Value = "L0402_L1.0-W0.5-H0.5_BEAD"; VariantName = "[No Variations]"
Change component parameters (AddParameter): Name = "ModelTransform"; Value = "39.37,19.685,0,0,0,0,0,0.0005,0"; VariantName = "[No Variations]"
Change component parameters (AddParameter): Name = "Reuse Block"; Value = ""; VariantName = "[No Variations]"
Change component parameters (AddParameter): Name = "Supplier"; Value = "LCSC"; VariantName = "[No Variations]"
Change component parameters (AddParameter): Name = "Supplier Footprint"; Value = "0402"; VariantName = "[No Variations]"
Change component parameters (AddParameter): Name = "SupplierPart"; Value = "C76883"; VariantName = "[No Variations]"
Change component parameters (AddParameter): Name = "Symbol"; Value = "BLM15AG102SN1D"; VariantName = "[No Variations]"
Change component parameters (AddParameter): Name = "Tolerance"; Value = "±25%"; VariantName = "[No Variations]"
Change component parameters: Designator = "D1"; Footprint = "SMA_L4.3-W2.6-LS5.0-FD"; UniqueID = "\XDYNEEEO"
Change component parameters. Clean all parameters for all variants
Change component parameters (AddParameter): Name = "AddInBom"; Value = "yes"; VariantName = "[No Variations]"
Change component parameters (AddParameter): Name = "Channel ID"; Value = ""; VariantName = "[No Variations]"
Change component parameters (AddParameter): Name = "ConvertToPcb"; Value = "yes"; VariantName = "[No Variations]"
Change component parameters (AddParameter): Name = "Datasheet"; Value = "https://atta.szlcsc.com/upload/public/pdf/source/20230828/2D67628D7EFDC2DD386D167E8AEA232D.pdf"; VariantName = "[No Variations]"
Change component parameters (AddParameter): Name = "Device"; Value = "SS24_C7420362"; VariantName = "[No Variations]"
Change component parameters (AddParameter): Name = "Diode Configuration"; Value = "独立式"; VariantName = "[No Variations]"
Change component parameters (AddParameter): Name = "FootprintName"; Value = "SMA_L4.3-W2.6-LS5.0-FD"; VariantName = "[No Variations]"
Change component parameters (AddParameter): Name = "Forward Voltage (Vf@If)"; Value = "550mV@1.0A"; VariantName = "[No Variations]"
Change component parameters (AddParameter): Name = "Group ID"; Value = ""; VariantName = "[No Variations]"
Change component parameters (AddParameter): Name = "JLCPCB Part Class"; Value = "扩展库"; VariantName = "[No Variations]"
Change component parameters (AddParameter): Name = "LCSC Part Name"; Value = "电压:40V 电流:2A"; VariantName = "[No Variations]"
Change component parameters (AddParameter): Name = "Manufacturer"; Value = "宏迦橙"; VariantName = "[No Variations]"
Change component parameters (AddParameter): Name = "Manufacturer Part"; Value = "SS24"; VariantName = "[No Variations]"
Change component parameters (AddParameter): Name = "ModelId"; Value = "7e24bebe6cd74171ae8c9de6fc5b78aa"; VariantName = "[No Variations]"
Change component parameters (AddParameter): Name = "ModelName"; Value = "SMA_L4.3-W2.6-LS5.0-FD"; VariantName = "[No Variations]"
Change component parameters (AddParameter): Name = "ModelTransform"; Value = "198.4248,103.5431,0,180,0,0,0,0,0"; VariantName = "[No Variations]"
Change component parameters (AddParameter): Name = "Rectified Current"; Value = "2A"; VariantName = "[No Variations]"
Change component parameters (AddParameter): Name = "Reuse Block"; Value = ""; VariantName = "[No Variations]"
Change component parameters (AddParameter): Name = "Reverse Leakage Current (Ir)"; Value = "200uA@40V"; VariantName = "[No Variations]"
Change component parameters (AddParameter): Name = "Reverse Voltage (Vr)"; Value = "40V"; VariantName = "[No Variations]"
Change component parameters (AddParameter): Name = "Supplier"; Value = "LCSC"; VariantName = "[No Variations]"
Change component parameters (AddParameter): Name = "Supplier Footprint"; Value = "SMA(DO-214AC)"; VariantName = "[No Variations]"
Change component parameters (AddParameter): Name = "SupplierPart"; Value = "C7420362"; VariantName = "[No Variations]"
Change component parameters (AddParameter): Name = "Symbol"; Value = "SS24_C7420362"; VariantName = "[No Variations]"
Change component parameters: Designator = "D2"; Footprint = "SMA_L4.3-W2.6-LS5.0-FD"; UniqueID = "\DEVABDEI"
Change component parameters. Clean all parameters for all variants
Change component parameters (AddParameter): Name = "AddInBom"; Value = "yes"; VariantName = "[No Variations]"
Change component parameters (AddParameter): Name = "Channel ID"; Value = ""; VariantName = "[No Variations]"
Change component parameters (AddParameter): Name = "ConvertToPcb"; Value = "yes"; VariantName = "[No Variations]"
Change component parameters (AddParameter): Name = "Datasheet"; Value = "https://atta.szlcsc.com/upload/public/pdf/source/20230828/2D67628D7EFDC2DD386D167E8AEA232D.pdf"; VariantName = "[No Variations]"
Change component parameters (AddParameter): Name = "Device"; Value = "SS24_C7420362"; VariantName = "[No Variations]"
Change component parameters (AddParameter): Name = "Diode Configuration"; Value = "独立式"; VariantName = "[No Variations]"
Change component parameters (AddParameter): Name = "FootprintName"; Value = "SMA_L4.3-W2.6-LS5.0-FD"; VariantName = "[No Variations]"
Change component parameters (AddParameter): Name = "Forward Voltage (Vf@If)"; Value = "550mV@1.0A"; VariantName = "[No Variations]"
Change component parameters (AddParameter): Name = "Group ID"; Value = ""; VariantName = "[No Variations]"
Change component parameters (AddParameter): Name = "JLCPCB Part Class"; Value = "扩展库"; VariantName = "[No Variations]"
Change component parameters (AddParameter): Name = "LCSC Part Name"; Value = "电压:40V 电流:2A"; VariantName = "[No Variations]"
Change component parameters (AddParameter): Name = "Manufacturer"; Value = "宏迦橙"; VariantName = "[No Variations]"
Change component parameters (AddParameter): Name = "Manufacturer Part"; Value = "SS24"; VariantName = "[No Variations]"
Change component parameters (AddParameter): Name = "ModelId"; Value = "7e24bebe6cd74171ae8c9de6fc5b78aa"; VariantName = "[No Variations]"
Change component parameters (AddParameter): Name = "ModelName"; Value = "SMA_L4.3-W2.6-LS5.0-FD"; VariantName = "[No Variations]"
Change component parameters (AddParameter): Name = "ModelTransform"; Value = "198.4248,103.5431,0,180,0,0,0,0,0"; VariantName = "[No Variations]"
Change component parameters (AddParameter): Name = "Rectified Current"; Value = "2A"; VariantName = "[No Variations]"
Change component parameters (AddParameter): Name = "Reuse Block"; Value = ""; VariantName = "[No Variations]"
Change component parameters (AddParameter): Name = "Reverse Leakage Current (Ir)"; Value = "200uA@40V"; VariantName = "[No Variations]"
Change component parameters (AddParameter): Name = "Reverse Voltage (Vr)"; Value = "40V"; VariantName = "[No Variations]"
Change component parameters (AddParameter): Name = "Supplier"; Value = "LCSC"; VariantName = "[No Variations]"
Change component parameters (AddParameter): Name = "Supplier Footprint"; Value = "SMA(DO-214AC)"; VariantName = "[No Variations]"
Change component parameters (AddParameter): Name = "SupplierPart"; Value = "C7420362"; VariantName = "[No Variations]"
Change component parameters (AddParameter): Name = "Symbol"; Value = "SS24_C7420362"; VariantName = "[No Variations]"
Change component parameters: Designator = "X2"; Footprint = "CRYSTAL-SMD_L11.5-W4.8-LS12.7"; UniqueID = "\JCRXQAXG"
Change component parameters. Clean all parameters for all variants
Change component parameters (AddParameter): Name = "AddInBom"; Value = "yes"; VariantName = "[No Variations]"
Change component parameters (AddParameter): Name = "Channel ID"; Value = ""; VariantName = "[No Variations]"
Change component parameters (AddParameter): Name = "ConvertToPcb"; Value = "yes"; VariantName = "[No Variations]"
Change component parameters (AddParameter): Name = "Crystal Type"; Value = "贴片晶振"; VariantName = "[No Variations]"
Change component parameters (AddParameter): Name = "Datasheet"; Value = "https://atta.szlcsc.com/upload/public/pdf/source/20240329/3EBF42EBCAB50CA65B6FA9D7CFA1955A.pdf"; VariantName = "[No Variations]"
Change component parameters (AddParameter): Name = "Device"; Value = "X49SM8MSD2SC"; VariantName = "[No Variations]"
Change component parameters (AddParameter): Name = "External load capacitor"; Value = "20pF"; VariantName = "[No Variations]"
Change component parameters (AddParameter): Name = "FootprintName"; Value = "CRYSTAL-SMD_L11.5-W4.8-LS12.7"; VariantName = "[No Variations]"
Change component parameters (AddParameter): Name = "Frequency Stability(Full temperature range)"; Value = "±30ppm"; VariantName = "[No Variations]"
Change component parameters (AddParameter): Name = "Group ID"; Value = ""; VariantName = "[No Variations]"
Change component parameters (AddParameter): Name = "JLCPCB Part Class"; Value = "基础库"; VariantName = "[No Variations]"
Change component parameters (AddParameter): Name = "LCSC Part Name"; Value = "8MHz ±20ppm 20pF"; VariantName = "[No Variations]"
Change component parameters (AddParameter): Name = "Manufacturer"; Value = "YXC(扬兴晶振)"; VariantName = "[No Variations]"
Change component parameters (AddParameter): Name = "ManufacturerPart"; Value = "X49SM8MSD2SC"; VariantName = "[No Variations]"
Change component parameters (AddParameter): Name = "ModelId"; Value = "6f569b91267b44029b8615eb5c810fba"; VariantName = "[No Variations]"
Change component parameters (AddParameter): Name = "ModelName"; Value = "HC-49S_L11.4-W1.8-H3.0-LS12.7"; VariantName = "[No Variations]"
Change component parameters (AddParameter): Name = "ModelTransform"; Value = "499.999,188.976,0,180,0,0,0.002,-0.002,0"; VariantName = "[No Variations]"
Change component parameters (AddParameter): Name = "Normal temperature Frequency Tolerance"; Value = "±20ppm"; VariantName = "[No Variations]"
Change component parameters (AddParameter): Name = "Operating Temperature"; Value = "-20℃~+70℃"; VariantName = "[No Variations]"
Change component parameters (AddParameter): Name = "Reuse Block"; Value = ""; VariantName = "[No Variations]"
Change component parameters (AddParameter): Name = "Supplier"; Value = "LCSC"; VariantName = "[No Variations]"
Change component parameters (AddParameter): Name = "Supplier Footprint"; Value = "HC-49S-SMD"; VariantName = "[No Variations]"
Change component parameters (AddParameter): Name = "Supplier Part"; Value = ""; VariantName = "[No Variations]"
Change component parameters (AddParameter): Name = "Symbol"; Value = "X49SM8MSD2SC"; VariantName = "[No Variations]"
Change component parameters (AddParameter): Name = "Value"; Value = "24MHz"; VariantName = "[No Variations]"
Change component parameters: Designator = "X1"; Footprint = "OSC-SMD_4P-L3.2-W2.5-BL"; UniqueID = "\LPBHEASS"
Change component parameters. Clean all parameters for all variants
Change component parameters (AddParameter): Name = "AddInBom"; Value = "yes"; VariantName = "[No Variations]"
Change component parameters (AddParameter): Name = "Channel ID"; Value = ""; VariantName = "[No Variations]"
Change component parameters (AddParameter): Name = "ConvertToPcb"; Value = "yes"; VariantName = "[No Variations]"
Change component parameters (AddParameter): Name = "Current - Supply"; Value = "5mA"; VariantName = "[No Variations]"
Change component parameters (AddParameter): Name = "Datasheet"; Value = "https://atta.szlcsc.com/upload/public/pdf/source/20240731/596E5F7673E50DA744B7F79F139FB8DF.pdf"; VariantName = "[No Variations]"
Change component parameters (AddParameter): Name = "Device"; Value = "OT322525MJBA4SL"; VariantName = "[No Variations]"
Change component parameters (AddParameter): Name = "FootprintName"; Value = "OSC-SMD_4P-L3.2-W2.5-BL"; VariantName = "[No Variations]"
Change component parameters (AddParameter): Name = "Frequency Stability"; Value = "±20ppm"; VariantName = "[No Variations]"
Change component parameters (AddParameter): Name = "Group ID"; Value = ""; VariantName = "[No Variations]"
Change component parameters (AddParameter): Name = "JLCPCB Part Class"; Value = "扩展库"; VariantName = "[No Variations]"
Change component parameters (AddParameter): Name = "LCSC Part Name"; Value = "25MHz ±10ppm 1.8V~3.3V YSO110TR"; VariantName = "[No Variations]"
Change component parameters (AddParameter): Name = "Manufacturer"; Value = "YXC(扬兴晶振)"; VariantName = "[No Variations]"
Change component parameters (AddParameter): Name = "ManufacturerPart"; Value = "OT322525MJBA4SL"; VariantName = "[No Variations]"
Change component parameters (AddParameter): Name = "ModelId"; Value = "ae22b8d143894765bc8100c37cb6356f"; VariantName = "[No Variations]"
Change component parameters (AddParameter): Name = "ModelName"; Value = "OSC-SMD_4P-L3.2-W2.5-H1.0"; VariantName = "[No Variations]"
Change component parameters (AddParameter): Name = "ModelTransform"; Value = "125.984,98.425,0,0,0,0,0,0,0"; VariantName = "[No Variations]"
Change component parameters (AddParameter): Name = "Normal temperature Frequency Tolerance"; Value = "±10ppm"; VariantName = "[No Variations]"
Change component parameters (AddParameter): Name = "Operating Temperature"; Value = "-40℃~+85℃"; VariantName = "[No Variations]"
Change component parameters (AddParameter): Name = "Output Type"; Value = "CMOS"; VariantName = "[No Variations]"
Change component parameters (AddParameter): Name = "Reuse Block"; Value = ""; VariantName = "[No Variations]"
Change component parameters (AddParameter): Name = "Supplier"; Value = "LCSC"; VariantName = "[No Variations]"
Change component parameters (AddParameter): Name = "Supplier Footprint"; Value = "SMD3225-4P"; VariantName = "[No Variations]"
Change component parameters (AddParameter): Name = "SupplierPart"; Value = "C669088"; VariantName = "[No Variations]"
Change component parameters (AddParameter): Name = "Symbol"; Value = "OT322525MJBA4SL"; VariantName = "[No Variations]"
Change component parameters (AddParameter): Name = "Value"; Value = "25MHz"; VariantName = "[No Variations]"
Change component parameters (AddParameter): Name = "Voltage - Supply"; Value = "1.8V~3.3V"; VariantName = "[No Variations]"
Change component parameters: Designator = "L3"; Footprint = "IND-SMD_L7.3-W6.8"; UniqueID = "\AKVXNSVG"
Change component parameters. Clean all parameters for all variants
Change component parameters (AddParameter): Name = "AddInBom"; Value = "yes"; VariantName = "[No Variations]"
Change component parameters (AddParameter): Name = "Channel ID"; Value = ""; VariantName = "[No Variations]"
Change component parameters (AddParameter): Name = "ConvertToPcb"; Value = "yes"; VariantName = "[No Variations]"
Change component parameters (AddParameter): Name = "Datasheet"; Value = "https://atta.szlcsc.com/upload/public/pdf/source/20240426/3189EA8206330E2108542F9E34E540E7.pdf"; VariantName = "[No Variations]"
Change component parameters (AddParameter): Name = "DC Resistance (DCR)"; Value = "68mΩ"; VariantName = "[No Variations]"
Change component parameters (AddParameter): Name = "Device"; Value = "FXL0630-100-M"; VariantName = "[No Variations]"
Change component parameters (AddParameter): Name = "FootprintName"; Value = "IND-SMD_L7.3-W6.8"; VariantName = "[No Variations]"
Change component parameters (AddParameter): Name = "Group ID"; Value = ""; VariantName = "[No Variations]"
Change component parameters (AddParameter): Name = "JLCPCB Part Class"; Value = "扩展库"; VariantName = "[No Variations]"
Change component parameters (AddParameter): Name = "LCSC Part Name"; Value = "10uH ±20% 5.5A"; VariantName = "[No Variations]"
Change component parameters (AddParameter): Name = "Manufacturer"; Value = "cjiang(长江微电)"; VariantName = "[No Variations]"
Change component parameters (AddParameter): Name = "ManufacturerPart"; Value = "FXL0630-100-M"; VariantName = "[No Variations]"
Change component parameters (AddParameter): Name = "ModelId"; Value = "e28854526ca747668ea12fbe1dd39a63"; VariantName = "[No Variations]"
Change component parameters (AddParameter): Name = "ModelName"; Value = "IND-SMD_L7.3-W6.8-H3.0"; VariantName = "[No Variations]"
Change component parameters (AddParameter): Name = "ModelTransform"; Value = "292.125,267.716,0,0,0,0,0,0,0"; VariantName = "[No Variations]"
Change component parameters (AddParameter): Name = "Rated Current"; Value = "4.5A"; VariantName = "[No Variations]"
Change component parameters (AddParameter): Name = "Ratings"; Value = "-"; VariantName = "[No Variations]"
Change component parameters (AddParameter): Name = "Reuse Block"; Value = ""; VariantName = "[No Variations]"
Change component parameters (AddParameter): Name = "Saturation Current (Isat)"; Value = "5.5A"; VariantName = "[No Variations]"
Change component parameters (AddParameter): Name = "Supplier"; Value = "LCSC"; VariantName = "[No Variations]"
Change component parameters (AddParameter): Name = "Supplier Footprint"; Value = "SMD,6.6x7mm"; VariantName = "[No Variations]"
Change component parameters (AddParameter): Name = "SupplierPart"; Value = "C167223"; VariantName = "[No Variations]"
Change component parameters (AddParameter): Name = "Symbol"; Value = "FXL0630-100-M"; VariantName = "[No Variations]"
Change component parameters (AddParameter): Name = "Tolerance"; Value = "±20%"; VariantName = "[No Variations]"
Change component parameters (AddParameter): Name = "Type"; Value = "一体成型电感"; VariantName = "[No Variations]"
Change component parameters (AddParameter): Name = "Value"; Value = "10uH"; VariantName = "[No Variations]"
Change component parameters: Designator = "D3"; Footprint = "SOD-123_L2.8-W1.8-LS3.7-RD"; UniqueID = "\YOFKFMMK"
Change component parameters. Clean all parameters for all variants
Change component parameters (AddParameter): Name = "AddInBom"; Value = "yes"; VariantName = "[No Variations]"
Change component parameters (AddParameter): Name = "Channel ID"; Value = ""; VariantName = "[No Variations]"
Change component parameters (AddParameter): Name = "ConvertToPcb"; Value = "yes"; VariantName = "[No Variations]"
Change component parameters (AddParameter): Name = "Datasheet"; Value = "https://atta.szlcsc.com/upload/public/pdf/source/20230807/039A8781E74C9E6DBC2E128AB501E48D.pdf"; VariantName = "[No Variations]"
Change component parameters (AddParameter): Name = "Device"; Value = "FR107_C963379"; VariantName = "[No Variations]"
Change component parameters (AddParameter): Name = "Diode Configuration"; Value = "-"; VariantName = "[No Variations]"
Change component parameters (AddParameter): Name = "FootprintName"; Value = "SOD-123_L2.8-W1.8-LS3.7-RD"; VariantName = "[No Variations]"
Change component parameters (AddParameter): Name = "Forward Voltage (Vf@If)"; Value = "1.3V@1A"; VariantName = "[No Variations]"
Change component parameters (AddParameter): Name = "Group ID"; Value = ""; VariantName = "[No Variations]"
Change component parameters (AddParameter): Name = "JLCPCB Part Class"; Value = ""; VariantName = "[No Variations]"
Change component parameters (AddParameter): Name = "LCSC Part Name"; Value = "FR107"; VariantName = "[No Variations]"
Change component parameters (AddParameter): Name = "Manufacturer"; Value = "JSMSEMI(杰盛微)"; VariantName = "[No Variations]"
Change component parameters (AddParameter): Name = "ManufacturerPart"; Value = "FR107"; VariantName = "[No Variations]"
Change component parameters (AddParameter): Name = "ModelId"; Value = "7884390a25fb4c08947731ebfba7e3f8"; VariantName = "[No Variations]"
Change component parameters (AddParameter): Name = "ModelName"; Value = "SOD-123_L2.8-W1.8-LS3.7-RD"; VariantName = "[No Variations]"
Change component parameters (AddParameter): Name = "ModelTransform"; Value = "144.8816,62.992,0,0,0,0,0,0,0"; VariantName = "[No Variations]"
Change component parameters (AddParameter): Name = "Operating Temperature"; Value = "-55℃~+150℃"; VariantName = "[No Variations]"
Change component parameters (AddParameter): Name = "Rectified Current"; Value = "1A"; VariantName = "[No Variations]"
Change component parameters (AddParameter): Name = "Reuse Block"; Value = ""; VariantName = "[No Variations]"
Change component parameters (AddParameter): Name = "Reverse Leakage Current (Ir)"; Value = "5uA@1kV"; VariantName = "[No Variations]"
Change component parameters (AddParameter): Name = "Reverse Recovery Time (trr)"; Value = "500ns"; VariantName = "[No Variations]"
Change component parameters (AddParameter): Name = "Reverse Voltage (Vr)"; Value = "1kV"; VariantName = "[No Variations]"
Change component parameters (AddParameter): Name = "Supplier"; Value = "LCSC"; VariantName = "[No Variations]"
Change component parameters (AddParameter): Name = "Supplier Footprint"; Value = "SOD-123"; VariantName = "[No Variations]"
Change component parameters (AddParameter): Name = "SupplierPart"; Value = "C963379"; VariantName = "[No Variations]"
Change component parameters (AddParameter): Name = "Symbol"; Value = "FR107_C963379"; VariantName = "[No Variations]"
Change component parameters: Designator = "USBC1"; Footprint = "USB-C_SMD-TYPE-C-31-M-12"; UniqueID = "\ZNOILCIW"
Change component parameters. Clean all parameters for all variants
Change component parameters (AddParameter): Name = "AddInBom"; Value = "yes"; VariantName = "[No Variations]"
Change component parameters (AddParameter): Name = "Channel ID"; Value = ""; VariantName = "[No Variations]"
Change component parameters (AddParameter): Name = "Connector Type"; Value = "Type-C"; VariantName = "[No Variations]"
Change component parameters (AddParameter): Name = "ConvertToPcb"; Value = "yes"; VariantName = "[No Variations]"
Change component parameters (AddParameter): Name = "Current Rating - Power (Max)"; Value = "5A"; VariantName = "[No Variations]"
Change component parameters (AddParameter): Name = "Datasheet"; Value = "https://atta.szlcsc.com/upload/public/pdf/source/20220525/466408E853115E789EDB0DDC29077C05.pdf"; VariantName = "[No Variations]"
Change component parameters (AddParameter): Name = "Device"; Value = "TYPE-C-31-M-12"; VariantName = "[No Variations]"
Change component parameters (AddParameter): Name = "FootprintName"; Value = "USB-C_SMD-TYPE-C-31-M-12"; VariantName = "[No Variations]"
Change component parameters (AddParameter): Name = "Gender"; Value = "母"; VariantName = "[No Variations]"
Change component parameters (AddParameter): Name = "Group ID"; Value = ""; VariantName = "[No Variations]"
Change component parameters (AddParameter): Name = "JLCPCB Part Class"; Value = "扩展库"; VariantName = "[No Variations]"
Change component parameters (AddParameter): Name = "LCSC Part Name"; Value = "Type-C 母"; VariantName = "[No Variations]"
Change component parameters (AddParameter): Name = "Manufacturer"; Value = "韩国韩荣"; VariantName = "[No Variations]"
Change component parameters (AddParameter): Name = "ManufacturerPart"; Value = "TYPE-C-31-M-12"; VariantName = "[No Variations]"
Change component parameters (AddParameter): Name = "ModelId"; Value = "35058e297fd54ee2afd2de30c3ce7155"; VariantName = "[No Variations]"
Change component parameters (AddParameter): Name = "ModelName"; Value = "USB-C_SMD-TYPE-C-31-M-12"; VariantName = "[No Variations]"
Change component parameters (AddParameter): Name = "ModelTransform"; Value = "351.9678,311.023,0,180,0,0,0,-45.041,-39.37"; VariantName = "[No Variations]"
Change component parameters (AddParameter): Name = "Mounting Style"; Value = "-"; VariantName = "[No Variations]"
Change component parameters (AddParameter): Name = "Number of Contacts"; Value = "16P"; VariantName = "[No Variations]"
Change component parameters (AddParameter): Name = "Number of Ports"; Value = "1"; VariantName = "[No Variations]"
Change component parameters (AddParameter): Name = "Operating Temperature Range"; Value = "-"; VariantName = "[No Variations]"
Change component parameters (AddParameter): Name = "Reuse Block"; Value = ""; VariantName = "[No Variations]"
Change component parameters (AddParameter): Name = "Standard"; Value = "-"; VariantName = "[No Variations]"
Change component parameters (AddParameter): Name = "Supplier"; Value = "LCSC"; VariantName = "[No Variations]"
Change component parameters (AddParameter): Name = "Supplier Footprint"; Value = "SMD"; VariantName = "[No Variations]"
Change component parameters (AddParameter): Name = "SupplierPart"; Value = "C165948"; VariantName = "[No Variations]"
Change component parameters (AddParameter): Name = "Symbol"; Value = "TYPE-C-31-M-12"; VariantName = "[No Variations]"
Change component parameters: Designator = "U1"; Footprint = "MSOP-8_L3.0-W3.0-P0.65-LS5.0-BL"; UniqueID = "\FFMCFULZ"
Change component parameters. Clean all parameters for all variants
Change component parameters (AddParameter): Name = "-3db Bandwidth"; Value = "250MHz"; VariantName = "[No Variations]"
Change component parameters (AddParameter): Name = "AddInBom"; Value = "yes"; VariantName = "[No Variations]"
Change component parameters (AddParameter): Name = "Channel ID"; Value = ""; VariantName = "[No Variations]"
Change component parameters (AddParameter): Name = "ConvertToPcb"; Value = "yes"; VariantName = "[No Variations]"
Change component parameters (AddParameter): Name = "Current - Input Bias(Ib)"; Value = "1pA"; VariantName = "[No Variations]"
Change component parameters (AddParameter): Name = "Datasheet"; Value = "https://atta.szlcsc.com/upload/public/pdf/source/20180801/C255422_28B98AAAFB3A51C5B40B4289640087D6.pdf"; VariantName = "[No Variations]"
Change component parameters (AddParameter): Name = "Device"; Value = "RS8752XM"; VariantName = "[No Variations]"
Change component parameters (AddParameter): Name = "FootprintName"; Value = "MSOP-8_L3.0-W3.0-P0.65-LS5.0-BL"; VariantName = "[No Variations]"
Change component parameters (AddParameter): Name = "Gain Bandwidth Product(GBP)"; Value = "250MHz"; VariantName = "[No Variations]"
Change component parameters (AddParameter): Name = "Group ID"; Value = ""; VariantName = "[No Variations]"
Change component parameters (AddParameter): Name = "JLCPCB Part Class"; Value = "扩展库"; VariantName = "[No Variations]"
Change component parameters (AddParameter): Name = "LCSC Part Name"; Value = "高速运放RS8752XM"; VariantName = "[No Variations]"
Change component parameters (AddParameter): Name = "Manufacturer"; Value = "RUNIC(润石)"; VariantName = "[No Variations]"
Change component parameters (AddParameter): Name = "ManufacturerPart"; Value = "RS8752XM"; VariantName = "[No Variations]"
Change component parameters (AddParameter): Name = "ModelId"; Value = "1de5a054e9244f539c6db8238d445f94"; VariantName = "[No Variations]"
Change component parameters (AddParameter): Name = "ModelName"; Value = "MSOP-8_L3.0-W3.0-P0.65-LS5.0-BL"; VariantName = "[No Variations]"
Change component parameters (AddParameter): Name = "ModelTransform"; Value = "118.11,196.85,0,0,0,0,0,0,0"; VariantName = "[No Variations]"
Change component parameters (AddParameter): Name = "Multi-Part Group"; Value = ""; VariantName = "[No Variations]"
Change component parameters (AddParameter): Name = "Number of Circuits"; Value = "双路"; VariantName = "[No Variations]"
Change component parameters (AddParameter): Name = "Relevance"; Value = "[]"; VariantName = "[No Variations]"
Change component parameters (AddParameter): Name = "Reuse Block"; Value = ""; VariantName = "[No Variations]"
Change component parameters (AddParameter): Name = "Slew Rate(SR)"; Value = "180V/us"; VariantName = "[No Variations]"
Change component parameters (AddParameter): Name = "Supplier"; Value = "LCSC"; VariantName = "[No Variations]"
Change component parameters (AddParameter): Name = "Supplier Footprint"; Value = "MSOP-8"; VariantName = "[No Variations]"
Change component parameters (AddParameter): Name = "SupplierPart"; Value = "C255421"; VariantName = "[No Variations]"
Change component parameters (AddParameter): Name = "Supply Current"; Value = "2.9mA"; VariantName = "[No Variations]"
Change component parameters (AddParameter): Name = "Symbol"; Value = "RS8752XM"; VariantName = "[No Variations]"
Change component parameters (AddParameter): Name = "Voltage - Input Offset(Vos)"; Value = "1.5mV"; VariantName = "[No Variations]"
Change component parameters: Designator = "U17"; Footprint = "MSOP-8_L3.0-W3.0-P0.65-LS5.0-BL"; UniqueID = "\PRSDDSYG"
Change component parameters. Clean all parameters for all variants
Change component parameters (AddParameter): Name = "-3db Bandwidth"; Value = "250MHz"; VariantName = "[No Variations]"
Change component parameters (AddParameter): Name = "AddInBom"; Value = "yes"; VariantName = "[No Variations]"
Change component parameters (AddParameter): Name = "Channel ID"; Value = ""; VariantName = "[No Variations]"
Change component parameters (AddParameter): Name = "ConvertToPcb"; Value = "yes"; VariantName = "[No Variations]"
Change component parameters (AddParameter): Name = "Current - Input Bias(Ib)"; Value = "1pA"; VariantName = "[No Variations]"
Change component parameters (AddParameter): Name = "Datasheet"; Value = "https://atta.szlcsc.com/upload/public/pdf/source/20180801/C255422_28B98AAAFB3A51C5B40B4289640087D6.pdf"; VariantName = "[No Variations]"
Change component parameters (AddParameter): Name = "Device"; Value = "RS8752XM"; VariantName = "[No Variations]"
Change component parameters (AddParameter): Name = "FootprintName"; Value = "MSOP-8_L3.0-W3.0-P0.65-LS5.0-BL"; VariantName = "[No Variations]"
Change component parameters (AddParameter): Name = "Gain Bandwidth Product(GBP)"; Value = "250MHz"; VariantName = "[No Variations]"
Change component parameters (AddParameter): Name = "Group ID"; Value = ""; VariantName = "[No Variations]"
Change component parameters (AddParameter): Name = "JLCPCB Part Class"; Value = "扩展库"; VariantName = "[No Variations]"
Change component parameters (AddParameter): Name = "LCSC Part Name"; Value = "高速运放RS8752XM"; VariantName = "[No Variations]"
Change component parameters (AddParameter): Name = "Manufacturer"; Value = "RUNIC(润石)"; VariantName = "[No Variations]"
Change component parameters (AddParameter): Name = "ManufacturerPart"; Value = "RS8752XM"; VariantName = "[No Variations]"
Change component parameters (AddParameter): Name = "ModelId"; Value = "1de5a054e9244f539c6db8238d445f94"; VariantName = "[No Variations]"
Change component parameters (AddParameter): Name = "ModelName"; Value = "MSOP-8_L3.0-W3.0-P0.65-LS5.0-BL"; VariantName = "[No Variations]"
Change component parameters (AddParameter): Name = "ModelTransform"; Value = "118.11,196.85,0,0,0,0,0,0,0"; VariantName = "[No Variations]"
Change component parameters (AddParameter): Name = "Multi-Part Group"; Value = ""; VariantName = "[No Variations]"
Change component parameters (AddParameter): Name = "Number of Circuits"; Value = "双路"; VariantName = "[No Variations]"
Change component parameters (AddParameter): Name = "Relevance"; Value = "[]"; VariantName = "[No Variations]"
Change component parameters (AddParameter): Name = "Reuse Block"; Value = ""; VariantName = "[No Variations]"
Change component parameters (AddParameter): Name = "Slew Rate(SR)"; Value = "180V/us"; VariantName = "[No Variations]"
Change component parameters (AddParameter): Name = "Supplier"; Value = "LCSC"; VariantName = "[No Variations]"
Change component parameters (AddParameter): Name = "Supplier Footprint"; Value = "MSOP-8"; VariantName = "[No Variations]"
Change component parameters (AddParameter): Name = "SupplierPart"; Value = "C255421"; VariantName = "[No Variations]"
Change component parameters (AddParameter): Name = "Supply Current"; Value = "2.9mA"; VariantName = "[No Variations]"
Change component parameters (AddParameter): Name = "Symbol"; Value = "RS8752XM"; VariantName = "[No Variations]"
Change component parameters (AddParameter): Name = "Voltage - Input Offset(Vos)"; Value = "1.5mV"; VariantName = "[No Variations]"
Change component parameters: Designator = "Q5"; Footprint = "SOT-23-3_L2.9-W1.3-P1.90-LS2.4-BR"; UniqueID = "\HNCYHSRH"
Change component parameters. Clean all parameters for all variants
Change component parameters (AddParameter): Name = "AddInBom"; Value = "yes"; VariantName = "[No Variations]"
Change component parameters (AddParameter): Name = "Channel ID"; Value = ""; VariantName = "[No Variations]"
Change component parameters (AddParameter): Name = "Continuous Drain Current (Id)"; Value = "5.7A"; VariantName = "[No Variations]"
Change component parameters (AddParameter): Name = "ConvertToPcb"; Value = "yes"; VariantName = "[No Variations]"
Change component parameters (AddParameter): Name = "Datasheet"; Value = "https://atta.szlcsc.com/upload/public/pdf/source/20140107/1457706668533.pdf"; VariantName = "[No Variations]"
Change component parameters (AddParameter): Name = "Device"; Value = "AO3400A_C20917"; VariantName = "[No Variations]"
Change component parameters (AddParameter): Name = "Drain Source On Resistance (RDS(on)@Vgs,Id)"; Value = "26.5mΩ@10V,5.7A"; VariantName = "[No Variations]"
Change component parameters (AddParameter): Name = "Drain Source Voltage (Vdss)"; Value = "30V"; VariantName = "[No Variations]"
Change component parameters (AddParameter): Name = "FootprintName"; Value = "SOT-23-3_L2.9-W1.3-P1.90-LS2.4-BR"; VariantName = "[No Variations]"
Change component parameters (AddParameter): Name = "Gate Threshold Voltage (Vgs(th)@Id)"; Value = "1.5V@250uA"; VariantName = "[No Variations]"
Change component parameters (AddParameter): Name = "Group ID"; Value = ""; VariantName = "[No Variations]"
Change component parameters (AddParameter): Name = "Input Capacitance (Ciss@Vds)"; Value = "630pF@15V"; VariantName = "[No Variations]"
Change component parameters (AddParameter): Name = "JLCPCB Part Class"; Value = ""; VariantName = "[No Variations]"
Change component parameters (AddParameter): Name = "LCSC Part Name"; Value = "1个N沟道 耐压:30V 电流:5.7A"; VariantName = "[No Variations]"
Change component parameters (AddParameter): Name = "Manufacturer"; Value = "AOS"; VariantName = "[No Variations]"
Change component parameters (AddParameter): Name = "ManufacturerPart"; Value = "AO3400A"; VariantName = "[No Variations]"
Change component parameters (AddParameter): Name = "ModelId"; Value = "c62791f0466c4ae2a892c056b845b0ca"; VariantName = "[No Variations]"
Change component parameters (AddParameter): Name = "ModelName"; Value = "SOT-23-3P_L2.9-W1.3-H1.0-LS2.4-P0.95"; VariantName = "[No Variations]"
Change component parameters (AddParameter): Name = "ModelTransform"; Value = "98.425,114.173,0,180,0,0,0.0005,-0.0005,0"; VariantName = "[No Variations]"
Change component parameters (AddParameter): Name = "Operating Temperature"; Value = "-55℃~+150℃@(Tj)"; VariantName = "[No Variations]"
Change component parameters (AddParameter): Name = "Power Dissipation (Pd)"; Value = "1.4W"; VariantName = "[No Variations]"
Change component parameters (AddParameter): Name = "Reuse Block"; Value = ""; VariantName = "[No Variations]"
Change component parameters (AddParameter): Name = "Supplier"; Value = "LCSC"; VariantName = "[No Variations]"
Change component parameters (AddParameter): Name = "Supplier Footprint"; Value = "SOT-23-3L"; VariantName = "[No Variations]"
Change component parameters (AddParameter): Name = "SupplierPart"; Value = "C20917"; VariantName = "[No Variations]"
Change component parameters (AddParameter): Name = "Symbol"; Value = "AO3400A"; VariantName = "[No Variations]"
Change component parameters (AddParameter): Name = "Total Gate Charge (Qg@Vgs)"; Value = "7nC@4.5V"; VariantName = "[No Variations]"
Change component parameters (AddParameter): Name = "Type"; Value = "1个N沟道"; VariantName = "[No Variations]"
Change component parameters: Designator = "U13"; Footprint = "SOP-4_L4.4-W4.0-P2.54-LS7.0-TL"; UniqueID = "\NZVKEUWU"
Change component parameters. Clean all parameters for all variants
Change component parameters (AddParameter): Name = "AddInBom"; Value = "yes"; VariantName = "[No Variations]"
Change component parameters (AddParameter): Name = "Channel ID"; Value = ""; VariantName = "[No Variations]"
Change component parameters (AddParameter): Name = "Continuous Load Current"; Value = "2.5A"; VariantName = "[No Variations]"
Change component parameters (AddParameter): Name = "ConvertToPcb"; Value = "yes"; VariantName = "[No Variations]"
Change component parameters (AddParameter): Name = "Datasheet"; Value = "https://atta.szlcsc.com/upload/public/pdf/source/20241011/4BAA9F2B28F4E3269CE00069A12AE23B.pdf"; VariantName = "[No Variations]"
Change component parameters (AddParameter): Name = "Device"; Value = "GAQY211G2S"; VariantName = "[No Variations]"
Change component parameters (AddParameter): Name = "FootprintName"; Value = "SOP-4_L4.4-W4.0-P2.54-LS7.0-TL"; VariantName = "[No Variations]"
Change component parameters (AddParameter): Name = "Group ID"; Value = ""; VariantName = "[No Variations]"
Change component parameters (AddParameter): Name = "Input Forward Voltage"; Value = "1.2V"; VariantName = "[No Variations]"
Change component parameters (AddParameter): Name = "Isolation Voltage(rms)"; Value = "2.5kV"; VariantName = "[No Variations]"
Change component parameters (AddParameter): Name = "JLCPCB Part Class"; Value = "扩展库"; VariantName = "[No Variations]"
Change component parameters (AddParameter): Name = "LCSC Part Name"; Value = "GAQY211G2S 1 Form A(SPST-NO) 负载电压:40V 连续负载电流:2.5A"; VariantName = "[No Variations]"
Change component parameters (AddParameter): Name = "Load Type"; Value = "-"; VariantName = "[No Variations]"
Change component parameters (AddParameter): Name = "Manufacturer"; Value = "SUPSiC(国晶微半导体)"; VariantName = "[No Variations]"
Change component parameters (AddParameter): Name = "ManufacturerPart"; Value = "GAQY211G2S"; VariantName = "[No Variations]"
Change component parameters (AddParameter): Name = "ModelId"; Value = "7a816c7b730e4b8989440f8e2ea085d3"; VariantName = "[No Variations]"
Change component parameters (AddParameter): Name = "ModelName"; Value = "SOP-4_L4.0-W4.4-H2.1-LS7.0-P2.54"; VariantName = "[No Variations]"
Change component parameters (AddParameter): Name = "ModelTransform"; Value = "157.48,275.591,0,90,0,0,0,0,0"; VariantName = "[No Variations]"
Change component parameters (AddParameter): Name = "On Resistance"; Value = "60mΩ"; VariantName = "[No Variations]"
Change component parameters (AddParameter): Name = "Relay Contact Form"; Value = "-"; VariantName = "[No Variations]"
Change component parameters (AddParameter): Name = "Reuse Block"; Value = ""; VariantName = "[No Variations]"
Change component parameters (AddParameter): Name = "Supplier"; Value = "LCSC"; VariantName = "[No Variations]"
Change component parameters (AddParameter): Name = "Supplier Footprint"; Value = "SOP-4"; VariantName = "[No Variations]"
Change component parameters (AddParameter): Name = "SupplierPart"; Value = "C7435104"; VariantName = "[No Variations]"
Change component parameters (AddParameter): Name = "Symbol"; Value = "GAQY211G2S"; VariantName = "[No Variations]"
Change component parameters (AddParameter): Name = "Turn-off time"; Value = "20us"; VariantName = "[No Variations]"
Change component parameters (AddParameter): Name = "Turn-on time"; Value = "800us"; VariantName = "[No Variations]"
Change component parameters (AddParameter): Name = "Voltage - Load"; Value = "40V"; VariantName = "[No Variations]"
Change component parameters: Designator = "U11"; Footprint = "TSSOP-14_L5.0-W4.4-P0.65-LS6.4-BL"; UniqueID = "\WESLYLYS"
Change component parameters. Clean all parameters for all variants
Change component parameters (AddParameter): Name = "AddInBom"; Value = "yes"; VariantName = "[No Variations]"
Change component parameters (AddParameter): Name = "Channel ID"; Value = ""; VariantName = "[No Variations]"
Change component parameters (AddParameter): Name = "ConvertToPcb"; Value = "yes"; VariantName = "[No Variations]"
Change component parameters (AddParameter): Name = "Current - Input Bias(Ib)"; Value = "1pA"; VariantName = "[No Variations]"
Change component parameters (AddParameter): Name = "Datasheet"; Value = "https://atta.szlcsc.com/upload/public/pdf/source/20180704/C236997_BF74C37E35A725D699BA91BFBED4064A.pdf"; VariantName = "[No Variations]"
Change component parameters (AddParameter): Name = "Device"; Value = "RS8554XP"; VariantName = "[No Variations]"
Change component parameters (AddParameter): Name = "FootprintName"; Value = "TSSOP-14_L5.0-W4.4-P0.65-LS6.4-BL"; VariantName = "[No Variations]"
Change component parameters (AddParameter): Name = "Gain Bandwidth Product(GBP)"; Value = "4.5MHz"; VariantName = "[No Variations]"
Change component parameters (AddParameter): Name = "Group ID"; Value = ""; VariantName = "[No Variations]"
Change component parameters (AddParameter): Name = "JLCPCB Part Class"; Value = "扩展库"; VariantName = "[No Variations]"
Change component parameters (AddParameter): Name = "LCSC Part Name"; Value = "RS8554XP"; VariantName = "[No Variations]"
Change component parameters (AddParameter): Name = "Manufacturer"; Value = "RUNIC(润石)"; VariantName = "[No Variations]"
Change component parameters (AddParameter): Name = "ManufacturerPart"; Value = "RS8554XP"; VariantName = "[No Variations]"
Change component parameters (AddParameter): Name = "ModelId"; Value = "8dbf5b715d42428c85558507ae5a252b"; VariantName = "[No Variations]"
Change component parameters (AddParameter): Name = "ModelName"; Value = "SOIC-14_L8.6-W3.9-H1.8-LS6.0-P1.27"; VariantName = "[No Variations]"
Change component parameters (AddParameter): Name = "ModelTransform"; Value = "338.583,236.22,0,0,0,0,0,-0.001,0"; VariantName = "[No Variations]"
Change component parameters (AddParameter): Name = "Multi-Part Group"; Value = ""; VariantName = "[No Variations]"
Change component parameters (AddParameter): Name = "Number of Circuits"; Value = "四路"; VariantName = "[No Variations]"
Change component parameters (AddParameter): Name = "Operating Temperature"; Value = "-40℃~+125℃"; VariantName = "[No Variations]"
Change component parameters (AddParameter): Name = "Output Current"; Value = "50mA"; VariantName = "[No Variations]"
Change component parameters (AddParameter): Name = "Output Type"; Value = "-"; VariantName = "[No Variations]"
Change component parameters (AddParameter): Name = "Rail to Rail"; Value = "-"; VariantName = "[No Variations]"
Change component parameters (AddParameter): Name = "Reuse Block"; Value = ""; VariantName = "[No Variations]"
Change component parameters (AddParameter): Name = "Slew Rate(SR)"; Value = "2.7V/us"; VariantName = "[No Variations]"
Change component parameters (AddParameter): Name = "Supplier"; Value = "LCSC"; VariantName = "[No Variations]"
Change component parameters (AddParameter): Name = "Supplier Footprint"; Value = "SOIC-14"; VariantName = "[No Variations]"
Change component parameters (AddParameter): Name = "SupplierPart"; Value = "C236997"; VariantName = "[No Variations]"
Change component parameters (AddParameter): Name = "Supply Voltage"; Value = "2.7V~5.5V"; VariantName = "[No Variations]"
Change component parameters (AddParameter): Name = "Symbol"; Value = "RS8554XP"; VariantName = "[No Variations]"
Change component parameters: Designator = "U18"; Footprint = "TSSOP-14_L5.0-W4.4-P0.65-LS6.4-BL"; UniqueID = "\KFQALWEI"
Change component parameters. Clean all parameters for all variants
Change component parameters (AddParameter): Name = "AddInBom"; Value = "yes"; VariantName = "[No Variations]"
Change component parameters (AddParameter): Name = "Channel ID"; Value = ""; VariantName = "[No Variations]"
Change component parameters (AddParameter): Name = "ConvertToPcb"; Value = "yes"; VariantName = "[No Variations]"
Change component parameters (AddParameter): Name = "Current - Input Bias(Ib)"; Value = "1pA"; VariantName = "[No Variations]"
Change component parameters (AddParameter): Name = "Datasheet"; Value = "https://atta.szlcsc.com/upload/public/pdf/source/20180704/C236997_BF74C37E35A725D699BA91BFBED4064A.pdf"; VariantName = "[No Variations]"
Change component parameters (AddParameter): Name = "Device"; Value = "RS8554XP"; VariantName = "[No Variations]"
Change component parameters (AddParameter): Name = "FootprintName"; Value = "TSSOP-14_L5.0-W4.4-P0.65-LS6.4-BL"; VariantName = "[No Variations]"
Change component parameters (AddParameter): Name = "Gain Bandwidth Product(GBP)"; Value = "4.5MHz"; VariantName = "[No Variations]"
Change component parameters (AddParameter): Name = "Group ID"; Value = ""; VariantName = "[No Variations]"
Change component parameters (AddParameter): Name = "JLCPCB Part Class"; Value = "扩展库"; VariantName = "[No Variations]"
Change component parameters (AddParameter): Name = "LCSC Part Name"; Value = "RS8554XP"; VariantName = "[No Variations]"
Change component parameters (AddParameter): Name = "Manufacturer"; Value = "RUNIC(润石)"; VariantName = "[No Variations]"
Change component parameters (AddParameter): Name = "ManufacturerPart"; Value = "RS8554XP"; VariantName = "[No Variations]"
Change component parameters (AddParameter): Name = "ModelId"; Value = "8dbf5b715d42428c85558507ae5a252b"; VariantName = "[No Variations]"
Change component parameters (AddParameter): Name = "ModelName"; Value = "SOIC-14_L8.6-W3.9-H1.8-LS6.0-P1.27"; VariantName = "[No Variations]"
Change component parameters (AddParameter): Name = "ModelTransform"; Value = "338.583,236.22,0,0,0,0,0,-0.001,0"; VariantName = "[No Variations]"
Change component parameters (AddParameter): Name = "Multi-Part Group"; Value = ""; VariantName = "[No Variations]"
Change component parameters (AddParameter): Name = "Number of Circuits"; Value = "四路"; VariantName = "[No Variations]"
Change component parameters (AddParameter): Name = "Operating Temperature"; Value = "-40℃~+125℃"; VariantName = "[No Variations]"
Change component parameters (AddParameter): Name = "Output Current"; Value = "50mA"; VariantName = "[No Variations]"
Change component parameters (AddParameter): Name = "Output Type"; Value = "-"; VariantName = "[No Variations]"
Change component parameters (AddParameter): Name = "Rail to Rail"; Value = "-"; VariantName = "[No Variations]"
Change component parameters (AddParameter): Name = "Reuse Block"; Value = ""; VariantName = "[No Variations]"
Change component parameters (AddParameter): Name = "Slew Rate(SR)"; Value = "2.7V/us"; VariantName = "[No Variations]"
Change component parameters (AddParameter): Name = "Supplier"; Value = "LCSC"; VariantName = "[No Variations]"
Change component parameters (AddParameter): Name = "Supplier Footprint"; Value = "SOIC-14"; VariantName = "[No Variations]"
Change component parameters (AddParameter): Name = "SupplierPart"; Value = "C236997"; VariantName = "[No Variations]"
Change component parameters (AddParameter): Name = "Supply Voltage"; Value = "2.7V~5.5V"; VariantName = "[No Variations]"
Change component parameters (AddParameter): Name = "Symbol"; Value = "RS8554XP"; VariantName = "[No Variations]"
Change component parameters: Designator = "BUZZER1"; Footprint = "BUZ-TH_BD12.0-P7.60-D0.6-FD"; UniqueID = "\EAYRMTEF"
Change component parameters. Clean all parameters for all variants
Change component parameters (AddParameter): Name = "AddInBom"; Value = "yes"; VariantName = "[No Variations]"
Change component parameters (AddParameter): Name = "Channel ID"; Value = ""; VariantName = "[No Variations]"
Change component parameters (AddParameter): Name = "ConvertToPcb"; Value = "yes"; VariantName = "[No Variations]"
Change component parameters (AddParameter): Name = "Current Consumption"; Value = "-"; VariantName = "[No Variations]"
Change component parameters (AddParameter): Name = "Datasheet"; Value = "https://atta.szlcsc.com/upload/public/pdf/source/20241025/8A17FE04D767D19A35A06DEF9A82AB1E.pdf"; VariantName = "[No Variations]"
Change component parameters (AddParameter): Name = "Device"; Value = "TMB12A05_C96093"; VariantName = "[No Variations]"
Change component parameters (AddParameter): Name = "Diameter(φD)"; Value = "12mm"; VariantName = "[No Variations]"
Change component parameters (AddParameter): Name = "Driver Circuitry"; Value = "有源(内含驱动线路)"; VariantName = "[No Variations]"
Change component parameters (AddParameter): Name = "FootprintName"; Value = "BUZ-TH_BD12.0-P7.60-D0.6-FD"; VariantName = "[No Variations]"
Change component parameters (AddParameter): Name = "Group ID"; Value = ""; VariantName = "[No Variations]"
Change component parameters (AddParameter): Name = "Height"; Value = "9.8mm"; VariantName = "[No Variations]"
Change component parameters (AddParameter): Name = "JLCPCB Part Class"; Value = "扩展库"; VariantName = "[No Variations]"
Change component parameters (AddParameter): Name = "LCSC Part Name"; Value = "TMB12A05"; VariantName = "[No Variations]"
Change component parameters (AddParameter): Name = "Length"; Value = "-"; VariantName = "[No Variations]"
Change component parameters (AddParameter): Name = "Manufacturer"; Value = "华能"; VariantName = "[No Variations]"
Change component parameters (AddParameter): Name = "ManufacturerPart"; Value = "TMB12A05"; VariantName = "[No Variations]"
Change component parameters (AddParameter): Name = "ModelId"; Value = "16ab50e14c5b4f2c986c135bdba60e37"; VariantName = "[No Variations]"
Change component parameters (AddParameter): Name = "ModelName"; Value = "BUZ-TH_D12.0-H9.5-P7.60"; VariantName = "[No Variations]"
Change component parameters (AddParameter): Name = "ModelTransform"; Value = "472.44,472.176,0,90,0,0,-0.787,0,-177.165"; VariantName = "[No Variations]"
Change component parameters (AddParameter): Name = "Operating Temperature"; Value = "-"; VariantName = "[No Variations]"
Change component parameters (AddParameter): Name = "Reuse Block"; Value = ""; VariantName = "[No Variations]"
Change component parameters (AddParameter): Name = "Sound Pressure Level(SPL)"; Value = "85dB"; VariantName = "[No Variations]"
Change component parameters (AddParameter): Name = "Supplier"; Value = "LCSC"; VariantName = "[No Variations]"
Change component parameters (AddParameter): Name = "Supplier Footprint"; Value = "插件,D=12mm"; VariantName = "[No Variations]"
Change component parameters (AddParameter): Name = "SupplierPart"; Value = "C96093"; VariantName = "[No Variations]"
Change component parameters (AddParameter): Name = "Symbol"; Value = "TMB12A05"; VariantName = "[No Variations]"
Change component parameters (AddParameter): Name = "Technology"; Value = "电磁式"; VariantName = "[No Variations]"
Change component parameters (AddParameter): Name = "Value"; Value = "2.4kHz"; VariantName = "[No Variations]"
Change component parameters (AddParameter): Name = "Voltage - Supply"; Value = "4V~8V"; VariantName = "[No Variations]"
Change component parameters (AddParameter): Name = "Voltage Rating"; Value = "-"; VariantName = "[No Variations]"
Change component parameters (AddParameter): Name = "Width"; Value = "-"; VariantName = "[No Variations]"
Change component parameters: Designator = "U10"; Footprint = "SOT-23-6_L2.9-W1.6-P0.95-LS2.8-BL"; UniqueID = "\EAHGIPQM"
Change component parameters. Clean all parameters for all variants
Change component parameters (AddParameter): Name = "AddInBom"; Value = "yes"; VariantName = "[No Variations]"
Change component parameters (AddParameter): Name = "Channel ID"; Value = ""; VariantName = "[No Variations]"
Change component parameters (AddParameter): Name = "ConvertToPcb"; Value = "yes"; VariantName = "[No Variations]"
Change component parameters (AddParameter): Name = "Datasheet"; Value = "https://atta.szlcsc.com/upload/public/pdf/source/20160920/1474356679185.pdf"; VariantName = "[No Variations]"
Change component parameters (AddParameter): Name = "Device"; Value = "SX1308"; VariantName = "[No Variations]"
Change component parameters (AddParameter): Name = "FootprintName"; Value = "SOT-23-6_L2.9-W1.6-P0.95-LS2.8-BL"; VariantName = "[No Variations]"
Change component parameters (AddParameter): Name = "Frequency - Switching"; Value = "1.2MHz"; VariantName = "[No Variations]"
Change component parameters (AddParameter): Name = "Function"; Value = "升压型"; VariantName = "[No Variations]"
Change component parameters (AddParameter): Name = "Group ID"; Value = ""; VariantName = "[No Variations]"
Change component parameters (AddParameter): Name = "JLCPCB Part Class"; Value = "扩展库"; VariantName = "[No Variations]"
Change component parameters (AddParameter): Name = "LCSC Part Name"; Value = "高效1.2MHz 2A升压转换器"; VariantName = "[No Variations]"
Change component parameters (AddParameter): Name = "Manufacturer"; Value = "SX(硕芯科技)"; VariantName = "[No Variations]"
Change component parameters (AddParameter): Name = "ManufacturerPart"; Value = "SX1308"; VariantName = "[No Variations]"
Change component parameters (AddParameter): Name = "ModelId"; Value = "18da8f6c14a34920b3e136b5c401a119"; VariantName = "[No Variations]"
Change component parameters (AddParameter): Name = "ModelName"; Value = "SOT-23-6_L2.9-W1.6-H1.5-LS2.8-P0.95"; VariantName = "[No Variations]"
Change component parameters (AddParameter): Name = "ModelTransform"; Value = "110.236,113.364,0,90,0,0,0.0005,0.0005,0"; VariantName = "[No Variations]"
Change component parameters (AddParameter): Name = "Number of Outputs"; Value = "1"; VariantName = "[No Variations]"
Change component parameters (AddParameter): Name = "Operating Temperature"; Value = "-40℃~+85℃"; VariantName = "[No Variations]"
Change component parameters (AddParameter): Name = "Output Current"; Value = "2A"; VariantName = "[No Variations]"
Change component parameters (AddParameter): Name = "Output Type"; Value = "可调"; VariantName = "[No Variations]"
Change component parameters (AddParameter): Name = "Output Voltage"; Value = "28V"; VariantName = "[No Variations]"
Change component parameters (AddParameter): Name = "Quiescent Current"; Value = "100uA"; VariantName = "[No Variations]"
Change component parameters (AddParameter): Name = "Reuse Block"; Value = ""; VariantName = "[No Variations]"
Change component parameters (AddParameter): Name = "Supplier"; Value = "LCSC"; VariantName = "[No Variations]"
Change component parameters (AddParameter): Name = "Supplier Footprint"; Value = "SOT-23-6"; VariantName = "[No Variations]"
Change component parameters (AddParameter): Name = "SupplierPart"; Value = "C78162"; VariantName = "[No Variations]"
Change component parameters (AddParameter): Name = "Switch tube (built-in/external)"; Value = "内置"; VariantName = "[No Variations]"
Change component parameters (AddParameter): Name = "Symbol"; Value = "SX1308"; VariantName = "[No Variations]"
Change component parameters (AddParameter): Name = "Synchronous Rectifier"; Value = "否"; VariantName = "[No Variations]"
Change component parameters (AddParameter): Name = "Topology"; Value = "升压式"; VariantName = "[No Variations]"
Change component parameters (AddParameter): Name = "Voltage - Supply"; Value = "2V~24V"; VariantName = "[No Variations]"
Change component parameters: Designator = "SW6"; Footprint = "SW-TH_6P-L7.0-W7.0-P2.00"; UniqueID = "\EIPWDZOW"
Change component parameters. Clean all parameters for all variants
Change component parameters (AddParameter): Name = "Actuator/Cap Color"; Value = "蓝色"; VariantName = "[No Variations]"
Change component parameters (AddParameter): Name = "Actuator Style"; Value = "矩形按钮"; VariantName = "[No Variations]"
Change component parameters (AddParameter): Name = "AddInBom"; Value = "yes"; VariantName = "[No Variations]"
Change component parameters (AddParameter): Name = "Channel ID"; Value = ""; VariantName = "[No Variations]"
Change component parameters (AddParameter): Name = "Contact Current"; Value = "100mA"; VariantName = "[No Variations]"
Change component parameters (AddParameter): Name = "ConvertToPcb"; Value = "yes"; VariantName = "[No Variations]"
Change component parameters (AddParameter): Name = "Datasheet"; Value = "https://atta.szlcsc.com/upload/public/pdf/source/20211015/75A682A27A424BDE8D93C2CFA14C38FE.pdf"; VariantName = "[No Variations]"
Change component parameters (AddParameter): Name = "Device"; Value = "XKB7070-Z"; VariantName = "[No Variations]"
Change component parameters (AddParameter): Name = "FootprintName"; Value = "SW-TH_6P-L7.0-W7.0-P2.00"; VariantName = "[No Variations]"
Change component parameters (AddParameter): Name = "Group ID"; Value = ""; VariantName = "[No Variations]"
Change component parameters (AddParameter): Name = "Insulation Resistance"; Value = "100MΩ"; VariantName = "[No Variations]"
Change component parameters (AddParameter): Name = "IP Rating"; Value = "-"; VariantName = "[No Variations]"
Change component parameters (AddParameter): Name = "JLCPCB Part Class"; Value = "扩展库"; VariantName = "[No Variations]"
Change component parameters (AddParameter): Name = "LCSC Part Name"; Value = "按键开关   7*7插件自锁 蓝白黑"; VariantName = "[No Variations]"
Change component parameters (AddParameter): Name = "Manufacturer"; Value = "XKB Connectivity(中国星坤)"; VariantName = "[No Variations]"
Change component parameters (AddParameter): Name = "ManufacturerPart"; Value = "XKB7070-Z"; VariantName = "[No Variations]"
Change component parameters (AddParameter): Name = "Mechanical Life"; Value = "10万次"; VariantName = "[No Variations]"
Change component parameters (AddParameter): Name = "ModelId"; Value = "65f5674ceb7247f197b01bc7adea0d8f"; VariantName = "[No Variations]"
Change component parameters (AddParameter): Name = "ModelName"; Value = "SW-TH_6P-L7.0-W7.0-P2.00"; VariantName = "[No Variations]"
Change component parameters (AddParameter): Name = "ModelTransform"; Value = "275.59,275.629,0,0,0,0,0,0,-137.795"; VariantName = "[No Variations]"
Change component parameters (AddParameter): Name = "Mounting Style"; Value = "直插"; VariantName = "[No Variations]"
Change component parameters (AddParameter): Name = "Operating Force"; Value = "160gf"; VariantName = "[No Variations]"
Change component parameters (AddParameter): Name = "Operating Temperature"; Value = "-15℃~+55℃"; VariantName = "[No Variations]"
Change component parameters (AddParameter): Name = "Pin Style"; Value = "PC引脚"; VariantName = "[No Variations]"
Change component parameters (AddParameter): Name = "Reuse Block"; Value = ""; VariantName = "[No Variations]"
Change component parameters (AddParameter): Name = "Self Lock / No Lock"; Value = "自锁"; VariantName = "[No Variations]"
Change component parameters (AddParameter): Name = "Supplier"; Value = "LCSC"; VariantName = "[No Variations]"
Change component parameters (AddParameter): Name = "Supplier Footprint"; Value = "插件"; VariantName = "[No Variations]"
Change component parameters (AddParameter): Name = "SupplierPart"; Value = "C318863"; VariantName = "[No Variations]"
Change component parameters (AddParameter): Name = "Symbol"; Value = "XKB7070-Z"; VariantName = "[No Variations]"
Change component parameters (AddParameter): Name = "Voltage Rating (AC)"; Value = "250V"; VariantName = "[No Variations]"
Change component parameters (AddParameter): Name = "Voltage Rating (DC)"; Value = "30V"; VariantName = "[No Variations]"
Change component parameters (AddParameter): Name = "With Lamp"; Value = "不带"; VariantName = "[No Variations]"
